{
"type": "FeatureCollection",
"name": "forest_loss",
"crs": { "type": "name", "properties": { "name": "urn:ogc:def:crs:OGC:1.3:CRS84" } },
"xy_coordinate_resolution": 0.0001,
"features": [
{ "type": "Feature", "properties": { "to": "Urban or built-up area", "kh": "តំបន់ទីក្រុង", "ha": 4449 }, "geometry": { "type": "Polygon", "coordinates": [ [ [ 102.9917, 11.5674 ], [ 102.9881, 11.5677 ], [ 102.9901, 11.5688 ], [ 102.9858, 11.5751 ], [ 102.9919, 11.5726 ], [ 102.9933, 11.5675 ], [ 102.9955, 11.5702 ], [ 102.9968, 11.5699 ], [ 102.9969, 11.5675 ], [ 102.9947, 11.5683 ], [ 102.9953, 11.5612 ], [ 102.9917, 11.5674 ] ] ] } },
{ "type": "Feature", "properties": { "to": "Urban or built-up area", "kh": "តំបន់ទីក្រុង", "ha": 4449 }, "geometry": { "type": "Polygon", "coordinates": [ [ [ 102.947, 11.6348 ], [ 102.9471, 11.6261 ], [ 102.9398, 11.6354 ], [ 102.9314, 11.6386 ], [ 102.932, 11.6423 ], [ 102.947, 11.6348 ] ] ] } },
{ "type": "Feature", "properties": { "to": "Urban or built-up area", "kh": "តំបន់ទីក្រុង", "ha": 4449 }, "geometry": { "type": "Polygon", "coordinates": [ [ [ 103.0252, 11.6056 ], [ 103.0236, 11.6067 ], [ 103.0363, 11.6061 ], [ 103.036, 11.6077 ], [ 103.0376, 11.6056 ], [ 103.0384, 11.6075 ], [ 103.0406, 11.6061 ], [ 103.0433, 11.6088 ], [ 103.0454, 11.608 ], [ 103.0422, 11.6037 ], [ 103.0341, 11.6056 ], [ 103.0206, 11.6034 ], [ 103.0188, 11.6053 ], [ 103.0252, 11.6056 ] ] ] } },
{ "type": "Feature", "properties": { "to": "Urban or built-up area", "kh": "តំបន់ទីក្រុង", "ha": 4449 }, "geometry": { "type": "Polygon", "coordinates": [ [ [ 103.1483, 10.8889 ], [ 103.153, 10.8898 ], [ 103.1513, 10.8943 ], [ 103.1543, 10.8944 ], [ 103.1531, 10.8892 ], [ 103.1555, 10.8851 ], [ 103.153, 10.8887 ], [ 103.1456, 10.8873 ], [ 103.1411, 10.8975 ], [ 103.1442, 10.8965 ], [ 103.1483, 10.8889 ] ] ] } },
{ "type": "Feature", "properties": { "to": "Urban or built-up area", "kh": "តំបន់ទីក្រុង", "ha": 4449 }, "geometry": { "type": "Polygon", "coordinates": [ [ [ 103.1018, 10.9401 ], [ 103.1094, 10.947 ], [ 103.1077, 10.9533 ], [ 103.1099, 10.9527 ], [ 103.1101, 10.9475 ], [ 103.1169, 10.9459 ], [ 103.1115, 10.944 ], [ 103.1108, 10.9459 ], [ 103.1036, 10.9396 ], [ 103.1047, 10.9358 ], [ 103.1085, 10.9348 ], [ 103.1104, 10.9437 ], [ 103.1151, 10.9343 ], [ 103.1094, 10.9334 ], [ 103.1041, 10.9355 ], [ 103.103, 10.9404 ], [ 103.0964, 10.9381 ], [ 103.0971, 10.9404 ], [ 103.1018, 10.9401 ] ] ] } },
{ "type": "Feature", "properties": { "to": "Urban or built-up area", "kh": "តំបន់ទីក្រុង", "ha": 4449 }, "geometry": { "type": "Polygon", "coordinates": [ [ [ 103.1295, 11.2221 ], [ 103.1449, 11.223 ], [ 103.1473, 11.2197 ], [ 103.1281, 11.2203 ], [ 103.127, 11.2172 ], [ 103.1254, 11.2207 ], [ 103.1296, 11.2229 ], [ 103.1281, 11.2267 ], [ 103.1303, 11.2256 ], [ 103.1295, 11.2221 ] ] ] } },
{ "type": "Feature", "properties": { "to": "Urban or built-up area", "kh": "តំបន់ទីក្រុង", "ha": 4449 }, "geometry": { "type": "Polygon", "coordinates": [ [ [ 103.1221, 11.5686 ], [ 103.1221, 11.5665 ], [ 103.1091, 11.567 ], [ 103.1034, 11.5702 ], [ 103.1236, 11.5694 ], [ 103.1275, 11.5613 ], [ 103.1221, 11.5686 ] ] ] } },
{ "type": "Feature", "properties": { "to": "Urban or built-up area", "kh": "តំបន់ទីក្រុង", "ha": 4449 }, "geometry": { "type": "Polygon", "coordinates": [ [ [ 103.1353, 11.5754 ], [ 103.1417, 11.5745 ], [ 103.1471, 11.5791 ], [ 103.1555, 11.5799 ], [ 103.1593, 11.5778 ], [ 103.1471, 11.5786 ], [ 103.1458, 11.5743 ], [ 103.1361, 11.5743 ], [ 103.1337, 11.5716 ], [ 103.1345, 11.5681 ], [ 103.1323, 11.5678 ], [ 103.1328, 11.5713 ], [ 103.1353, 11.5754 ] ] ] } },
{ "type": "Feature", "properties": { "to": "Urban or built-up area", "kh": "តំបន់ទីក្រុង", "ha": 4449 }, "geometry": { "type": "Polygon", "coordinates": [ [ [ 103.2137, 10.9668 ], [ 103.2143, 10.971 ], [ 103.214, 10.9601 ], [ 103.2097, 10.9759 ], [ 103.21, 10.9845 ], [ 103.1958, 10.9845 ], [ 103.1928, 10.9816 ], [ 103.193, 10.9838 ], [ 103.1889, 10.9852 ], [ 103.1905, 10.9879 ], [ 103.1859, 10.9886 ], [ 103.1941, 10.9895 ], [ 103.1958, 10.9857 ], [ 103.1988, 10.9857 ], [ 103.1984, 10.9877 ], [ 103.2095, 10.9864 ], [ 103.2062, 10.9875 ], [ 103.2089, 10.9888 ], [ 103.206, 10.9913 ], [ 103.201, 10.9909 ], [ 103.2078, 10.9937 ], [ 103.2111, 10.991 ], [ 103.2103, 10.9872 ], [ 103.2213, 10.9902 ], [ 103.2176, 10.9937 ], [ 103.2176, 11.0027 ], [ 103.2141, 11.0026 ], [ 103.2138, 10.9999 ], [ 103.212, 11.0015 ], [ 103.2149, 11.0054 ], [ 103.2145, 11.0216 ], [ 103.2151, 11.0143 ], [ 103.217, 11.0138 ], [ 103.2162, 11.0055 ], [ 103.2215, 11.0002 ], [ 103.2193, 10.9948 ], [ 103.2243, 10.9883 ], [ 103.2301, 10.9881 ], [ 103.2331, 10.9846 ], [ 103.2364, 10.9746 ], [ 103.2334, 10.975 ], [ 103.2295, 10.9843 ], [ 103.2266, 10.9811 ], [ 103.2237, 10.9864 ], [ 103.2205, 10.9861 ], [ 103.2214, 10.9897 ], [ 103.2189, 10.9886 ], [ 103.2195, 10.9819 ], [ 103.2185, 10.988 ], [ 103.2135, 10.9869 ], [ 103.2132, 10.9837 ], [ 103.2105, 10.9856 ], [ 103.2126, 10.9755 ], [ 103.2142, 10.9747 ], [ 103.2137, 10.9793 ], [ 103.2156, 10.9796 ], [ 103.2169, 10.9759 ], [ 103.2211, 10.9745 ], [ 103.2167, 10.9753 ], [ 103.2158, 10.972 ], [ 103.2128, 10.9733 ], [ 103.2137, 10.9668 ] ] ] } },
{ "type": "Feature", "properties": { "to": "Urban or built-up area", "kh": "តំបន់ទីក្រុង", "ha": 4449 }, "geometry": { "type": "Polygon", "coordinates": [ [ [ 103.2629, 11.2271 ], [ 103.2721, 11.2211 ], [ 103.2737, 11.223 ], [ 103.2753, 11.22 ], [ 103.261, 11.2227 ], [ 103.2637, 11.2254 ], [ 103.2599, 11.2238 ], [ 103.2578, 11.226 ], [ 103.2456, 11.2265 ], [ 103.2629, 11.2271 ] ] ] } },
{ "type": "Feature", "properties": { "to": "Urban or built-up area", "kh": "តំបន់ទីក្រុង", "ha": 4449 }, "geometry": { "type": "Polygon", "coordinates": [ [ [ 103.2518, 11.3852 ], [ 103.2554, 11.382 ], [ 103.2573, 11.3875 ], [ 103.2588, 11.3869 ], [ 103.2583, 11.3806 ], [ 103.2557, 11.3808 ], [ 103.2644, 11.3745 ], [ 103.2588, 11.3734 ], [ 103.2601, 11.3754 ], [ 103.2532, 11.3815 ], [ 103.2533, 11.3686 ], [ 103.2497, 11.373 ], [ 103.2516, 11.3795 ], [ 103.248, 11.38 ], [ 103.2497, 11.3808 ], [ 103.2481, 11.3836 ], [ 103.2513, 11.3844 ], [ 103.2502, 11.3889 ], [ 103.248, 11.3887 ], [ 103.2496, 11.3947 ], [ 103.2532, 11.3889 ], [ 103.2518, 11.3852 ] ] ] } },
{ "type": "Feature", "properties": { "to": "Urban or built-up area", "kh": "តំបន់ទីក្រុង", "ha": 4449 }, "geometry": { "type": "Polygon", "coordinates": [ [ [ 103.2764, 10.9659 ], [ 103.2734, 10.9647 ], [ 103.2753, 10.962 ], [ 103.2728, 10.9609 ], [ 103.2652, 10.9617 ], [ 103.2662, 10.9664 ], [ 103.271, 10.9659 ], [ 103.2711, 10.9639 ], [ 103.2764, 10.9659 ] ] ] } },
{ "type": "Feature", "properties": { "to": "Urban or built-up area", "kh": "តំបន់ទីក្រុង", "ha": 4449 }, "geometry": { "type": "Polygon", "coordinates": [ [ [ 103.4455, 11.1699 ], [ 103.4421, 11.174 ], [ 103.4399, 11.1731 ], [ 103.4423, 11.1806 ], [ 103.4447, 11.1801 ], [ 103.4451, 11.1718 ], [ 103.4505, 11.1732 ], [ 103.4455, 11.1699 ] ] ] } },
{ "type": "Feature", "properties": { "to": "Urban or built-up area", "kh": "តំបន់ទីក្រុង", "ha": 4449 }, "geometry": { "type": "Polygon", "coordinates": [ [ [ 103.5464, 11.1946 ], [ 103.5447, 11.1926 ], [ 103.5458, 11.1946 ], [ 103.5401, 11.1944 ], [ 103.5423, 11.1972 ], [ 103.5384, 11.1989 ], [ 103.5408, 11.1987 ], [ 103.5401, 11.2017 ], [ 103.5443, 11.1976 ], [ 103.5461, 11.1996 ], [ 103.5455, 11.1968 ], [ 103.5483, 11.1973 ], [ 103.5483, 11.1946 ], [ 103.5518, 11.199 ], [ 103.554, 11.1944 ], [ 103.5545, 11.2003 ], [ 103.5548, 11.1958 ], [ 103.5578, 11.1952 ], [ 103.5561, 11.1913 ], [ 103.5464, 11.1946 ] ] ] } },
{ "type": "Feature", "properties": { "to": "Urban or built-up area", "kh": "តំបន់ទីក្រុង", "ha": 4449 }, "geometry": { "type": "Polygon", "coordinates": [ [ [ 103.5279, 11.336 ], [ 103.5297, 11.3437 ], [ 103.5332, 11.3464 ], [ 103.5352, 11.3426 ], [ 103.5327, 11.338 ], [ 103.5338, 11.3347 ], [ 103.5297, 11.3298 ], [ 103.5271, 11.3333 ], [ 103.522, 11.3309 ], [ 103.5279, 11.336 ] ] ] } },
{ "type": "Feature", "properties": { "to": "Urban or built-up area", "kh": "តំបន់ទីក្រុង", "ha": 4449 }, "geometry": { "type": "Polygon", "coordinates": [ [ [ 103.4696, 11.6677 ], [ 103.4663, 11.6775 ], [ 103.4627, 11.6802 ], [ 103.4484, 11.6801 ], [ 103.4564, 11.6807 ], [ 103.4577, 11.6834 ], [ 103.4619, 11.6807 ], [ 103.4646, 11.6829 ], [ 103.4665, 11.6818 ], [ 103.4649, 11.6791 ], [ 103.4657, 11.6791 ], [ 103.4688, 11.674 ], [ 103.4696, 11.6677 ] ] ] } },
{ "type": "Feature", "properties": { "to": "Urban or built-up area", "kh": "តំបន់ទីក្រុង", "ha": 4449 }, "geometry": { "type": "Polygon", "coordinates": [ [ [ 103.6795, 11.0392 ], [ 103.6789, 11.0317 ], [ 103.674, 11.0313 ], [ 103.6743, 11.0279 ], [ 103.6705, 11.0277 ], [ 103.6702, 11.0259 ], [ 103.6738, 11.0274 ], [ 103.6751, 11.025 ], [ 103.6711, 11.025 ], [ 103.6713, 11.0213 ], [ 103.6688, 11.021 ], [ 103.6686, 11.0177 ], [ 103.6669, 11.018 ], [ 103.6683, 11.0183 ], [ 103.6681, 11.0245 ], [ 103.6661, 11.0218 ], [ 103.6657, 11.025 ], [ 103.6795, 11.0392 ] ] ] } },
{ "type": "Feature", "properties": { "to": "Urban or built-up area", "kh": "តំបន់ទីក្រុង", "ha": 4449 }, "geometry": { "type": "Polygon", "coordinates": [ [ [ 103.702, 11.0428 ], [ 103.6989, 11.0428 ], [ 103.6992, 11.04 ], [ 103.6964, 11.0422 ], [ 103.6962, 11.0487 ], [ 103.6929, 11.0484 ], [ 103.6929, 11.045 ], [ 103.689, 11.0466 ], [ 103.6871, 11.0433 ], [ 103.6884, 11.0476 ], [ 103.6852, 11.0466 ], [ 103.6803, 11.0514 ], [ 103.6893, 11.0487 ], [ 103.6931, 11.0536 ], [ 103.6967, 11.0541 ], [ 103.702, 11.0428 ] ] ] } },
{ "type": "Feature", "properties": { "to": "Urban or built-up area", "kh": "តំបន់ទីក្រុង", "ha": 4449 }, "geometry": { "type": "Polygon", "coordinates": [ [ [ 103.6363, 11.1027 ], [ 103.6325, 11.1019 ], [ 103.632, 11.0981 ], [ 103.627, 11.0957 ], [ 103.6309, 11.1021 ], [ 103.6368, 11.1048 ], [ 103.6395, 11.117 ], [ 103.6388, 11.1066 ], [ 103.6363, 11.1027 ] ] ] } },
{ "type": "Feature", "properties": { "to": "Urban or built-up area", "kh": "តំបន់ទីក្រុង", "ha": 4449 }, "geometry": { "type": "Polygon", "coordinates": [ [ [ 103.7409, 11.0625 ], [ 103.7393, 11.0644 ], [ 103.7467, 11.0635 ], [ 103.745, 11.0609 ], [ 103.7426, 11.0622 ], [ 103.7426, 11.059 ], [ 103.7415, 11.0614 ], [ 103.7391, 11.06 ], [ 103.7402, 11.0579 ], [ 103.7377, 11.0592 ], [ 103.7364, 11.0557 ], [ 103.7304, 11.0547 ], [ 103.728, 11.0476 ], [ 103.7261, 11.0498 ], [ 103.7234, 11.0482 ], [ 103.7272, 11.0549 ], [ 103.7205, 11.0479 ], [ 103.7143, 11.0502 ], [ 103.7161, 11.0417 ], [ 103.7113, 11.0422 ], [ 103.714, 11.0433 ], [ 103.7121, 11.0474 ], [ 103.708, 11.0461 ], [ 103.7028, 11.0485 ], [ 103.7143, 11.0515 ], [ 103.7201, 11.0494 ], [ 103.7272, 11.0555 ], [ 103.7245, 11.0563 ], [ 103.725, 11.0584 ], [ 103.7334, 11.0595 ], [ 103.7337, 11.0627 ], [ 103.7409, 11.0625 ] ] ] } },
{ "type": "Feature", "properties": { "to": "Urban or built-up area", "kh": "តំបន់ទីក្រុង", "ha": 4449 }, "geometry": { "type": "Polygon", "coordinates": [ [ [ 103.7598, 11.0598 ], [ 103.7588, 11.0544 ], [ 103.7604, 11.0592 ], [ 103.7631, 11.0573 ], [ 103.7625, 11.0544 ], [ 103.759, 11.0541 ], [ 103.7615, 11.0536 ], [ 103.7623, 11.0498 ], [ 103.7599, 11.0479 ], [ 103.7607, 11.0522 ], [ 103.7577, 11.0533 ], [ 103.7562, 11.059 ], [ 103.7582, 11.063 ], [ 103.7623, 11.0607 ], [ 103.7598, 11.0598 ] ] ] } },
{ "type": "Feature", "properties": { "to": "Urban or built-up area", "kh": "តំបន់ទីក្រុង", "ha": 4449 }, "geometry": { "type": "Polygon", "coordinates": [ [ [ 103.8238, 11.0604 ], [ 103.823, 11.058 ], [ 103.8164, 11.056 ], [ 103.815, 11.0701 ], [ 103.8173, 11.07 ], [ 103.8176, 11.0658 ], [ 103.8263, 11.0664 ], [ 103.826, 11.0642 ], [ 103.8214, 11.0644 ], [ 103.8225, 11.0591 ], [ 103.8238, 11.0604 ] ] ] } },
{ "type": "Feature", "properties": { "to": "Urban or built-up area", "kh": "តំបន់ទីក្រុង", "ha": 4449 }, "geometry": { "type": "Polygon", "coordinates": [ [ [ 103.7731, 11.1153 ], [ 103.7715, 11.1283 ], [ 103.7752, 11.1215 ], [ 103.7777, 11.0958 ], [ 103.7731, 11.1153 ] ] ] } },
{ "type": "Feature", "properties": { "to": "Urban or built-up area", "kh": "តំបន់ទីក្រុង", "ha": 4449 }, "geometry": { "type": "Polygon", "coordinates": [ [ [ 103.7755, 11.2165 ], [ 103.7697, 11.2018 ], [ 103.7725, 11.1958 ], [ 103.7705, 11.1923 ], [ 103.7714, 11.1953 ], [ 103.7664, 11.2042 ], [ 103.7755, 11.2165 ] ] ] } },
{ "type": "Feature", "properties": { "to": "Urban or built-up area", "kh": "តំបន់ទីក្រុង", "ha": 4449 }, "geometry": { "type": "Polygon", "coordinates": [ [ [ 103.7814, 11.2341 ], [ 103.7841, 11.2354 ], [ 103.7801, 11.2378 ], [ 103.7771, 11.2457 ], [ 103.7758, 11.2438 ], [ 103.7704, 11.2443 ], [ 103.7706, 11.2462 ], [ 103.7763, 11.2454 ], [ 103.7763, 11.2497 ], [ 103.7733, 11.2484 ], [ 103.7744, 11.2511 ], [ 103.7766, 11.2504 ], [ 103.7742, 11.253 ], [ 103.7763, 11.2523 ], [ 103.7756, 11.2571 ], [ 103.7785, 11.2451 ], [ 103.7812, 11.2451 ], [ 103.782, 11.2405 ], [ 103.7895, 11.2354 ], [ 103.7852, 11.2362 ], [ 103.7781, 11.2254 ], [ 103.7814, 11.2341 ] ] ] } },
{ "type": "Feature", "properties": { "to": "Water", "kh": "ទឹក", "ha": 23097 }, "geometry": { "type": "Polygon", "coordinates": [ [ [ 102.937, 11.5991 ], [ 102.9502, 11.5972 ], [ 102.9494, 11.5999 ], [ 102.9518, 11.5997 ], [ 102.9523, 11.6031 ], [ 102.947, 11.607 ], [ 102.9452, 11.6053 ], [ 102.9421, 11.6112 ], [ 102.9381, 11.6096 ], [ 102.9354, 11.6207 ], [ 102.9382, 11.6213 ], [ 102.9363, 11.6199 ], [ 102.9388, 11.6145 ], [ 102.9405, 11.6161 ], [ 102.9454, 11.6129 ], [ 102.9404, 11.6213 ], [ 102.9446, 11.623 ], [ 102.9463, 11.6195 ], [ 102.9423, 11.6192 ], [ 102.947, 11.6177 ], [ 102.9491, 11.6083 ], [ 102.9499, 11.6102 ], [ 102.9546, 11.6026 ], [ 102.955, 11.5962 ], [ 102.9527, 11.5964 ], [ 102.9579, 11.5949 ], [ 102.9613, 11.591 ], [ 102.9567, 11.594 ], [ 102.9491, 11.5942 ], [ 102.9523, 11.5878 ], [ 102.9459, 11.5856 ], [ 102.9408, 11.5905 ], [ 102.9392, 11.5966 ], [ 102.9403, 11.5918 ], [ 102.9375, 11.5907 ], [ 102.937, 11.5991 ] ] ] } },
{ "type": "Feature", "properties": { "to": "Water", "kh": "ទឹក", "ha": 23097 }, "geometry": { "type": "Polygon", "coordinates": [ [ [ 102.9592, 11.6501 ], [ 102.9591, 11.6439 ], [ 102.9586, 11.6498 ], [ 102.9448, 11.6458 ], [ 102.9486, 11.6496 ], [ 102.9434, 11.6528 ], [ 102.9429, 11.6568 ], [ 102.9356, 11.6547 ], [ 102.9354, 11.6568 ], [ 102.9413, 11.6587 ], [ 102.9421, 11.6571 ], [ 102.9391, 11.6746 ], [ 102.9443, 11.666 ], [ 102.9421, 11.6614 ], [ 102.9456, 11.656 ], [ 102.9445, 11.6536 ], [ 102.9592, 11.6501 ] ] ] } },
{ "type": "Feature", "properties": { "to": "Water", "kh": "ទឹក", "ha": 23097 }, "geometry": { "type": "Polygon", "coordinates": [ [ [ 102.9478, 11.669 ], [ 102.9505, 11.6714 ], [ 102.9475, 11.6784 ], [ 102.955, 11.6798 ], [ 102.9523, 11.6741 ], [ 102.9542, 11.6692 ], [ 102.9478, 11.669 ] ] ] } },
{ "type": "Feature", "properties": { "to": "Water", "kh": "ទឹក", "ha": 23097 }, "geometry": { "type": "Polygon", "coordinates": [ [ [ 102.9715, 11.6817 ], [ 102.9623, 11.6743 ], [ 102.9645, 11.6738 ], [ 102.9645, 11.6671 ], [ 102.9618, 11.6676 ], [ 102.9613, 11.6569 ], [ 102.9609, 11.6753 ], [ 102.975, 11.6919 ], [ 102.9715, 11.6817 ] ] ] } },
{ "type": "Feature", "properties": { "to": "Water", "kh": "ទឹក", "ha": 23097 }, "geometry": { "type": "Polygon", "coordinates": [ [ [ 102.955, 11.6949 ], [ 102.9574, 11.6946 ], [ 102.9561, 11.6992 ], [ 102.954, 11.6976 ], [ 102.9523, 11.7019 ], [ 102.947, 11.6995 ], [ 102.9432, 11.703 ], [ 102.9399, 11.7022 ], [ 102.9424, 11.7043 ], [ 102.9403, 11.7059 ], [ 102.9407, 11.7097 ], [ 102.9383, 11.7105 ], [ 102.9411, 11.71 ], [ 102.9406, 11.7062 ], [ 102.9467, 11.7011 ], [ 102.9499, 11.7027 ], [ 102.9502, 11.7059 ], [ 102.959, 11.7038 ], [ 102.9582, 11.6938 ], [ 102.955, 11.6949 ] ] ] } },
{ "type": "Feature", "properties": { "to": "Water", "kh": "ទឹក", "ha": 23097 }, "geometry": { "type": "Polygon", "coordinates": [ [ [ 102.8957, 11.8195 ], [ 102.9084, 11.8068 ], [ 102.9092, 11.8023 ], [ 102.9124, 11.802 ], [ 102.9078, 11.7961 ], [ 102.9076, 11.8042 ], [ 102.8947, 11.8204 ], [ 102.8935, 11.8303 ], [ 102.8957, 11.8195 ] ] ] } },
{ "type": "Feature", "properties": { "to": "Water", "kh": "ទឹក", "ha": 23097 }, "geometry": { "type": "Polygon", "coordinates": [ [ [ 102.8726, 11.8488 ], [ 102.8728, 11.8551 ], [ 102.8682, 11.8602 ], [ 102.8587, 11.8595 ], [ 102.8525, 11.8839 ], [ 102.8477, 11.8899 ], [ 102.8409, 11.8924 ], [ 102.8411, 11.8961 ], [ 102.8356, 11.8982 ], [ 102.8369, 11.9029 ], [ 102.8431, 11.908 ], [ 102.8428, 11.9137 ], [ 102.8442, 11.9118 ], [ 102.8425, 11.9286 ], [ 102.839, 11.9283 ], [ 102.842, 11.9313 ], [ 102.8459, 11.9148 ], [ 102.8449, 11.9072 ], [ 102.8378, 11.8999 ], [ 102.8525, 11.8861 ], [ 102.8601, 11.8601 ], [ 102.8681, 11.8616 ], [ 102.8689, 11.8664 ], [ 102.8768, 11.8711 ], [ 102.8726, 11.8811 ], [ 102.8726, 11.8854 ], [ 102.8771, 11.8711 ], [ 102.8785, 11.8733 ], [ 102.8905, 11.8802 ], [ 102.8875, 11.8763 ], [ 102.8692, 11.8662 ], [ 102.8687, 11.8611 ], [ 102.8737, 11.8562 ], [ 102.8748, 11.8502 ], [ 102.8663, 11.8427 ], [ 102.8726, 11.8488 ] ] ] } },
{ "type": "Feature", "properties": { "to": "Water", "kh": "ទឹក", "ha": 23097 }, "geometry": { "type": "Polygon", "coordinates": [ [ [ 102.8412, 11.9269 ], [ 102.8323, 11.9226 ], [ 102.8274, 11.931 ], [ 102.8261, 11.9388 ], [ 102.8296, 11.9393 ], [ 102.8284, 11.9442 ], [ 102.8323, 11.9486 ], [ 102.8203, 11.9523 ], [ 102.8096, 11.9649 ], [ 102.8064, 11.9622 ], [ 102.804, 11.9639 ], [ 102.8021, 11.9698 ], [ 102.7967, 11.9725 ], [ 102.7999, 11.9841 ], [ 102.7931, 11.9851 ], [ 102.7926, 11.9822 ], [ 102.7905, 11.9819 ], [ 102.7875, 11.9855 ], [ 102.7872, 11.9892 ], [ 102.7902, 11.993 ], [ 102.7851, 12.0024 ], [ 102.7853, 12.0051 ], [ 102.7889, 12.0065 ], [ 102.7867, 12.0081 ], [ 102.787, 12.0185 ], [ 102.7879, 12.0095 ], [ 102.7987, 12.0031 ], [ 102.8083, 12.0091 ], [ 102.8138, 12.0078 ], [ 102.8144, 12.0056 ], [ 102.821, 12.0041 ], [ 102.8306, 12.0115 ], [ 102.8207, 12.0035 ], [ 102.8144, 12.0051 ], [ 102.808, 12.0086 ], [ 102.802, 12.0028 ], [ 102.7987, 12.0025 ], [ 102.7935, 12.0051 ], [ 102.786, 12.0035 ], [ 102.7911, 11.9938 ], [ 102.7881, 11.9889 ], [ 102.7895, 11.9838 ], [ 102.7921, 11.9828 ], [ 102.7931, 11.9857 ], [ 102.8034, 11.9846 ], [ 102.7984, 11.9724 ], [ 102.8026, 11.9712 ], [ 102.8051, 11.9649 ], [ 102.8092, 11.9671 ], [ 102.821, 11.9528 ], [ 102.8333, 11.9489 ], [ 102.8295, 11.9437 ], [ 102.8339, 11.9432 ], [ 102.8344, 11.9459 ], [ 102.838, 11.9462 ], [ 102.8479, 11.9606 ], [ 102.8538, 11.9618 ], [ 102.8541, 11.9658 ], [ 102.8547, 11.9615 ], [ 102.8481, 11.9601 ], [ 102.8448, 11.9527 ], [ 102.838, 11.9456 ], [ 102.835, 11.9456 ], [ 102.8339, 11.9426 ], [ 102.8298, 11.9423 ], [ 102.8306, 11.9383 ], [ 102.8274, 11.9377 ], [ 102.8318, 11.9245 ], [ 102.839, 11.9283 ], [ 102.8412, 11.9269 ] ] ] } },
{ "type": "Feature", "properties": { "to": "Water", "kh": "ទឹក", "ha": 23097 }, "geometry": { "type": "Polygon", "coordinates": [ [ [ 102.8824, 11.9365 ], [ 102.8585, 11.9341 ], [ 102.8558, 11.9284 ], [ 102.8556, 11.9168 ], [ 102.8534, 11.9143 ], [ 102.8552, 11.9292 ], [ 102.8585, 11.935 ], [ 102.8604, 11.9366 ], [ 102.8827, 11.937 ], [ 102.8909, 11.9444 ], [ 102.8947, 11.942 ], [ 102.8964, 11.9455 ], [ 102.9049, 11.9445 ], [ 102.9085, 11.9497 ], [ 102.9065, 11.9556 ], [ 102.9087, 11.9494 ], [ 102.9052, 11.9437 ], [ 102.8969, 11.945 ], [ 102.8953, 11.9415 ], [ 102.8925, 11.9428 ], [ 102.8824, 11.9365 ] ] ] } },
{ "type": "Feature", "properties": { "to": "Water", "kh": "ទឹក", "ha": 23097 }, "geometry": { "type": "Polygon", "coordinates": [ [ [ 102.9861, 11.5397 ], [ 102.9836, 11.5367 ], [ 102.9886, 11.5368 ], [ 102.9881, 11.5332 ], [ 102.985, 11.5362 ], [ 102.982, 11.534 ], [ 102.9833, 11.5378 ], [ 102.98, 11.537 ], [ 102.9852, 11.5414 ], [ 102.9759, 11.5389 ], [ 102.9734, 11.5356 ], [ 102.9751, 11.5332 ], [ 102.9726, 11.5348 ], [ 102.9718, 11.5322 ], [ 102.9677, 11.5355 ], [ 102.9721, 11.535 ], [ 102.9775, 11.541 ], [ 102.9845, 11.5435 ], [ 102.9947, 11.5363 ], [ 102.9861, 11.5397 ] ] ] } },
{ "type": "Feature", "properties": { "to": "Water", "kh": "ទឹក", "ha": 23097 }, "geometry": { "type": "Polygon", "coordinates": [ [ [ 102.9871, 11.5449 ], [ 102.9804, 11.5449 ], [ 102.9791, 11.5473 ], [ 102.9729, 11.5433 ], [ 102.9734, 11.5457 ], [ 102.9712, 11.546 ], [ 102.9799, 11.5478 ], [ 102.9823, 11.546 ], [ 102.9839, 11.5481 ], [ 102.9929, 11.5447 ], [ 102.9907, 11.5411 ], [ 102.9901, 11.5435 ], [ 102.9858, 11.5435 ], [ 102.9871, 11.5449 ] ] ] } },
{ "type": "Feature", "properties": { "to": "Water", "kh": "ទឹក", "ha": 23097 }, "geometry": { "type": "Polygon", "coordinates": [ [ [ 102.9935, 11.5539 ], [ 102.9876, 11.559 ], [ 102.9904, 11.5551 ], [ 102.9834, 11.5543 ], [ 102.9866, 11.5589 ], [ 102.9826, 11.5586 ], [ 102.9804, 11.5576 ], [ 102.9815, 11.5551 ], [ 102.978, 11.5576 ], [ 102.9772, 11.554 ], [ 102.9747, 11.5538 ], [ 102.968, 11.5589 ], [ 102.9653, 11.5578 ], [ 102.9617, 11.5597 ], [ 102.9685, 11.5484 ], [ 102.9666, 11.5481 ], [ 102.9676, 11.5461 ], [ 102.9598, 11.5537 ], [ 102.9568, 11.5538 ], [ 102.9575, 11.5455 ], [ 102.9594, 11.5444 ], [ 102.959, 11.549 ], [ 102.9624, 11.5419 ], [ 102.9683, 11.5435 ], [ 102.971, 11.5377 ], [ 102.9671, 11.5407 ], [ 102.9626, 11.5352 ], [ 102.9676, 11.5311 ], [ 102.9614, 11.5329 ], [ 102.9566, 11.5393 ], [ 102.9614, 11.5338 ], [ 102.9615, 11.5376 ], [ 102.9559, 11.5406 ], [ 102.9508, 11.5517 ], [ 102.9523, 11.5548 ], [ 102.9548, 11.5545 ], [ 102.9565, 11.5606 ], [ 102.9586, 11.5623 ], [ 102.9573, 11.5597 ], [ 102.9595, 11.5599 ], [ 102.9617, 11.5635 ], [ 102.9623, 11.5608 ], [ 102.9697, 11.56 ], [ 102.9716, 11.557 ], [ 102.9833, 11.5595 ], [ 102.9904, 11.5597 ], [ 102.9935, 11.5539 ] ] ] } },
{ "type": "Feature", "properties": { "to": "Water", "kh": "ទឹក", "ha": 23097 }, "geometry": { "type": "Polygon", "coordinates": [ [ [ 102.9828, 11.5619 ], [ 102.9702, 11.5705 ], [ 102.971, 11.5686 ], [ 102.9686, 11.5716 ], [ 102.9684, 11.5748 ], [ 102.9761, 11.5932 ], [ 102.9742, 11.5872 ], [ 102.9758, 11.584 ], [ 102.9737, 11.5829 ], [ 102.9723, 11.5779 ], [ 102.975, 11.5781 ], [ 102.9739, 11.5817 ], [ 102.9776, 11.5749 ], [ 102.9791, 11.5802 ], [ 102.9812, 11.5786 ], [ 102.9788, 11.5743 ], [ 102.9729, 11.5767 ], [ 102.9742, 11.5716 ], [ 102.972, 11.5743 ], [ 102.9704, 11.5719 ], [ 102.9729, 11.5719 ], [ 102.9828, 11.5619 ] ] ] } },
{ "type": "Feature", "properties": { "to": "Water", "kh": "ទឹក", "ha": 23097 }, "geometry": { "type": "Polygon", "coordinates": [ [ [ 102.9812, 11.6614 ], [ 102.9823, 11.6666 ], [ 102.9761, 11.6633 ], [ 102.9758, 11.6698 ], [ 102.9766, 11.6644 ], [ 102.9815, 11.6676 ], [ 102.9846, 11.6674 ], [ 102.9836, 11.6593 ], [ 102.9907, 11.6645 ], [ 102.9915, 11.6604 ], [ 102.9882, 11.6607 ], [ 102.9855, 11.6536 ], [ 102.9812, 11.6614 ] ] ] } },
{ "type": "Feature", "properties": { "to": "Water", "kh": "ទឹក", "ha": 23097 }, "geometry": { "type": "Polygon", "coordinates": [ [ [ 102.9674, 11.794 ], [ 102.9726, 11.8046 ], [ 102.9698, 11.8078 ], [ 102.9756, 11.8097 ], [ 102.9766, 11.8141 ], [ 102.9786, 11.8141 ], [ 102.9759, 11.8092 ], [ 102.9704, 11.8078 ], [ 102.9731, 11.8046 ], [ 102.9688, 11.7931 ], [ 102.9716, 11.7907 ], [ 102.9725, 11.785 ], [ 102.9785, 11.7878 ], [ 102.9777, 11.7843 ], [ 102.9835, 11.7821 ], [ 102.978, 11.7835 ], [ 102.9752, 11.7861 ], [ 102.9714, 11.7837 ], [ 102.9713, 11.7902 ], [ 102.9674, 11.794 ] ] ] } },
{ "type": "Feature", "properties": { "to": "Water", "kh": "ទឹក", "ha": 23097 }, "geometry": { "type": "Polygon", "coordinates": [ [ [ 103.0178, 11.4453 ], [ 103.014, 11.4513 ], [ 103.0168, 11.4518 ], [ 103.019, 11.4432 ], [ 103.0176, 11.4407 ], [ 103.0195, 11.4421 ], [ 103.0192, 11.4453 ], [ 103.0214, 11.4456 ], [ 103.0214, 11.4421 ], [ 103.0139, 11.4356 ], [ 103.0166, 11.4321 ], [ 103.0125, 11.4312 ], [ 103.0148, 11.4404 ], [ 103.0178, 11.4453 ] ] ] } },
{ "type": "Feature", "properties": { "to": "Water", "kh": "ទឹក", "ha": 23097 }, "geometry": { "type": "Polygon", "coordinates": [ [ [ 103.0209, 11.4542 ], [ 103.0257, 11.4553 ], [ 103.0257, 11.4459 ], [ 103.0236, 11.4442 ], [ 103.0301, 11.4456 ], [ 103.0274, 11.4467 ], [ 103.0306, 11.4499 ], [ 103.0325, 11.4448 ], [ 103.0257, 11.4413 ], [ 103.0238, 11.4437 ], [ 103.0222, 11.4367 ], [ 103.019, 11.4343 ], [ 103.0179, 11.4361 ], [ 103.022, 11.4415 ], [ 103.0209, 11.4542 ] ] ] } },
{ "type": "Feature", "properties": { "to": "Water", "kh": "ទឹក", "ha": 23097 }, "geometry": { "type": "Polygon", "coordinates": [ [ [ 103.0102, 11.5285 ], [ 102.9996, 11.5241 ], [ 102.9994, 11.5165 ], [ 103.0068, 11.5155 ], [ 103.0122, 11.5228 ], [ 103.0109, 11.5246 ], [ 103.009, 11.5222 ], [ 103.0104, 11.5252 ], [ 103.012, 11.5254 ], [ 103.0103, 11.5284 ], [ 103.0125, 11.5276 ], [ 103.0133, 11.5219 ], [ 103.0095, 11.5144 ], [ 103.0128, 11.5101 ], [ 103.0087, 11.5114 ], [ 103.0085, 11.5171 ], [ 103.0044, 11.509 ], [ 102.9997, 11.5111 ], [ 103.0039, 11.5109 ], [ 103.0044, 11.5138 ], [ 102.9993, 11.5149 ], [ 102.9977, 11.5244 ], [ 102.9922, 11.5206 ], [ 102.9931, 11.5121 ], [ 102.9914, 11.5206 ], [ 102.985, 11.5118 ], [ 102.9858, 11.5162 ], [ 102.9943, 11.5249 ], [ 102.9995, 11.5249 ], [ 103.009, 11.5301 ], [ 103.0102, 11.5285 ] ] ] } },
{ "type": "Feature", "properties": { "to": "Water", "kh": "ទឹក", "ha": 23097 }, "geometry": { "type": "Polygon", "coordinates": [ [ [ 103.0325, 11.5265 ], [ 103.0309, 11.5271 ], [ 103.0292, 11.5213 ], [ 103.0268, 11.5227 ], [ 103.0282, 11.5276 ], [ 103.0258, 11.5232 ], [ 103.0303, 11.5325 ], [ 103.0325, 11.5265 ] ] ] } },
{ "type": "Feature", "properties": { "to": "Water", "kh": "ទឹក", "ha": 23097 }, "geometry": { "type": "Polygon", "coordinates": [ [ [ 103.0151, 11.5508 ], [ 103.0164, 11.5477 ], [ 103.0082, 11.5433 ], [ 103.0019, 11.5496 ], [ 103.0075, 11.545 ], [ 103.0116, 11.5464 ], [ 103.0107, 11.5527 ], [ 103.0077, 11.5538 ], [ 103.0082, 11.5578 ], [ 103.0039, 11.5581 ], [ 103.0055, 11.5621 ], [ 103.0079, 11.5608 ], [ 103.006, 11.5616 ], [ 103.0052, 11.5584 ], [ 103.0085, 11.5586 ], [ 103.0082, 11.5546 ], [ 103.012, 11.5535 ], [ 103.0112, 11.5513 ], [ 103.0143, 11.553 ], [ 103.009, 11.5554 ], [ 103.0099, 11.5578 ], [ 103.0074, 11.5602 ], [ 103.0143, 11.5543 ], [ 103.0147, 11.5511 ], [ 103.0121, 11.5467 ], [ 103.0151, 11.5508 ] ] ] } },
{ "type": "Feature", "properties": { "to": "Water", "kh": "ទឹក", "ha": 23097 }, "geometry": { "type": "Polygon", "coordinates": [ [ [ 103.0035, 11.5621 ], [ 103.0, 11.5556 ], [ 103.0108, 11.5478 ], [ 102.9989, 11.5539 ], [ 102.9983, 11.5591 ], [ 103.0023, 11.5624 ], [ 103.0012, 11.5675 ], [ 102.9968, 11.5707 ], [ 102.9925, 11.5688 ], [ 102.9905, 11.5745 ], [ 102.9924, 11.5731 ], [ 102.9941, 11.5759 ], [ 102.9952, 11.574 ], [ 102.993, 11.5696 ], [ 103.0012, 11.572 ], [ 103.0035, 11.5621 ] ] ] } },
{ "type": "Feature", "properties": { "to": "Water", "kh": "ទឹក", "ha": 23097 }, "geometry": { "type": "Polygon", "coordinates": [ [ [ 103.0166, 11.621 ], [ 103.0122, 11.6205 ], [ 103.0077, 11.6227 ], [ 103.0058, 11.6255 ], [ 103.0024, 11.6198 ], [ 103.0033, 11.6264 ], [ 103.0055, 11.6284 ], [ 103.009, 11.6277 ], [ 103.0097, 11.6321 ], [ 103.0048, 11.6398 ], [ 103.0114, 11.6344 ], [ 103.0206, 11.6377 ], [ 103.0168, 11.6334 ], [ 103.0104, 11.6326 ], [ 103.0095, 11.6261 ], [ 103.0072, 11.628 ], [ 103.0109, 11.6215 ], [ 103.0203, 11.6274 ], [ 103.0292, 11.6245 ], [ 103.043, 11.6366 ], [ 103.0508, 11.6364 ], [ 103.0431, 11.635 ], [ 103.0352, 11.6255 ], [ 103.0301, 11.6234 ], [ 103.0152, 11.6228 ], [ 103.0166, 11.621 ] ] ] } },
{ "type": "Feature", "properties": { "to": "Water", "kh": "ទឹក", "ha": 23097 }, "geometry": { "type": "Polygon", "coordinates": [ [ [ 102.9996, 11.6309 ], [ 103.0001, 11.6334 ], [ 102.9931, 11.6371 ], [ 102.9917, 11.6358 ], [ 102.9915, 11.6379 ], [ 103.001, 11.6352 ], [ 103.0035, 11.6383 ], [ 103.0053, 11.6288 ], [ 102.9996, 11.6309 ] ] ] } },
{ "type": "Feature", "properties": { "to": "Water", "kh": "ទឹក", "ha": 23097 }, "geometry": { "type": "Polygon", "coordinates": [ [ [ 103.0778, 11.7383 ], [ 103.0775, 11.7527 ], [ 103.068, 11.7458 ], [ 103.0636, 11.7455 ], [ 103.0578, 11.7669 ], [ 103.0408, 11.7665 ], [ 103.0386, 11.7679 ], [ 103.057, 11.7677 ], [ 103.0497, 11.7764 ], [ 103.0497, 11.7882 ], [ 103.0403, 11.7988 ], [ 103.0336, 11.8106 ], [ 103.0241, 11.8152 ], [ 103.0238, 11.8184 ], [ 103.0272, 11.8199 ], [ 103.0252, 11.8249 ], [ 103.0168, 11.8287 ], [ 103.0181, 11.8325 ], [ 103.0225, 11.8363 ], [ 103.019, 11.8371 ], [ 103.0206, 11.8429 ], [ 103.0163, 11.8452 ], [ 103.0166, 11.8508 ], [ 103.0127, 11.8537 ], [ 103.0133, 11.8637 ], [ 103.0101, 11.8656 ], [ 103.0133, 11.8692 ], [ 103.0106, 11.8711 ], [ 103.0128, 11.8753 ], [ 103.009, 11.8762 ], [ 103.0094, 11.8851 ], [ 103.0058, 11.8859 ], [ 103.0052, 11.8889 ], [ 103.0009, 11.8877 ], [ 102.9939, 11.8902 ], [ 102.9955, 11.8964 ], [ 102.9894, 11.8968 ], [ 102.9888, 11.9012 ], [ 102.9826, 11.9002 ], [ 102.9752, 11.9019 ], [ 102.9677, 11.8991 ], [ 102.9596, 11.9088 ], [ 102.961, 11.9137 ], [ 102.9537, 11.9188 ], [ 102.9567, 11.9262 ], [ 102.9559, 11.932 ], [ 102.9636, 11.9414 ], [ 102.9634, 11.9517 ], [ 102.9537, 11.9517 ], [ 102.9488, 11.9558 ], [ 102.9491, 11.9584 ], [ 102.9414, 11.9616 ], [ 102.9399, 11.9652 ], [ 102.9437, 11.9676 ], [ 102.9437, 11.9738 ], [ 102.9421, 11.9762 ], [ 102.9418, 11.9822 ], [ 102.9394, 11.9828 ], [ 102.9424, 11.9852 ], [ 102.942, 11.9892 ], [ 102.9381, 11.9933 ], [ 102.9423, 11.9903 ], [ 102.9434, 11.9855 ], [ 102.9444, 11.9665 ], [ 102.9408, 11.9654 ], [ 102.9417, 11.9622 ], [ 102.9494, 11.959 ], [ 102.9539, 11.9525 ], [ 102.9643, 11.9523 ], [ 102.9644, 11.9406 ], [ 102.9568, 11.9316 ], [ 102.9571, 11.9251 ], [ 102.9547, 11.9191 ], [ 102.9613, 11.9143 ], [ 102.9605, 11.9088 ], [ 102.968, 11.9 ], [ 102.9702, 11.9021 ], [ 102.9885, 11.9024 ], [ 102.9907, 11.897 ], [ 102.9961, 11.8969 ], [ 102.9962, 11.8908 ], [ 103.0012, 11.8889 ], [ 103.0066, 11.8908 ], [ 103.0061, 11.8864 ], [ 103.0092, 11.8859 ], [ 103.0108, 11.8843 ], [ 103.0098, 11.8761 ], [ 103.0136, 11.8765 ], [ 103.0136, 11.8543 ], [ 103.0174, 11.8515 ], [ 103.0172, 11.8454 ], [ 103.022, 11.8427 ], [ 103.0236, 11.8356 ], [ 103.0189, 11.8325 ], [ 103.0187, 11.8282 ], [ 103.0244, 11.826 ], [ 103.0277, 11.8353 ], [ 103.0333, 11.8381 ], [ 103.033, 11.8424 ], [ 103.0282, 11.8457 ], [ 103.033, 11.8516 ], [ 103.0298, 11.8573 ], [ 103.0322, 11.8692 ], [ 103.0301, 11.8716 ], [ 103.0236, 11.8694 ], [ 103.0255, 11.8724 ], [ 103.0214, 11.8705 ], [ 103.0271, 11.8738 ], [ 103.0295, 11.8789 ], [ 103.0349, 11.8789 ], [ 103.039, 11.8881 ], [ 103.0377, 11.8912 ], [ 103.0301, 11.8916 ], [ 103.0325, 11.8991 ], [ 103.0279, 11.8964 ], [ 103.0242, 11.8977 ], [ 103.0275, 11.905 ], [ 103.0225, 11.9072 ], [ 103.0214, 11.9098 ], [ 103.0287, 11.911 ], [ 103.0317, 11.9207 ], [ 103.0171, 11.9372 ], [ 103.023, 11.9401 ], [ 103.0253, 11.9443 ], [ 103.0317, 11.9433 ], [ 103.0284, 11.9455 ], [ 103.029, 11.9501 ], [ 103.0365, 11.955 ], [ 103.0268, 11.9587 ], [ 103.0252, 11.9647 ], [ 103.0165, 11.9679 ], [ 103.0249, 11.9658 ], [ 103.0276, 11.9595 ], [ 103.0376, 11.9558 ], [ 103.0297, 11.9495 ], [ 103.0327, 11.9441 ], [ 103.0319, 11.9423 ], [ 103.0253, 11.9434 ], [ 103.0228, 11.9386 ], [ 103.019, 11.9365 ], [ 103.022, 11.9374 ], [ 103.022, 11.9339 ], [ 103.0281, 11.9266 ], [ 103.0317, 11.9261 ], [ 103.0309, 11.9245 ], [ 103.0322, 11.9216 ], [ 103.0314, 11.9134 ], [ 103.0392, 11.9148 ], [ 103.0271, 11.9099 ], [ 103.0309, 11.9094 ], [ 103.0311, 11.9115 ], [ 103.0311, 11.9088 ], [ 103.0225, 11.9096 ], [ 103.028, 11.905 ], [ 103.025, 11.8979 ], [ 103.0327, 11.8997 ], [ 103.0341, 11.8966 ], [ 103.032, 11.8918 ], [ 103.0387, 11.8921 ], [ 103.0402, 11.8899 ], [ 103.0365, 11.8793 ], [ 103.0343, 11.8779 ], [ 103.0304, 11.8779 ], [ 103.0285, 11.8751 ], [ 103.0309, 11.8751 ], [ 103.028, 11.874 ], [ 103.0329, 11.8698 ], [ 103.0306, 11.8576 ], [ 103.0339, 11.8549 ], [ 103.0328, 11.8481 ], [ 103.0293, 11.8465 ], [ 103.0322, 11.8462 ], [ 103.0348, 11.8413 ], [ 103.0335, 11.8362 ], [ 103.028, 11.834 ], [ 103.0275, 11.819 ], [ 103.0255, 11.8158 ], [ 103.0345, 11.8112 ], [ 103.0495, 11.7905 ], [ 103.0509, 11.7769 ], [ 103.057, 11.771 ], [ 103.0601, 11.7634 ], [ 103.0673, 11.772 ], [ 103.0708, 11.772 ], [ 103.0732, 11.785 ], [ 103.0853, 11.7834 ], [ 103.0861, 11.7891 ], [ 103.091, 11.7915 ], [ 103.091, 11.797 ], [ 103.097, 11.7992 ], [ 103.0981, 11.806 ], [ 103.1034, 11.8085 ], [ 103.1015, 11.8122 ], [ 103.1059, 11.8187 ], [ 103.104, 11.8225 ], [ 103.0977, 11.8214 ], [ 103.101, 11.8293 ], [ 103.1018, 11.8258 ], [ 103.0984, 11.822 ], [ 103.1045, 11.8233 ], [ 103.1065, 11.8182 ], [ 103.1027, 11.8122 ], [ 103.1061, 11.8077 ], [ 103.0995, 11.8057 ], [ 103.099, 11.7987 ], [ 103.0924, 11.7964 ], [ 103.093, 11.7908 ], [ 103.0872, 11.7883 ], [ 103.0862, 11.7804 ], [ 103.0746, 11.7847 ], [ 103.0719, 11.7711 ], [ 103.067, 11.7708 ], [ 103.061, 11.7623 ], [ 103.0649, 11.7469 ], [ 103.0718, 11.7499 ], [ 103.0738, 11.7564 ], [ 103.0732, 11.7521 ], [ 103.0762, 11.7559 ], [ 103.0802, 11.7522 ], [ 103.0828, 11.7543 ], [ 103.0781, 11.7494 ], [ 103.0796, 11.7402 ], [ 103.0778, 11.7383 ] ] ] } },
{ "type": "Feature", "properties": { "to": "Water", "kh": "ទឹក", "ha": 23097 }, "geometry": { "type": "Polygon", "coordinates": [ [ [ 103.0348, 11.7668 ], [ 103.0301, 11.7711 ], [ 103.0185, 11.7675 ], [ 103.0171, 11.7713 ], [ 103.013, 11.7704 ], [ 103.0098, 11.7745 ], [ 103.0004, 11.7734 ], [ 102.995, 11.7849 ], [ 102.9854, 11.7838 ], [ 102.9947, 11.7857 ], [ 102.9998, 11.7755 ], [ 103.0094, 11.7755 ], [ 103.0138, 11.7715 ], [ 103.0171, 11.7718 ], [ 103.0183, 11.7688 ], [ 103.0301, 11.7719 ], [ 103.0348, 11.7673 ], [ 103.0386, 11.7679 ], [ 103.0348, 11.7668 ] ] ] } },
{ "type": "Feature", "properties": { "to": "Water", "kh": "ទឹក", "ha": 23097 }, "geometry": { "type": "Polygon", "coordinates": [ [ [ 103.042, 11.5268 ], [ 103.0472, 11.5299 ], [ 103.0439, 11.525 ], [ 103.0401, 11.5252 ], [ 103.0403, 11.523 ], [ 103.0399, 11.5253 ], [ 103.0419, 11.5345 ], [ 103.0444, 11.5353 ], [ 103.0452, 11.5308 ], [ 103.042, 11.5268 ] ] ] } },
{ "type": "Feature", "properties": { "to": "Water", "kh": "ទឹក", "ha": 23097 }, "geometry": { "type": "Polygon", "coordinates": [ [ [ 103.0549, 11.5614 ], [ 103.0555, 11.557 ], [ 103.0597, 11.5559 ], [ 103.0581, 11.5513 ], [ 103.0524, 11.5473 ], [ 103.0508, 11.5508 ], [ 103.0578, 11.5519 ], [ 103.0576, 11.5554 ], [ 103.0493, 11.557 ], [ 103.0512, 11.5626 ], [ 103.0549, 11.5614 ] ] ] } },
{ "type": "Feature", "properties": { "to": "Water", "kh": "ទឹក", "ha": 23097 }, "geometry": { "type": "Polygon", "coordinates": [ [ [ 103.0592, 11.4664 ], [ 103.0527, 11.4685 ], [ 103.0597, 11.467 ], [ 103.0644, 11.4698 ], [ 103.0676, 11.4655 ], [ 103.063, 11.468 ], [ 103.0499, 11.4603 ], [ 103.0504, 11.4643 ], [ 103.0592, 11.4664 ] ] ] } },
{ "type": "Feature", "properties": { "to": "Water", "kh": "ទឹក", "ha": 23097 }, "geometry": { "type": "Polygon", "coordinates": [ [ [ 103.0557, 11.4831 ], [ 103.0497, 11.4825 ], [ 103.0454, 11.4888 ], [ 103.0497, 11.4855 ], [ 103.0554, 11.489 ], [ 103.053, 11.485 ], [ 103.0554, 11.4847 ], [ 103.0611, 11.4901 ], [ 103.0665, 11.4901 ], [ 103.0662, 11.4877 ], [ 103.0595, 11.4871 ], [ 103.0557, 11.4831 ] ] ] } },
{ "type": "Feature", "properties": { "to": "Water", "kh": "ទឹក", "ha": 23097 }, "geometry": { "type": "Polygon", "coordinates": [ [ [ 103.0624, 11.5218 ], [ 103.0662, 11.5218 ], [ 103.0674, 11.526 ], [ 103.0679, 11.5219 ], [ 103.07, 11.5219 ], [ 103.0752, 11.5271 ], [ 103.0722, 11.5219 ], [ 103.0681, 11.5216 ], [ 103.0705, 11.5138 ], [ 103.0676, 11.5138 ], [ 103.0678, 11.5111 ], [ 103.0649, 11.513 ], [ 103.0649, 11.5093 ], [ 103.0622, 11.5106 ], [ 103.0627, 11.5157 ], [ 103.0678, 11.5213 ], [ 103.0643, 11.5216 ], [ 103.0594, 11.5153 ], [ 103.0525, 11.513 ], [ 103.0624, 11.5218 ] ] ] } },
{ "type": "Feature", "properties": { "to": "Water", "kh": "ទឹក", "ha": 23097 }, "geometry": { "type": "Polygon", "coordinates": [ [ [ 103.0554, 11.5292 ], [ 103.0627, 11.5273 ], [ 103.0649, 11.5308 ], [ 103.0649, 11.526 ], [ 103.0551, 11.5227 ], [ 103.0516, 11.5281 ], [ 103.0557, 11.5263 ], [ 103.0554, 11.5287 ], [ 103.0497, 11.5327 ], [ 103.0452, 11.5319 ], [ 103.0446, 11.5344 ], [ 103.0527, 11.5335 ], [ 103.0554, 11.5292 ] ] ] } },
{ "type": "Feature", "properties": { "to": "Water", "kh": "ទឹក", "ha": 23097 }, "geometry": { "type": "Polygon", "coordinates": [ [ [ 103.0551, 11.5806 ], [ 103.0576, 11.5808 ], [ 103.0592, 11.5851 ], [ 103.0562, 11.5867 ], [ 103.0562, 11.591 ], [ 103.0506, 11.5941 ], [ 103.057, 11.5918 ], [ 103.057, 11.5872 ], [ 103.0595, 11.587 ], [ 103.0592, 11.5808 ], [ 103.0616, 11.5808 ], [ 103.0613, 11.5767 ], [ 103.0557, 11.5745 ], [ 103.0562, 11.5794 ], [ 103.0605, 11.5783 ], [ 103.0556, 11.5797 ], [ 103.0551, 11.5759 ], [ 103.0549, 11.5802 ], [ 103.0491, 11.5874 ], [ 103.0551, 11.5806 ] ] ] } },
{ "type": "Feature", "properties": { "to": "Water", "kh": "ទឹក", "ha": 23097 }, "geometry": { "type": "Polygon", "coordinates": [ [ [ 103.0932, 11.3922 ], [ 103.0951, 11.3879 ], [ 103.0886, 11.3908 ], [ 103.0878, 11.3965 ], [ 103.091, 11.3984 ], [ 103.0956, 11.3965 ], [ 103.0905, 11.3946 ], [ 103.0899, 11.3922 ], [ 103.0932, 11.3922 ] ] ] } },
{ "type": "Feature", "properties": { "to": "Water", "kh": "ទឹក", "ha": 23097 }, "geometry": { "type": "Polygon", "coordinates": [ [ [ 103.0852, 11.4359 ], [ 103.0983, 11.4486 ], [ 103.0831, 11.4406 ], [ 103.1002, 11.4523 ], [ 103.0978, 11.4491 ], [ 103.1085, 11.4516 ], [ 103.1134, 11.4584 ], [ 103.1101, 11.4516 ], [ 103.1005, 11.4486 ], [ 103.097, 11.4448 ], [ 103.1002, 11.4442 ], [ 103.1005, 11.4407 ], [ 103.0945, 11.4434 ], [ 103.0844, 11.4351 ], [ 103.0875, 11.4326 ], [ 103.0792, 11.4359 ], [ 103.0819, 11.4382 ], [ 103.0816, 11.4363 ], [ 103.0852, 11.4359 ] ] ] } },
{ "type": "Feature", "properties": { "to": "Water", "kh": "ទឹក", "ha": 23097 }, "geometry": { "type": "Polygon", "coordinates": [ [ [ 103.0882, 11.7227 ], [ 103.0948, 11.7284 ], [ 103.0914, 11.7311 ], [ 103.0953, 11.73 ], [ 103.0945, 11.7268 ], [ 103.0879, 11.7216 ], [ 103.0802, 11.725 ], [ 103.0797, 11.7223 ], [ 103.0742, 11.719 ], [ 103.0781, 11.7223 ], [ 103.0788, 11.7283 ], [ 103.0882, 11.7227 ] ] ] } },
{ "type": "Feature", "properties": { "to": "Water", "kh": "ទឹក", "ha": 23097 }, "geometry": { "type": "Polygon", "coordinates": [ [ [ 103.1279, 10.9449 ], [ 103.1242, 10.9408 ], [ 103.1253, 10.937 ], [ 103.1151, 10.9343 ], [ 103.1121, 10.9378 ], [ 103.1151, 10.944 ], [ 103.125, 10.9448 ], [ 103.1271, 10.9501 ], [ 103.132, 10.952 ], [ 103.126, 10.946 ], [ 103.1279, 10.9449 ] ] ] } },
{ "type": "Feature", "properties": { "to": "Water", "kh": "ទឹក", "ha": 23097 }, "geometry": { "type": "Polygon", "coordinates": [ [ [ 103.0781, 11.2581 ], [ 103.0765, 11.2621 ], [ 103.0789, 11.2654 ], [ 103.0872, 11.2614 ], [ 103.088, 11.2637 ], [ 103.0875, 11.2595 ], [ 103.0848, 11.2608 ], [ 103.0854, 11.2551 ], [ 103.0905, 11.254 ], [ 103.0859, 11.2567 ], [ 103.0951, 11.2581 ], [ 103.0953, 11.2562 ], [ 103.0883, 11.2557 ], [ 103.0953, 11.2532 ], [ 103.0997, 11.2441 ], [ 103.1068, 11.2414 ], [ 103.1067, 11.2457 ], [ 103.1099, 11.2494 ], [ 103.1169, 11.2478 ], [ 103.1274, 11.2408 ], [ 103.1123, 11.2472 ], [ 103.1068, 11.2446 ], [ 103.1094, 11.243 ], [ 103.1072, 11.2405 ], [ 103.1018, 11.2411 ], [ 103.0975, 11.2457 ], [ 103.0964, 11.2438 ], [ 103.0944, 11.253 ], [ 103.0856, 11.2535 ], [ 103.084, 11.261 ], [ 103.0805, 11.2646 ], [ 103.0773, 11.2619 ], [ 103.0784, 11.258 ], [ 103.0724, 11.2589 ], [ 103.0781, 11.2581 ] ] ] } },
{ "type": "Feature", "properties": { "to": "Water", "kh": "ទឹក", "ha": 23097 }, "geometry": { "type": "Polygon", "coordinates": [ [ [ 103.111, 11.4281 ], [ 103.1005, 11.4294 ], [ 103.1053, 11.4364 ], [ 103.1061, 11.4316 ], [ 103.111, 11.4281 ] ] ] } },
{ "type": "Feature", "properties": { "to": "Water", "kh": "ទឹក", "ha": 23097 }, "geometry": { "type": "Polygon", "coordinates": [ [ [ 103.0994, 11.4704 ], [ 103.101, 11.4718 ], [ 103.1094, 11.4672 ], [ 103.1015, 11.4682 ], [ 103.1005, 11.4642 ], [ 103.0972, 11.4645 ], [ 103.0991, 11.4677 ], [ 103.0943, 11.4712 ], [ 103.0956, 11.4753 ], [ 103.0994, 11.4704 ] ] ] } },
{ "type": "Feature", "properties": { "to": "Water", "kh": "ទឹក", "ha": 23097 }, "geometry": { "type": "Polygon", "coordinates": [ [ [ 103.1194, 11.4669 ], [ 103.1148, 11.4673 ], [ 103.1223, 11.4701 ], [ 103.1288, 11.4777 ], [ 103.1318, 11.4772 ], [ 103.1194, 11.4669 ] ] ] } },
{ "type": "Feature", "properties": { "to": "Water", "kh": "ទឹក", "ha": 23097 }, "geometry": { "type": "Polygon", "coordinates": [ [ [ 103.1404, 11.0965 ], [ 103.1412, 11.1016 ], [ 103.1369, 11.1054 ], [ 103.1388, 11.1086 ], [ 103.1361, 11.1075 ], [ 103.1334, 11.111 ], [ 103.1399, 11.1113 ], [ 103.1428, 11.1081 ], [ 103.1393, 11.1038 ], [ 103.1453, 11.0989 ], [ 103.1442, 11.0954 ], [ 103.1404, 11.0965 ] ] ] } },
{ "type": "Feature", "properties": { "to": "Water", "kh": "ទឹក", "ha": 23097 }, "geometry": { "type": "Polygon", "coordinates": [ [ [ 103.1131, 11.1494 ], [ 103.1126, 11.1599 ], [ 103.1067, 11.1753 ], [ 103.1137, 11.1599 ], [ 103.114, 11.1494 ], [ 103.1165, 11.148 ], [ 103.1215, 11.1469 ], [ 103.1196, 11.1518 ], [ 103.1231, 11.1518 ], [ 103.1231, 11.1537 ], [ 103.118, 11.1539 ], [ 103.1179, 11.1631 ], [ 103.1245, 11.162 ], [ 103.125, 11.1572 ], [ 103.1266, 11.1631 ], [ 103.128, 11.1604 ], [ 103.135, 11.1634 ], [ 103.1364, 11.1596 ], [ 103.1404, 11.1612 ], [ 103.1367, 11.1592 ], [ 103.137, 11.1565 ], [ 103.1359, 11.1554 ], [ 103.1307, 11.1531 ], [ 103.1338, 11.1505 ], [ 103.1331, 11.1378 ], [ 103.1363, 11.138 ], [ 103.139, 11.1326 ], [ 103.1372, 11.1302 ], [ 103.1291, 11.1293 ], [ 103.1266, 11.1202 ], [ 103.1288, 11.1133 ], [ 103.1407, 11.1145 ], [ 103.1438, 11.1131 ], [ 103.1461, 11.1151 ], [ 103.1525, 11.1129 ], [ 103.1504, 11.1102 ], [ 103.1574, 11.1097 ], [ 103.1593, 11.1078 ], [ 103.1604, 11.1116 ], [ 103.1647, 11.1118 ], [ 103.1639, 11.1143 ], [ 103.1655, 11.1124 ], [ 103.1631, 11.1073 ], [ 103.1593, 11.1065 ], [ 103.1563, 11.1092 ], [ 103.1493, 11.1005 ], [ 103.1453, 11.1038 ], [ 103.1458, 11.1088 ], [ 103.142, 11.1035 ], [ 103.1489, 11.1002 ], [ 103.1462, 11.097 ], [ 103.1482, 11.1001 ], [ 103.1412, 11.1032 ], [ 103.1447, 11.1115 ], [ 103.138, 11.1136 ], [ 103.1296, 11.1112 ], [ 103.1259, 11.1144 ], [ 103.1254, 11.1189 ], [ 103.1277, 11.1288 ], [ 103.126, 11.1278 ], [ 103.1242, 11.134 ], [ 103.1261, 11.1315 ], [ 103.1269, 11.1334 ], [ 103.1175, 11.1426 ], [ 103.1185, 11.1442 ], [ 103.1185, 11.1423 ], [ 103.1226, 11.1421 ], [ 103.1212, 11.145 ], [ 103.1129, 11.1463 ], [ 103.1117, 11.1478 ], [ 103.1154, 11.1485 ], [ 103.1131, 11.1494 ] ], [ [ 103.1273, 11.1342 ], [ 103.1318, 11.1356 ], [ 103.1319, 11.141 ], [ 103.1296, 11.1372 ], [ 103.1296, 11.1407 ], [ 103.125, 11.1423 ], [ 103.1288, 11.1456 ], [ 103.1293, 11.1531 ], [ 103.1354, 11.1559 ], [ 103.1362, 11.1583 ], [ 103.1345, 11.1561 ], [ 103.132, 11.1564 ], [ 103.1334, 11.1583 ], [ 103.1299, 11.1577 ], [ 103.1264, 11.1537 ], [ 103.1261, 11.148 ], [ 103.128, 11.1475 ], [ 103.1258, 11.1453 ], [ 103.1221, 11.1464 ], [ 103.1273, 11.1342 ] ] ] } },
{ "type": "Feature", "properties": { "to": "Water", "kh": "ទឹក", "ha": 23097 }, "geometry": { "type": "Polygon", "coordinates": [ [ [ 103.1406, 11.1632 ], [ 103.1337, 11.1631 ], [ 103.1274, 11.1663 ], [ 103.1301, 11.1674 ], [ 103.1293, 11.1693 ], [ 103.1366, 11.169 ], [ 103.1334, 11.1728 ], [ 103.1393, 11.1744 ], [ 103.1391, 11.1817 ], [ 103.147, 11.1913 ], [ 103.153, 11.1929 ], [ 103.1579, 11.189 ], [ 103.1585, 11.1911 ], [ 103.1626, 11.1922 ], [ 103.1638, 11.187 ], [ 103.1681, 11.1879 ], [ 103.1638, 11.1865 ], [ 103.1626, 11.1916 ], [ 103.1582, 11.1885 ], [ 103.1525, 11.1924 ], [ 103.1471, 11.1901 ], [ 103.1399, 11.1817 ], [ 103.1397, 11.1739 ], [ 103.1353, 11.1727 ], [ 103.1406, 11.1632 ] ] ] } },
{ "type": "Feature", "properties": { "to": "Water", "kh": "ទឹក", "ha": 23097 }, "geometry": { "type": "Polygon", "coordinates": [ [ [ 103.1466, 11.4235 ], [ 103.1512, 11.4216 ], [ 103.1525, 11.4191 ], [ 103.1461, 11.4221 ], [ 103.1434, 11.4262 ], [ 103.1374, 11.4232 ], [ 103.1355, 11.4254 ], [ 103.1377, 11.4243 ], [ 103.1374, 11.4278 ], [ 103.1412, 11.4262 ], [ 103.1463, 11.4289 ], [ 103.1444, 11.4262 ], [ 103.1507, 11.4229 ], [ 103.1466, 11.4235 ] ] ] } },
{ "type": "Feature", "properties": { "to": "Water", "kh": "ទឹក", "ha": 23097 }, "geometry": { "type": "Polygon", "coordinates": [ [ [ 103.147, 11.4439 ], [ 103.1444, 11.4434 ], [ 103.1426, 11.4359 ], [ 103.1474, 11.4353 ], [ 103.1468, 11.437 ], [ 103.1622, 11.4295 ], [ 103.1485, 11.4332 ], [ 103.148, 11.4313 ], [ 103.1539, 11.4307 ], [ 103.1555, 11.4272 ], [ 103.1482, 11.431 ], [ 103.1444, 11.4283 ], [ 103.1377, 11.4286 ], [ 103.1315, 11.4318 ], [ 103.1331, 11.4351 ], [ 103.1301, 11.4348 ], [ 103.1301, 11.4383 ], [ 103.1288, 11.438 ], [ 103.1304, 11.4326 ], [ 103.1245, 11.4332 ], [ 103.1185, 11.4383 ], [ 103.1096, 11.4372 ], [ 103.1126, 11.4407 ], [ 103.1102, 11.4399 ], [ 103.111, 11.4423 ], [ 103.1075, 11.4432 ], [ 103.1037, 11.4402 ], [ 103.1018, 11.4461 ], [ 103.1061, 11.4456 ], [ 103.1048, 11.448 ], [ 103.108, 11.4494 ], [ 103.1102, 11.4475 ], [ 103.1185, 11.4596 ], [ 103.1212, 11.4604 ], [ 103.1239, 11.4575 ], [ 103.1247, 11.4612 ], [ 103.1277, 11.4585 ], [ 103.128, 11.4496 ], [ 103.132, 11.4456 ], [ 103.1307, 11.4521 ], [ 103.1326, 11.451 ], [ 103.1331, 11.4542 ], [ 103.1307, 11.4609 ], [ 103.147, 11.4439 ] ], [ [ 103.1237, 11.4421 ], [ 103.1266, 11.448 ], [ 103.1231, 11.4464 ], [ 103.1207, 11.4494 ], [ 103.1134, 11.4469 ], [ 103.1169, 11.4464 ], [ 103.1156, 11.4429 ], [ 103.1177, 11.4429 ], [ 103.1137, 11.4418 ], [ 103.1195, 11.4397 ], [ 103.1169, 11.4423 ], [ 103.1237, 11.4421 ] ] ] } },
{ "type": "Feature", "properties": { "to": "Water", "kh": "ទឹក", "ha": 23097 }, "geometry": { "type": "Polygon", "coordinates": [ [ [ 103.106, 11.5794 ], [ 103.0983, 11.5781 ], [ 103.0954, 11.5915 ], [ 103.1131, 11.5897 ], [ 103.1182, 11.5951 ], [ 103.1185, 11.6177 ], [ 103.1204, 11.6198 ], [ 103.1183, 11.6245 ], [ 103.1245, 11.6282 ], [ 103.1285, 11.6366 ], [ 103.1292, 11.6486 ], [ 103.1344, 11.6523 ], [ 103.1385, 11.6722 ], [ 103.1449, 11.6783 ], [ 103.1449, 11.6813 ], [ 103.1479, 11.6848 ], [ 103.1512, 11.6846 ], [ 103.1536, 11.6897 ], [ 103.1685, 11.6915 ], [ 103.176, 11.6976 ], [ 103.1914, 11.6992 ], [ 103.1949, 11.7032 ], [ 103.1981, 11.7038 ], [ 103.1986, 11.7076 ], [ 103.1987, 11.7036 ], [ 103.1949, 11.7022 ], [ 103.1917, 11.6965 ], [ 103.1903, 11.6986 ], [ 103.1825, 11.6981 ], [ 103.169, 11.6906 ], [ 103.1612, 11.69 ], [ 103.1604, 11.6873 ], [ 103.1601, 11.6895 ], [ 103.1552, 11.6895 ], [ 103.1515, 11.684 ], [ 103.1479, 11.684 ], [ 103.1452, 11.6807 ], [ 103.1452, 11.6777 ], [ 103.1392, 11.6712 ], [ 103.138, 11.656 ], [ 103.1335, 11.65 ], [ 103.1299, 11.6484 ], [ 103.1292, 11.6359 ], [ 103.1249, 11.6272 ], [ 103.1202, 11.6247 ], [ 103.1214, 11.6193 ], [ 103.1195, 11.6147 ], [ 103.1214, 11.6122 ], [ 103.119, 11.6095 ], [ 103.1191, 11.5942 ], [ 103.1144, 11.5891 ], [ 103.1001, 11.591 ], [ 103.0968, 11.5894 ], [ 103.0988, 11.5787 ], [ 103.1061, 11.5802 ], [ 103.1244, 11.5691 ], [ 103.106, 11.5794 ] ] ] } },
{ "type": "Feature", "properties": { "to": "Water", "kh": "ទឹក", "ha": 23097 }, "geometry": { "type": "Polygon", "coordinates": [ [ [ 103.0885, 11.7663 ], [ 103.0953, 11.771 ], [ 103.1032, 11.7583 ], [ 103.1124, 11.7602 ], [ 103.1126, 11.7621 ], [ 103.1175, 11.7596 ], [ 103.1221, 11.7538 ], [ 103.1282, 11.7546 ], [ 103.1323, 11.7522 ], [ 103.1408, 11.7536 ], [ 103.1472, 11.7502 ], [ 103.1524, 11.7499 ], [ 103.1546, 11.7534 ], [ 103.1552, 11.7516 ], [ 103.1524, 11.7494 ], [ 103.1461, 11.7499 ], [ 103.1408, 11.7531 ], [ 103.1348, 11.7514 ], [ 103.1307, 11.752 ], [ 103.1277, 11.7538 ], [ 103.1231, 11.7526 ], [ 103.1141, 11.76 ], [ 103.1031, 11.7567 ], [ 103.0956, 11.7691 ], [ 103.0896, 11.7666 ], [ 103.0822, 11.7565 ], [ 103.0885, 11.7663 ] ] ] } },
{ "type": "Feature", "properties": { "to": "Water", "kh": "ទឹក", "ha": 23097 }, "geometry": { "type": "Polygon", "coordinates": [ [ [ 103.1546, 11.7534 ], [ 103.1524, 11.757 ], [ 103.1592, 11.7597 ], [ 103.1642, 11.759 ], [ 103.1652, 11.7652 ], [ 103.1682, 11.7712 ], [ 103.1781, 11.7742 ], [ 103.1842, 11.7702 ], [ 103.1872, 11.7746 ], [ 103.1949, 11.7738 ], [ 103.1996, 11.7763 ], [ 103.1955, 11.7733 ], [ 103.1875, 11.7737 ], [ 103.1839, 11.7697 ], [ 103.1784, 11.7734 ], [ 103.1699, 11.7712 ], [ 103.1658, 11.7649 ], [ 103.1653, 11.7587 ], [ 103.1535, 11.7573 ], [ 103.1546, 11.7534 ] ] ] } },
{ "type": "Feature", "properties": { "to": "Water", "kh": "ទឹក", "ha": 23097 }, "geometry": { "type": "Polygon", "coordinates": [ [ [ 103.1579, 10.9189 ], [ 103.1604, 10.9127 ], [ 103.1585, 10.9098 ], [ 103.1609, 10.9098 ], [ 103.1598, 10.9014 ], [ 103.1655, 10.896 ], [ 103.1535, 10.8906 ], [ 103.1543, 10.8944 ], [ 103.1482, 10.8955 ], [ 103.149, 10.8974 ], [ 103.143, 10.9008 ], [ 103.1463, 10.9036 ], [ 103.139, 10.9109 ], [ 103.1542, 10.9057 ], [ 103.1558, 10.916 ], [ 103.1501, 10.9179 ], [ 103.1447, 10.9238 ], [ 103.1579, 10.9189 ] ] ] } },
{ "type": "Feature", "properties": { "to": "Water", "kh": "ទឹក", "ha": 23097 }, "geometry": { "type": "Polygon", "coordinates": [ [ [ 103.2475, 10.9211 ], [ 103.247, 10.9243 ], [ 103.2582, 10.9299 ], [ 103.2672, 10.9287 ], [ 103.265, 10.9251 ], [ 103.2532, 10.9257 ], [ 103.2491, 10.9213 ], [ 103.2448, 10.9195 ], [ 103.2427, 10.9219 ], [ 103.2475, 10.9211 ] ] ] } },
{ "type": "Feature", "properties": { "to": "Water", "kh": "ទឹក", "ha": 23097 }, "geometry": { "type": "Polygon", "coordinates": [ [ [ 103.2611, 10.9378 ], [ 103.2499, 10.9405 ], [ 103.2453, 10.9445 ], [ 103.2375, 10.9443 ], [ 103.2327, 10.9493 ], [ 103.2295, 10.949 ], [ 103.2272, 10.9427 ], [ 103.2275, 10.9493 ], [ 103.2327, 10.951 ], [ 103.2364, 10.9464 ], [ 103.2457, 10.9456 ], [ 103.2497, 10.9419 ], [ 103.261, 10.9397 ], [ 103.2747, 10.9303 ], [ 103.2611, 10.9378 ] ] ] } },
{ "type": "Feature", "properties": { "to": "Water", "kh": "ទឹក", "ha": 23097 }, "geometry": { "type": "Polygon", "coordinates": [ [ [ 103.2645, 10.9435 ], [ 103.2599, 10.9467 ], [ 103.2623, 10.9467 ], [ 103.2632, 10.953 ], [ 103.265, 10.951 ], [ 103.2691, 10.9519 ], [ 103.2645, 10.9435 ] ] ] } },
{ "type": "Feature", "properties": { "to": "Water", "kh": "ទឹក", "ha": 23097 }, "geometry": { "type": "Polygon", "coordinates": [ [ [ 103.2259, 10.974 ], [ 103.2281, 10.9716 ], [ 103.2288, 10.9751 ], [ 103.2281, 10.9699 ], [ 103.2313, 10.967 ], [ 103.2231, 10.9623 ], [ 103.2219, 10.9701 ], [ 103.2198, 10.9601 ], [ 103.2287, 10.9547 ], [ 103.219, 10.9596 ], [ 103.2216, 10.9739 ], [ 103.2181, 10.9829 ], [ 103.2243, 10.9807 ], [ 103.2232, 10.9775 ], [ 103.2268, 10.9799 ], [ 103.2246, 10.9802 ], [ 103.2249, 10.9824 ], [ 103.2271, 10.9797 ], [ 103.2238, 10.9775 ], [ 103.2274, 10.9786 ], [ 103.23, 10.9775 ], [ 103.227, 10.978 ], [ 103.2259, 10.974 ] ] ] } },
{ "type": "Feature", "properties": { "to": "Water", "kh": "ទឹក", "ha": 23097 }, "geometry": { "type": "Polygon", "coordinates": [ [ [ 103.2176, 11.3897 ], [ 103.2267, 11.3816 ], [ 103.2445, 11.3779 ], [ 103.2525, 11.3628 ], [ 103.255, 11.3649 ], [ 103.2522, 11.3719 ], [ 103.2524, 11.3801 ], [ 103.2543, 11.3809 ], [ 103.2564, 11.3638 ], [ 103.2529, 11.3587 ], [ 103.2553, 11.3606 ], [ 103.2586, 11.3606 ], [ 103.2663, 11.3561 ], [ 103.2677, 11.3436 ], [ 103.2726, 11.3412 ], [ 103.27, 11.3417 ], [ 103.2708, 11.3333 ], [ 103.2673, 11.3298 ], [ 103.2709, 11.3295 ], [ 103.2805, 11.3174 ], [ 103.2784, 11.3111 ], [ 103.2806, 11.3068 ], [ 103.2757, 11.2999 ], [ 103.279, 11.2932 ], [ 103.2782, 11.2883 ], [ 103.2804, 11.2902 ], [ 103.2903, 11.2862 ], [ 103.2912, 11.2781 ], [ 103.2874, 11.2648 ], [ 103.2907, 11.2783 ], [ 103.2899, 11.2856 ], [ 103.2802, 11.2894 ], [ 103.2791, 11.288 ], [ 103.2775, 11.288 ], [ 103.2782, 11.2937 ], [ 103.2748, 11.2999 ], [ 103.2799, 11.307 ], [ 103.2775, 11.3096 ], [ 103.2799, 11.3172 ], [ 103.2706, 11.3287 ], [ 103.2664, 11.3296 ], [ 103.2699, 11.3334 ], [ 103.2691, 11.3422 ], [ 103.2669, 11.3431 ], [ 103.2664, 11.3539 ], [ 103.2615, 11.3557 ], [ 103.2588, 11.3493 ], [ 103.2575, 11.3549 ], [ 103.2607, 11.3566 ], [ 103.2578, 11.3557 ], [ 103.2551, 11.3527 ], [ 103.257, 11.3508 ], [ 103.2586, 11.3374 ], [ 103.2572, 11.3355 ], [ 103.2561, 11.337 ], [ 103.2578, 11.3328 ], [ 103.2549, 11.3297 ], [ 103.2538, 11.3302 ], [ 103.256, 11.3251 ], [ 103.255, 11.3243 ], [ 103.2535, 11.3305 ], [ 103.2568, 11.3325 ], [ 103.2556, 11.3371 ], [ 103.258, 11.3385 ], [ 103.2542, 11.3522 ], [ 103.2572, 11.356 ], [ 103.2602, 11.3576 ], [ 103.2578, 11.3601 ], [ 103.2523, 11.3581 ], [ 103.2528, 11.3614 ], [ 103.2439, 11.3765 ], [ 103.2277, 11.3794 ], [ 103.2175, 11.3881 ], [ 103.2051, 11.3938 ], [ 103.203, 11.4011 ], [ 103.205, 11.3965 ], [ 103.2176, 11.3897 ] ] ] } },
{ "type": "Feature", "properties": { "to": "Water", "kh": "ទឹក", "ha": 23097 }, "geometry": { "type": "Polygon", "coordinates": [ [ [ 103.1404, 11.342 ], [ 103.1471, 11.3522 ], [ 103.1528, 11.3518 ], [ 103.1498, 11.3468 ], [ 103.1551, 11.3453 ], [ 103.1604, 11.3495 ], [ 103.1679, 11.3468 ], [ 103.1741, 11.3533 ], [ 103.1775, 11.3531 ], [ 103.1682, 11.3452 ], [ 103.1605, 11.3487 ], [ 103.1564, 11.3445 ], [ 103.1496, 11.3447 ], [ 103.1485, 11.3485 ], [ 103.1512, 11.3509 ], [ 103.1473, 11.3512 ], [ 103.1435, 11.3428 ], [ 103.1402, 11.3415 ], [ 103.138, 11.3417 ], [ 103.1355, 11.3428 ], [ 103.1361, 11.345 ], [ 103.1404, 11.342 ] ] ] } },
{ "type": "Feature", "properties": { "to": "Water", "kh": "ទឹក", "ha": 23097 }, "geometry": { "type": "Polygon", "coordinates": [ [ [ 103.1868, 11.4185 ], [ 103.1836, 11.4186 ], [ 103.1814, 11.4248 ], [ 103.1871, 11.424 ], [ 103.1855, 11.4262 ], [ 103.1911, 11.4267 ], [ 103.1935, 11.4251 ], [ 103.1957, 11.4281 ], [ 103.1981, 11.4227 ], [ 103.1954, 11.4224 ], [ 103.1965, 11.4183 ], [ 103.1927, 11.4189 ], [ 103.1935, 11.4229 ], [ 103.1892, 11.42 ], [ 103.1903, 11.417 ], [ 103.1949, 11.4167 ], [ 103.1941, 11.4132 ], [ 103.1963, 11.4124 ], [ 103.1941, 11.4119 ], [ 103.1868, 11.4185 ] ] ] } },
{ "type": "Feature", "properties": { "to": "Water", "kh": "ទឹក", "ha": 23097 }, "geometry": { "type": "Polygon", "coordinates": [ [ [ 103.1944, 11.4388 ], [ 103.1852, 11.4367 ], [ 103.1836, 11.4313 ], [ 103.186, 11.4264 ], [ 103.1833, 11.427 ], [ 103.183, 11.4307 ], [ 103.1795, 11.4294 ], [ 103.1787, 11.4318 ], [ 103.1814, 11.4313 ], [ 103.1779, 11.4321 ], [ 103.1833, 11.4345 ], [ 103.1819, 11.4361 ], [ 103.1803, 11.4332 ], [ 103.1798, 11.4394 ], [ 103.1811, 11.4372 ], [ 103.1841, 11.4386 ], [ 103.183, 11.4413 ], [ 103.1882, 11.4415 ], [ 103.19, 11.4448 ], [ 103.1879, 11.445 ], [ 103.1906, 11.4461 ], [ 103.1971, 11.4456 ], [ 103.1949, 11.4448 ], [ 103.1981, 11.4434 ], [ 103.1984, 11.4367 ], [ 103.1944, 11.4388 ] ] ] } },
{ "type": "Feature", "properties": { "to": "Water", "kh": "ទឹក", "ha": 23097 }, "geometry": { "type": "Polygon", "coordinates": [ [ [ 103.2675, 11.462 ], [ 103.2659, 11.4647 ], [ 103.268, 11.4674 ], [ 103.2653, 11.472 ], [ 103.2672, 11.4777 ], [ 103.2723, 11.4819 ], [ 103.2691, 11.4849 ], [ 103.2707, 11.4982 ], [ 103.2753, 11.5015 ], [ 103.2816, 11.4991 ], [ 103.2841, 11.5045 ], [ 103.2876, 11.5089 ], [ 103.2873, 11.5176 ], [ 103.2829, 11.5191 ], [ 103.2743, 11.5264 ], [ 103.2746, 11.531 ], [ 103.2688, 11.5372 ], [ 103.2749, 11.5313 ], [ 103.2748, 11.5266 ], [ 103.2879, 11.5178 ], [ 103.2882, 11.5086 ], [ 103.2825, 11.4977 ], [ 103.3006, 11.5079 ], [ 103.2836, 11.4972 ], [ 103.2789, 11.4988 ], [ 103.2761, 11.5009 ], [ 103.272, 11.4987 ], [ 103.2699, 11.486 ], [ 103.273, 11.4819 ], [ 103.2678, 11.4773 ], [ 103.2659, 11.4716 ], [ 103.2686, 11.4681 ], [ 103.2665, 11.4645 ], [ 103.2681, 11.4629 ], [ 103.2679, 11.4599 ], [ 103.2739, 11.4591 ], [ 103.2733, 11.4678 ], [ 103.2769, 11.4739 ], [ 103.2807, 11.4736 ], [ 103.2912, 11.4666 ], [ 103.2926, 11.4715 ], [ 103.2955, 11.4745 ], [ 103.2926, 11.4796 ], [ 103.2952, 11.4823 ], [ 103.2969, 11.4823 ], [ 103.3043, 11.4745 ], [ 103.3088, 11.4796 ], [ 103.3147, 11.4762 ], [ 103.3189, 11.4773 ], [ 103.3222, 11.4741 ], [ 103.3314, 11.4793 ], [ 103.3352, 11.4793 ], [ 103.3363, 11.4755 ], [ 103.3338, 11.4731 ], [ 103.3379, 11.4674 ], [ 103.3457, 11.4758 ], [ 103.3651, 11.4727 ], [ 103.3754, 11.4812 ], [ 103.3843, 11.4769 ], [ 103.387, 11.4728 ], [ 103.39, 11.4782 ], [ 103.3882, 11.4723 ], [ 103.3859, 11.4723 ], [ 103.3764, 11.4801 ], [ 103.3654, 11.4719 ], [ 103.3459, 11.475 ], [ 103.3371, 11.4666 ], [ 103.333, 11.4726 ], [ 103.3351, 11.4782 ], [ 103.3219, 11.4733 ], [ 103.3185, 11.4765 ], [ 103.3148, 11.4754 ], [ 103.3093, 11.4786 ], [ 103.3052, 11.4732 ], [ 103.295, 11.4812 ], [ 103.2934, 11.4793 ], [ 103.2966, 11.4745 ], [ 103.2917, 11.4658 ], [ 103.2772, 11.4733 ], [ 103.2741, 11.4665 ], [ 103.2759, 11.4513 ], [ 103.271, 11.4434 ], [ 103.2716, 11.4397 ], [ 103.2761, 11.4367 ], [ 103.2748, 11.4272 ], [ 103.2719, 11.4242 ], [ 103.2688, 11.4248 ], [ 103.2675, 11.4348 ], [ 103.2589, 11.4409 ], [ 103.2648, 11.4297 ], [ 103.2549, 11.4221 ], [ 103.2503, 11.4124 ], [ 103.2581, 11.3945 ], [ 103.2573, 11.3858 ], [ 103.2538, 11.3817 ], [ 103.2567, 11.3941 ], [ 103.2489, 11.4126 ], [ 103.2532, 11.4218 ], [ 103.2634, 11.4303 ], [ 103.2572, 11.4388 ], [ 103.2583, 11.4415 ], [ 103.2616, 11.442 ], [ 103.2666, 11.438 ], [ 103.2691, 11.4336 ], [ 103.2692, 11.4256 ], [ 103.2736, 11.4272 ], [ 103.2745, 11.4364 ], [ 103.2699, 11.4402 ], [ 103.2696, 11.4423 ], [ 103.2748, 11.4554 ], [ 103.2734, 11.4585 ], [ 103.2681, 11.4591 ], [ 103.2667, 11.461 ], [ 103.2624, 11.4586 ], [ 103.2675, 11.462 ] ] ] } },
{ "type": "Feature", "properties": { "to": "Water", "kh": "ទឹក", "ha": 23097 }, "geometry": { "type": "Polygon", "coordinates": [ [ [ 103.1522, 11.4427 ], [ 103.1496, 11.4423 ], [ 103.1508, 11.4451 ], [ 103.1552, 11.441 ], [ 103.1545, 11.4367 ], [ 103.1604, 11.4351 ], [ 103.166, 11.4402 ], [ 103.1639, 11.4486 ], [ 103.1665, 11.449 ], [ 103.1701, 11.4437 ], [ 103.1736, 11.4463 ], [ 103.172, 11.4491 ], [ 103.172, 11.4518 ], [ 103.1744, 11.455 ], [ 103.1714, 11.4566 ], [ 103.1712, 11.4604 ], [ 103.1757, 11.4615 ], [ 103.1736, 11.4656 ], [ 103.1757, 11.4727 ], [ 103.1736, 11.4817 ], [ 103.1768, 11.4828 ], [ 103.1739, 11.4839 ], [ 103.173, 11.4877 ], [ 103.1749, 11.4889 ], [ 103.1709, 11.4919 ], [ 103.1713, 11.5063 ], [ 103.1757, 11.5112 ], [ 103.1782, 11.5098 ], [ 103.1812, 11.5147 ], [ 103.1811, 11.5212 ], [ 103.1847, 11.5272 ], [ 103.183, 11.5345 ], [ 103.1855, 11.5294 ], [ 103.1847, 11.5245 ], [ 103.1814, 11.521 ], [ 103.182, 11.5147 ], [ 103.1782, 11.5087 ], [ 103.1754, 11.5104 ], [ 103.1719, 11.506 ], [ 103.1722, 11.4977 ], [ 103.1771, 11.5039 ], [ 103.1717, 11.4928 ], [ 103.1753, 11.4897 ], [ 103.1742, 11.4846 ], [ 103.1775, 11.4832 ], [ 103.1744, 11.4812 ], [ 103.1765, 11.4724 ], [ 103.1744, 11.4659 ], [ 103.1763, 11.4615 ], [ 103.1719, 11.4602 ], [ 103.1752, 11.4548 ], [ 103.1723, 11.4496 ], [ 103.1754, 11.4473 ], [ 103.175, 11.4499 ], [ 103.1774, 11.4542 ], [ 103.1764, 11.4477 ], [ 103.1695, 11.4431 ], [ 103.1647, 11.4485 ], [ 103.1668, 11.4398 ], [ 103.1633, 11.4349 ], [ 103.155, 11.4351 ], [ 103.1522, 11.4427 ] ] ] } },
{ "type": "Feature", "properties": { "to": "Water", "kh": "ទឹក", "ha": 23097 }, "geometry": { "type": "Polygon", "coordinates": [ [ [ 103.1401, 11.5932 ], [ 103.1461, 11.605 ], [ 103.1542, 11.6085 ], [ 103.156, 11.6072 ], [ 103.146, 11.6029 ], [ 103.14, 11.5907 ], [ 103.1291, 11.5852 ], [ 103.1293, 11.5875 ], [ 103.1401, 11.5932 ] ] ] } },
{ "type": "Feature", "properties": { "to": "Water", "kh": "ទឹក", "ha": 23097 }, "geometry": { "type": "Polygon", "coordinates": [ [ [ 103.1583, 11.6057 ], [ 103.1584, 11.5919 ], [ 103.1687, 11.5964 ], [ 103.1725, 11.5922 ], [ 103.1771, 11.5918 ], [ 103.1809, 11.5969 ], [ 103.1922, 11.601 ], [ 103.1957, 11.6169 ], [ 103.2062, 11.6153 ], [ 103.2116, 11.6177 ], [ 103.2113, 11.6231 ], [ 103.2062, 11.6277 ], [ 103.2106, 11.6429 ], [ 103.2181, 11.6444 ], [ 103.2257, 11.6417 ], [ 103.228, 11.6376 ], [ 103.2277, 11.6338 ], [ 103.2352, 11.6317 ], [ 103.2492, 11.6377 ], [ 103.2535, 11.6456 ], [ 103.2549, 11.6443 ], [ 103.2495, 11.6361 ], [ 103.2517, 11.6344 ], [ 103.2467, 11.6355 ], [ 103.2338, 11.6308 ], [ 103.2273, 11.6328 ], [ 103.2251, 11.6411 ], [ 103.218, 11.6435 ], [ 103.2114, 11.6421 ], [ 103.2074, 11.6291 ], [ 103.2135, 11.6237 ], [ 103.2124, 11.6164 ], [ 103.2051, 11.6139 ], [ 103.1976, 11.6163 ], [ 103.1933, 11.6008 ], [ 103.1889, 11.5975 ], [ 103.1829, 11.5974 ], [ 103.1782, 11.591 ], [ 103.1728, 11.591 ], [ 103.1666, 11.5952 ], [ 103.1623, 11.591 ], [ 103.1582, 11.5907 ], [ 103.1558, 11.594 ], [ 103.156, 11.6072 ], [ 103.1583, 11.6057 ] ] ] } },
{ "type": "Feature", "properties": { "to": "Water", "kh": "ទឹក", "ha": 23097 }, "geometry": { "type": "Polygon", "coordinates": [ [ [ 103.3239, 11.6962 ], [ 103.3234, 11.6938 ], [ 103.3063, 11.6909 ], [ 103.3064, 11.6863 ], [ 103.3042, 11.6879 ], [ 103.3058, 11.6881 ], [ 103.3058, 11.6914 ], [ 103.3074, 11.692 ], [ 103.3234, 11.6943 ], [ 103.3184, 11.7059 ], [ 103.3266, 11.7141 ], [ 103.3192, 11.7059 ], [ 103.3239, 11.6962 ] ] ] } },
{ "type": "Feature", "properties": { "to": "Water", "kh": "ទឹក", "ha": 23097 }, "geometry": { "type": "Polygon", "coordinates": [ [ [ 103.3131, 11.6833 ], [ 103.3106, 11.6749 ], [ 103.3015, 11.6741 ], [ 103.2982, 11.6757 ], [ 103.3001, 11.6706 ], [ 103.2966, 11.6671 ], [ 103.2926, 11.6684 ], [ 103.2928, 11.661 ], [ 103.2799, 11.6528 ], [ 103.2805, 11.6482 ], [ 103.2827, 11.6477 ], [ 103.2797, 11.6444 ], [ 103.2667, 11.6439 ], [ 103.2657, 11.6405 ], [ 103.272, 11.6357 ], [ 103.2729, 11.6259 ], [ 103.2773, 11.6232 ], [ 103.2968, 11.625 ], [ 103.299, 11.6228 ], [ 103.304, 11.6267 ], [ 103.3065, 11.6242 ], [ 103.3197, 11.624 ], [ 103.3224, 11.6273 ], [ 103.3266, 11.628 ], [ 103.332, 11.6271 ], [ 103.3341, 11.6244 ], [ 103.3368, 11.6264 ], [ 103.3408, 11.6258 ], [ 103.3436, 11.622 ], [ 103.3546, 11.6232 ], [ 103.3722, 11.6186 ], [ 103.3738, 11.6282 ], [ 103.3746, 11.6201 ], [ 103.372, 11.6178 ], [ 103.3692, 11.6178 ], [ 103.3541, 11.6226 ], [ 103.3434, 11.6209 ], [ 103.3376, 11.6258 ], [ 103.334, 11.6198 ], [ 103.3348, 11.6233 ], [ 103.332, 11.6263 ], [ 103.3249, 11.6273 ], [ 103.3183, 11.6216 ], [ 103.3032, 11.6239 ], [ 103.3015, 11.6191 ], [ 103.2952, 11.6228 ], [ 103.2817, 11.6189 ], [ 103.2771, 11.6113 ], [ 103.2768, 11.6194 ], [ 103.268, 11.6235 ], [ 103.269, 11.6313 ], [ 103.2619, 11.6326 ], [ 103.261, 11.637 ], [ 103.2654, 11.6369 ], [ 103.2643, 11.6411 ], [ 103.2615, 11.6411 ], [ 103.2629, 11.6446 ], [ 103.2686, 11.6476 ], [ 103.2786, 11.6452 ], [ 103.2788, 11.6528 ], [ 103.292, 11.6622 ], [ 103.2908, 11.6683 ], [ 103.2974, 11.6692 ], [ 103.2977, 11.6765 ], [ 103.3088, 11.6752 ], [ 103.3117, 11.6825 ], [ 103.3064, 11.6863 ], [ 103.3131, 11.6833 ] ] ] } },
{ "type": "Feature", "properties": { "to": "Water", "kh": "ទឹក", "ha": 23097 }, "geometry": { "type": "Polygon", "coordinates": [ [ [ 103.2507, 11.7497 ], [ 103.2548, 11.7495 ], [ 103.2561, 11.7526 ], [ 103.2615, 11.7541 ], [ 103.2611, 11.7568 ], [ 103.2633, 11.7577 ], [ 103.2645, 11.7621 ], [ 103.269, 11.7658 ], [ 103.2698, 11.7718 ], [ 103.2764, 11.7723 ], [ 103.2775, 11.768 ], [ 103.2745, 11.7704 ], [ 103.2745, 11.7685 ], [ 103.2695, 11.7675 ], [ 103.2691, 11.765 ], [ 103.2654, 11.7623 ], [ 103.2646, 11.7577 ], [ 103.2618, 11.7561 ], [ 103.2622, 11.7536 ], [ 103.2567, 11.7519 ], [ 103.2551, 11.7486 ], [ 103.2509, 11.7495 ], [ 103.2499, 11.7427 ], [ 103.2507, 11.7497 ] ] ] } },
{ "type": "Feature", "properties": { "to": "Water", "kh": "ទឹក", "ha": 23097 }, "geometry": { "type": "Polygon", "coordinates": [ [ [ 103.1994, 11.7974 ], [ 103.201, 11.8053 ], [ 103.198, 11.808 ], [ 103.2007, 11.8099 ], [ 103.2008, 11.8136 ], [ 103.203, 11.8159 ], [ 103.2006, 11.822 ], [ 103.2049, 11.826 ], [ 103.2089, 11.8276 ], [ 103.2124, 11.8238 ], [ 103.2089, 11.827 ], [ 103.2009, 11.8216 ], [ 103.2051, 11.8155 ], [ 103.2019, 11.8144 ], [ 103.2013, 11.8096 ], [ 103.1991, 11.8082 ], [ 103.2016, 11.8053 ], [ 103.1994, 11.7974 ] ] ] } },
{ "type": "Feature", "properties": { "to": "Water", "kh": "ទឹក", "ha": 23097 }, "geometry": { "type": "Polygon", "coordinates": [ [ [ 103.2132, 11.8228 ], [ 103.2176, 11.8338 ], [ 103.2221, 11.8354 ], [ 103.2197, 11.8311 ], [ 103.2178, 11.8327 ], [ 103.2181, 11.8295 ], [ 103.2243, 11.8277 ], [ 103.2267, 11.8337 ], [ 103.2364, 11.8332 ], [ 103.2429, 11.84 ], [ 103.2361, 11.8325 ], [ 103.2276, 11.8331 ], [ 103.2248, 11.8269 ], [ 103.217, 11.829 ], [ 103.2151, 11.8263 ], [ 103.2178, 11.8268 ], [ 103.2176, 11.8241 ], [ 103.2149, 11.8247 ], [ 103.217, 11.8236 ], [ 103.2162, 11.8193 ], [ 103.2138, 11.8206 ], [ 103.2151, 11.822 ], [ 103.2108, 11.8222 ], [ 103.2132, 11.8228 ] ] ] } },
{ "type": "Feature", "properties": { "to": "Water", "kh": "ទឹក", "ha": 23097 }, "geometry": { "type": "Polygon", "coordinates": [ [ [ 103.1207, 11.9382 ], [ 103.123, 11.9336 ], [ 103.1291, 11.932 ], [ 103.1269, 11.9285 ], [ 103.1289, 11.923 ], [ 103.1272, 11.9169 ], [ 103.121, 11.9164 ], [ 103.1205, 11.9116 ], [ 103.1249, 11.9068 ], [ 103.1279, 11.9127 ], [ 103.135, 11.915 ], [ 103.1326, 11.9123 ], [ 103.1343, 11.8995 ], [ 103.1373, 11.9025 ], [ 103.144, 11.9023 ], [ 103.1459, 11.9061 ], [ 103.1525, 11.9042 ], [ 103.153, 11.9064 ], [ 103.1507, 11.9067 ], [ 103.15, 11.9077 ], [ 103.1508, 11.9115 ], [ 103.1593, 11.9108 ], [ 103.17, 11.9179 ], [ 103.1738, 11.9206 ], [ 103.1741, 11.9258 ], [ 103.1793, 11.931 ], [ 103.1859, 11.9275 ], [ 103.1892, 11.9334 ], [ 103.1935, 11.9363 ], [ 103.1977, 11.9368 ], [ 103.201, 11.9345 ], [ 103.2016, 11.9407 ], [ 103.2059, 11.9444 ], [ 103.2144, 11.9448 ], [ 103.2123, 11.9336 ], [ 103.2132, 11.9271 ], [ 103.2168, 11.9229 ], [ 103.2237, 11.9266 ], [ 103.2283, 11.9335 ], [ 103.2321, 11.9318 ], [ 103.2325, 11.9259 ], [ 103.2426, 11.9287 ], [ 103.2454, 11.926 ], [ 103.2475, 11.9277 ], [ 103.2517, 11.9271 ], [ 103.2558, 11.9353 ], [ 103.2594, 11.9342 ], [ 103.2623, 11.9301 ], [ 103.2653, 11.9417 ], [ 103.2707, 11.941 ], [ 103.2753, 11.9458 ], [ 103.2799, 11.9455 ], [ 103.2807, 11.9531 ], [ 103.2863, 11.9533 ], [ 103.2865, 11.9555 ], [ 103.2885, 11.9569 ], [ 103.2942, 11.9555 ], [ 103.2934, 11.9593 ], [ 103.2988, 11.9591 ], [ 103.2996, 11.9631 ], [ 103.3091, 11.9636 ], [ 103.3139, 11.9587 ], [ 103.3135, 11.9635 ], [ 103.3204, 11.9632 ], [ 103.3204, 11.9658 ], [ 103.3263, 11.9701 ], [ 103.3316, 11.9674 ], [ 103.3314, 11.9645 ], [ 103.3344, 11.9649 ], [ 103.3408, 11.961 ], [ 103.346, 11.9613 ], [ 103.3495, 11.9678 ], [ 103.3608, 11.9655 ], [ 103.3716, 11.9733 ], [ 103.3767, 11.9752 ], [ 103.377, 11.9824 ], [ 103.38, 11.9835 ], [ 103.3811, 11.9824 ], [ 103.3795, 11.9772 ], [ 103.3831, 11.9732 ], [ 103.3894, 11.9756 ], [ 103.3947, 11.9727 ], [ 103.3964, 11.9692 ], [ 103.3894, 11.9751 ], [ 103.3828, 11.9729 ], [ 103.3792, 11.9767 ], [ 103.3797, 11.9829 ], [ 103.377, 11.9805 ], [ 103.3789, 11.9768 ], [ 103.377, 11.9741 ], [ 103.3608, 11.9649 ], [ 103.3493, 11.967 ], [ 103.3468, 11.9609 ], [ 103.3403, 11.9604 ], [ 103.3344, 11.9641 ], [ 103.3306, 11.9633 ], [ 103.3311, 11.9668 ], [ 103.3263, 11.9693 ], [ 103.3206, 11.9628 ], [ 103.3139, 11.9631 ], [ 103.3141, 11.9581 ], [ 103.309, 11.9627 ], [ 103.2997, 11.9625 ], [ 103.2988, 11.9585 ], [ 103.2942, 11.9592 ], [ 103.2945, 11.9547 ], [ 103.2896, 11.9563 ], [ 103.2857, 11.9525 ], [ 103.2813, 11.9525 ], [ 103.2805, 11.9449 ], [ 103.2753, 11.9451 ], [ 103.2704, 11.9404 ], [ 103.2651, 11.9407 ], [ 103.2644, 11.9329 ], [ 103.2663, 11.9323 ], [ 103.2633, 11.9296 ], [ 103.2613, 11.9296 ], [ 103.2556, 11.9347 ], [ 103.252, 11.926 ], [ 103.2478, 11.9271 ], [ 103.2448, 11.925 ], [ 103.2413, 11.928 ], [ 103.2319, 11.9247 ], [ 103.2319, 11.931 ], [ 103.2278, 11.9323 ], [ 103.2248, 11.9261 ], [ 103.2171, 11.922 ], [ 103.2124, 11.9269 ], [ 103.2115, 11.9336 ], [ 103.2142, 11.9445 ], [ 103.2065, 11.9442 ], [ 103.2022, 11.9401 ], [ 103.2013, 11.9338 ], [ 103.1974, 11.9362 ], [ 103.1919, 11.935 ], [ 103.186, 11.9269 ], [ 103.1782, 11.9296 ], [ 103.1741, 11.9202 ], [ 103.1601, 11.9102 ], [ 103.1512, 11.9104 ], [ 103.1508, 11.9072 ], [ 103.1533, 11.9072 ], [ 103.1525, 11.9037 ], [ 103.1466, 11.9053 ], [ 103.1447, 11.9018 ], [ 103.1328, 11.8983 ], [ 103.1318, 11.9107 ], [ 103.1291, 11.9115 ], [ 103.1249, 11.9057 ], [ 103.1202, 11.9096 ], [ 103.1239, 11.897 ], [ 103.1204, 11.8937 ], [ 103.1161, 11.8953 ], [ 103.1134, 11.8951 ], [ 103.1126, 11.8934 ], [ 103.1151, 11.8948 ], [ 103.1159, 11.8918 ], [ 103.1129, 11.8915 ], [ 103.113, 11.885 ], [ 103.1059, 11.8829 ], [ 103.1064, 11.8806 ], [ 103.1134, 11.8821 ], [ 103.1091, 11.881 ], [ 103.1106, 11.873 ], [ 103.1078, 11.87 ], [ 103.1053, 11.8565 ], [ 103.1078, 11.8551 ], [ 103.1105, 11.86 ], [ 103.1121, 11.8589 ], [ 103.1137, 11.8622 ], [ 103.1233, 11.8655 ], [ 103.1258, 11.8689 ], [ 103.1247, 11.8646 ], [ 103.1148, 11.8597 ], [ 103.1165, 11.8573 ], [ 103.1107, 11.8546 ], [ 103.1102, 11.8503 ], [ 103.1034, 11.8522 ], [ 103.1026, 11.8578 ], [ 103.0972, 11.8584 ], [ 103.0951, 11.8605 ], [ 103.098, 11.8589 ], [ 103.1042, 11.8611 ], [ 103.1072, 11.8774 ], [ 103.102, 11.8822 ], [ 103.1107, 11.8881 ], [ 103.1115, 11.8967 ], [ 103.1212, 11.8978 ], [ 103.1172, 11.9113 ], [ 103.1194, 11.9124 ], [ 103.1193, 11.9178 ], [ 103.1257, 11.919 ], [ 103.1273, 11.9233 ], [ 103.1256, 11.9263 ], [ 103.1269, 11.9312 ], [ 103.1223, 11.9328 ], [ 103.1199, 11.9374 ], [ 103.1203, 11.9417 ], [ 103.1247, 11.9451 ], [ 103.1207, 11.9382 ] ] ] } },
{ "type": "Feature", "properties": { "to": "Water", "kh": "ទឹក", "ha": 23097 }, "geometry": { "type": "Polygon", "coordinates": [ [ [ 103.407, 10.94 ], [ 103.4086, 10.9421 ], [ 103.4048, 10.9446 ], [ 103.404, 10.9521 ], [ 103.4072, 10.9513 ], [ 103.4067, 10.9532 ], [ 103.4045, 10.9521 ], [ 103.4053, 10.9575 ], [ 103.4029, 10.9567 ], [ 103.4053, 10.9629 ], [ 103.4088, 10.9624 ], [ 103.4061, 10.9564 ], [ 103.4078, 10.9567 ], [ 103.4132, 10.9405 ], [ 103.4124, 10.9381 ], [ 103.4091, 10.9403 ], [ 103.4118, 10.9362 ], [ 103.4102, 10.9341 ], [ 103.407, 10.94 ] ] ] } },
{ "type": "Feature", "properties": { "to": "Water", "kh": "ទឹក", "ha": 23097 }, "geometry": { "type": "Polygon", "coordinates": [ [ [ 103.4118, 10.9705 ], [ 103.4094, 10.9705 ], [ 103.4099, 10.9729 ], [ 103.4088, 10.9716 ], [ 103.4094, 10.9689 ], [ 103.4067, 10.968 ], [ 103.408, 10.971 ], [ 103.4043, 10.9743 ], [ 103.4051, 10.9788 ], [ 103.4091, 10.978 ], [ 103.4167, 10.991 ], [ 103.4167, 10.9829 ], [ 103.4196, 10.982 ], [ 103.4118, 10.9705 ] ] ] } },
{ "type": "Feature", "properties": { "to": "Water", "kh": "ទឹក", "ha": 23097 }, "geometry": { "type": "Polygon", "coordinates": [ [ [ 103.4229, 10.9902 ], [ 103.424, 10.9993 ], [ 103.4226, 10.9948 ], [ 103.418, 10.9958 ], [ 103.4229, 11.0039 ], [ 103.424, 11.0004 ], [ 103.4253, 11.0015 ], [ 103.425, 11.0047 ], [ 103.4231, 11.0045 ], [ 103.424, 11.0093 ], [ 103.4259, 11.0039 ], [ 103.4229, 10.9902 ] ] ] } },
{ "type": "Feature", "properties": { "to": "Water", "kh": "ទឹក", "ha": 23097 }, "geometry": { "type": "Polygon", "coordinates": [ [ [ 103.3483, 11.056 ], [ 103.35, 11.0584 ], [ 103.3516, 11.0584 ], [ 103.356, 11.0576 ], [ 103.3576, 11.0555 ], [ 103.357, 11.0614 ], [ 103.3599, 11.0576 ], [ 103.3633, 11.0589 ], [ 103.3587, 11.0536 ], [ 103.356, 11.0536 ], [ 103.3548, 11.0573 ], [ 103.3479, 11.0557 ], [ 103.3427, 11.0671 ], [ 103.3483, 11.056 ] ] ] } },
{ "type": "Feature", "properties": { "to": "Water", "kh": "ទឹក", "ha": 23097 }, "geometry": { "type": "Polygon", "coordinates": [ [ [ 103.4306, 11.1035 ], [ 103.4264, 11.1043 ], [ 103.4285, 11.1059 ], [ 103.4221, 11.1048 ], [ 103.4188, 11.0862 ], [ 103.4099, 11.0881 ], [ 103.411, 11.0837 ], [ 103.4096, 11.0824 ], [ 103.4014, 11.0813 ], [ 103.3948, 11.0757 ], [ 103.3918, 11.0765 ], [ 103.3918, 11.0787 ], [ 103.3951, 11.0803 ], [ 103.3945, 11.0819 ], [ 103.3909, 11.0836 ], [ 103.3899, 11.0793 ], [ 103.3875, 11.0787 ], [ 103.3822, 11.0828 ], [ 103.3789, 11.0752 ], [ 103.384, 11.0743 ], [ 103.3852, 11.0701 ], [ 103.3821, 11.0663 ], [ 103.3776, 11.0662 ], [ 103.3808, 11.0638 ], [ 103.3746, 11.0598 ], [ 103.3732, 11.0548 ], [ 103.3691, 11.054 ], [ 103.3697, 11.0496 ], [ 103.3665, 11.0482 ], [ 103.3654, 11.0531 ], [ 103.3598, 11.0522 ], [ 103.3619, 11.0482 ], [ 103.3576, 11.0444 ], [ 103.3557, 11.0444 ], [ 103.3541, 11.0474 ], [ 103.3543, 11.0511 ], [ 103.3465, 11.0511 ], [ 103.3538, 11.0523 ], [ 103.357, 11.0449 ], [ 103.3611, 11.0485 ], [ 103.3581, 11.052 ], [ 103.3649, 11.0541 ], [ 103.3681, 11.0491 ], [ 103.3684, 11.0541 ], [ 103.3727, 11.0555 ], [ 103.3738, 11.06 ], [ 103.38, 11.0638 ], [ 103.3727, 11.0657 ], [ 103.3726, 11.0708 ], [ 103.3678, 11.0735 ], [ 103.3633, 11.0729 ], [ 103.3624, 11.0685 ], [ 103.3622, 11.0725 ], [ 103.3592, 11.0687 ], [ 103.3605, 11.0662 ], [ 103.356, 11.0669 ], [ 103.3573, 11.062 ], [ 103.3552, 11.066 ], [ 103.357, 11.0684 ], [ 103.3543, 11.0703 ], [ 103.3557, 11.0725 ], [ 103.3584, 11.0708 ], [ 103.3622, 11.0738 ], [ 103.3681, 11.0741 ], [ 103.3676, 11.0776 ], [ 103.3738, 11.0781 ], [ 103.3749, 11.076 ], [ 103.3754, 11.0795 ], [ 103.3783, 11.0768 ], [ 103.3827, 11.0838 ], [ 103.3875, 11.0795 ], [ 103.39, 11.0843 ], [ 103.3943, 11.0835 ], [ 103.3962, 11.0801 ], [ 103.3926, 11.0782 ], [ 103.3943, 11.0762 ], [ 103.401, 11.0819 ], [ 103.4102, 11.0843 ], [ 103.4088, 11.0865 ], [ 103.4099, 11.0892 ], [ 103.4177, 11.0868 ], [ 103.4177, 11.0949 ], [ 103.4226, 11.1062 ], [ 103.4329, 11.1065 ], [ 103.434, 11.0984 ], [ 103.4385, 11.0986 ], [ 103.4367, 11.0966 ], [ 103.4331, 11.0981 ], [ 103.4306, 11.1035 ] ], [ [ 103.382, 11.0668 ], [ 103.384, 11.0735 ], [ 103.3753, 11.0762 ], [ 103.3719, 11.0725 ], [ 103.3737, 11.0705 ], [ 103.3732, 11.0665 ], [ 103.382, 11.0668 ] ] ] } },
{ "type": "Feature", "properties": { "to": "Water", "kh": "ទឹក", "ha": 23097 }, "geometry": { "type": "Polygon", "coordinates": [ [ [ 103.3465, 11.0511 ], [ 103.3478, 11.0468 ], [ 103.3478, 11.0454 ], [ 103.3431, 11.0417 ], [ 103.3464, 11.0397 ], [ 103.3462, 11.0376 ], [ 103.3415, 11.0356 ], [ 103.3382, 11.0383 ], [ 103.3379, 11.0326 ], [ 103.3302, 11.0361 ], [ 103.3286, 11.0306 ], [ 103.3314, 11.0288 ], [ 103.3311, 11.0269 ], [ 103.3339, 11.0253 ], [ 103.3279, 11.0236 ], [ 103.3333, 11.0252 ], [ 103.3306, 11.0263 ], [ 103.3282, 11.0301 ], [ 103.3298, 11.0366 ], [ 103.3371, 11.0341 ], [ 103.3382, 11.039 ], [ 103.3415, 11.0363 ], [ 103.3456, 11.0379 ], [ 103.3425, 11.0417 ], [ 103.3473, 11.0465 ], [ 103.3433, 11.049 ], [ 103.3465, 11.0511 ] ] ] } },
{ "type": "Feature", "properties": { "to": "Water", "kh": "ទឹក", "ha": 23097 }, "geometry": { "type": "Polygon", "coordinates": [ [ [ 103.3589, 11.0765 ], [ 103.356, 11.0779 ], [ 103.3568, 11.0727 ], [ 103.35, 11.0779 ], [ 103.3554, 11.0768 ], [ 103.3533, 11.0808 ], [ 103.357, 11.0808 ], [ 103.3557, 11.0854 ], [ 103.3603, 11.0827 ], [ 103.3603, 11.0808 ], [ 103.3581, 11.0822 ], [ 103.3597, 11.0797 ], [ 103.3565, 11.0795 ], [ 103.3589, 11.0765 ] ] ] } },
{ "type": "Feature", "properties": { "to": "Water", "kh": "ទឹក", "ha": 23097 }, "geometry": { "type": "Polygon", "coordinates": [ [ [ 103.4356, 11.1189 ], [ 103.441, 11.121 ], [ 103.4358, 11.111 ], [ 103.4329, 11.1143 ], [ 103.4345, 11.1154 ], [ 103.4307, 11.1175 ], [ 103.4353, 11.1221 ], [ 103.4356, 11.1189 ] ] ] } },
{ "type": "Feature", "properties": { "to": "Water", "kh": "ទឹក", "ha": 23097 }, "geometry": { "type": "Polygon", "coordinates": [ [ [ 103.4558, 11.1283 ], [ 103.4558, 11.1253 ], [ 103.4509, 11.1224 ], [ 103.4531, 11.1205 ], [ 103.4501, 11.1129 ], [ 103.448, 11.114 ], [ 103.445, 11.111 ], [ 103.4447, 11.1135 ], [ 103.4396, 11.1081 ], [ 103.4445, 11.1145 ], [ 103.442, 11.1162 ], [ 103.4558, 11.1283 ] ] ] } },
{ "type": "Feature", "properties": { "to": "Water", "kh": "ទឹក", "ha": 23097 }, "geometry": { "type": "Polygon", "coordinates": [ [ [ 103.4604, 11.1558 ], [ 103.4752, 11.1558 ], [ 103.4739, 11.1504 ], [ 103.4706, 11.1483 ], [ 103.4671, 11.1556 ], [ 103.4644, 11.151 ], [ 103.4642, 11.1537 ], [ 103.4617, 11.1512 ], [ 103.4642, 11.1507 ], [ 103.4631, 11.148 ], [ 103.4588, 11.1472 ], [ 103.4569, 11.1539 ], [ 103.4512, 11.1558 ], [ 103.4496, 11.1602 ], [ 103.4488, 11.1566 ], [ 103.4474, 11.1558 ], [ 103.441, 11.1566 ], [ 103.4419, 11.1604 ], [ 103.4312, 11.1558 ], [ 103.4163, 11.1607 ], [ 103.4153, 11.1551 ], [ 103.4061, 11.1547 ], [ 103.4024, 11.1499 ], [ 103.4002, 11.1499 ], [ 103.3959, 11.1545 ], [ 103.3951, 11.152 ], [ 103.3889, 11.1514 ], [ 103.3881, 11.1541 ], [ 103.3856, 11.1533 ], [ 103.385, 11.1558 ], [ 103.3823, 11.1552 ], [ 103.3805, 11.1636 ], [ 103.3784, 11.1623 ], [ 103.3759, 11.1645 ], [ 103.3754, 11.1626 ], [ 103.3711, 11.1626 ], [ 103.3695, 11.165 ], [ 103.3665, 11.1631 ], [ 103.3633, 11.165 ], [ 103.3695, 11.1658 ], [ 103.3724, 11.163 ], [ 103.3759, 11.1652 ], [ 103.3781, 11.1628 ], [ 103.3812, 11.1644 ], [ 103.3823, 11.1558 ], [ 103.3853, 11.1566 ], [ 103.3856, 11.1541 ], [ 103.3883, 11.155 ], [ 103.3892, 11.1523 ], [ 103.3949, 11.1526 ], [ 103.396, 11.155 ], [ 103.4013, 11.1504 ], [ 103.4061, 11.1556 ], [ 103.4151, 11.1565 ], [ 103.4129, 11.1612 ], [ 103.4199, 11.161 ], [ 103.4295, 11.1569 ], [ 103.4415, 11.1612 ], [ 103.4433, 11.159 ], [ 103.4412, 11.1574 ], [ 103.4433, 11.1564 ], [ 103.4482, 11.1569 ], [ 103.4499, 11.161 ], [ 103.4523, 11.1564 ], [ 103.4555, 11.1591 ], [ 103.4531, 11.1632 ], [ 103.4572, 11.164 ], [ 103.4615, 11.158 ], [ 103.475, 11.1587 ], [ 103.4606, 11.1577 ], [ 103.4604, 11.1558 ] ] ] } },
{ "type": "Feature", "properties": { "to": "Water", "kh": "ទឹក", "ha": 23097 }, "geometry": { "type": "Polygon", "coordinates": [ [ [ 103.441, 11.2128 ], [ 103.4393, 11.2173 ], [ 103.4401, 11.2206 ], [ 103.4469, 11.2165 ], [ 103.4461, 11.2128 ], [ 103.441, 11.2128 ] ] ] } },
{ "type": "Feature", "properties": { "to": "Water", "kh": "ទឹក", "ha": 23097 }, "geometry": { "type": "Polygon", "coordinates": [ [ [ 103.4425, 11.2412 ], [ 103.4546, 11.2535 ], [ 103.4556, 11.261 ], [ 103.4575, 11.2606 ], [ 103.4573, 11.2549 ], [ 103.4479, 11.245 ], [ 103.4415, 11.2249 ], [ 103.4425, 11.2412 ] ] ] } },
{ "type": "Feature", "properties": { "to": "Water", "kh": "ទឹក", "ha": 23097 }, "geometry": { "type": "Polygon", "coordinates": [ [ [ 103.4036, 11.5155 ], [ 103.3996, 11.5065 ], [ 103.3954, 11.5065 ], [ 103.3894, 11.502 ], [ 103.3812, 11.5052 ], [ 103.3848, 11.4896 ], [ 103.3895, 11.4818 ], [ 103.389, 11.4769 ], [ 103.3881, 11.4839 ], [ 103.384, 11.4893 ], [ 103.3806, 11.5056 ], [ 103.3835, 11.5071 ], [ 103.3856, 11.5037 ], [ 103.3902, 11.5031 ], [ 103.3951, 11.5074 ], [ 103.3989, 11.5079 ], [ 103.4031, 11.5158 ], [ 103.4047, 11.5169 ], [ 103.3998, 11.5217 ], [ 103.3904, 11.5176 ], [ 103.388, 11.5184 ], [ 103.3879, 11.5211 ], [ 103.3915, 11.5268 ], [ 103.3973, 11.5279 ], [ 103.3983, 11.5382 ], [ 103.3964, 11.5393 ], [ 103.3947, 11.5442 ], [ 103.3947, 11.5469 ], [ 103.398, 11.5488 ], [ 103.3985, 11.5529 ], [ 103.3952, 11.554 ], [ 103.3943, 11.5569 ], [ 103.3984, 11.564 ], [ 103.3965, 11.5686 ], [ 103.4, 11.5724 ], [ 103.4025, 11.5724 ], [ 103.4014, 11.5754 ], [ 103.4038, 11.5809 ], [ 103.4019, 11.576 ], [ 103.4036, 11.5719 ], [ 103.3967, 11.5683 ], [ 103.3987, 11.5659 ], [ 103.3987, 11.563 ], [ 103.3957, 11.5548 ], [ 103.3988, 11.5532 ], [ 103.399, 11.551 ], [ 103.3979, 11.548 ], [ 103.3952, 11.5469 ], [ 103.3952, 11.5439 ], [ 103.3986, 11.5388 ], [ 103.3978, 11.5271 ], [ 103.3923, 11.5268 ], [ 103.3882, 11.5203 ], [ 103.3915, 11.5187 ], [ 103.4003, 11.522 ], [ 103.4053, 11.5171 ], [ 103.4143, 11.524 ], [ 103.4195, 11.5243 ], [ 103.4036, 11.5155 ] ] ] } },
{ "type": "Feature", "properties": { "to": "Water", "kh": "ទឹក", "ha": 23097 }, "geometry": { "type": "Polygon", "coordinates": [ [ [ 103.4423, 11.737 ], [ 103.4448, 11.7332 ], [ 103.4419, 11.7321 ], [ 103.4397, 11.734 ], [ 103.4401, 11.7321 ], [ 103.4368, 11.7278 ], [ 103.4395, 11.7275 ], [ 103.4421, 11.7226 ], [ 103.4407, 11.7207 ], [ 103.4421, 11.7216 ], [ 103.4439, 11.7157 ], [ 103.441, 11.714 ], [ 103.4424, 11.7121 ], [ 103.44, 11.7062 ], [ 103.4419, 11.7064 ], [ 103.4428, 11.7043 ], [ 103.4383, 11.7043 ], [ 103.4321, 11.697 ], [ 103.4337, 11.6903 ], [ 103.4283, 11.6889 ], [ 103.4283, 11.6849 ], [ 103.425, 11.6827 ], [ 103.4177, 11.6829 ], [ 103.4135, 11.6753 ], [ 103.4072, 11.6725 ], [ 103.4037, 11.6737 ], [ 103.4055, 11.6693 ], [ 103.4039, 11.6584 ], [ 103.3979, 11.6619 ], [ 103.3932, 11.6589 ], [ 103.3913, 11.6624 ], [ 103.3882, 11.6619 ], [ 103.3866, 11.6556 ], [ 103.3814, 11.6506 ], [ 103.3825, 11.6469 ], [ 103.38, 11.6423 ], [ 103.3751, 11.6433 ], [ 103.3701, 11.6498 ], [ 103.3682, 11.6466 ], [ 103.3644, 11.6457 ], [ 103.3639, 11.6419 ], [ 103.36, 11.6395 ], [ 103.359, 11.6348 ], [ 103.3736, 11.6284 ], [ 103.3673, 11.628 ], [ 103.3636, 11.6323 ], [ 103.3579, 11.6336 ], [ 103.3592, 11.6392 ], [ 103.3633, 11.6419 ], [ 103.3633, 11.6446 ], [ 103.3649, 11.6471 ], [ 103.3685, 11.6474 ], [ 103.3699, 11.6509 ], [ 103.376, 11.6436 ], [ 103.3797, 11.6428 ], [ 103.3811, 11.6515 ], [ 103.3858, 11.6553 ], [ 103.3882, 11.6624 ], [ 103.3924, 11.6624 ], [ 103.3935, 11.6592 ], [ 103.3965, 11.6619 ], [ 103.399, 11.6622 ], [ 103.4035, 11.6591 ], [ 103.4052, 11.6685 ], [ 103.403, 11.6741 ], [ 103.4132, 11.6758 ], [ 103.4181, 11.684 ], [ 103.4248, 11.6833 ], [ 103.4277, 11.6892 ], [ 103.4334, 11.6911 ], [ 103.431, 11.696 ], [ 103.438, 11.7049 ], [ 103.4418, 11.7046 ], [ 103.4396, 11.7057 ], [ 103.442, 11.7123 ], [ 103.4399, 11.7143 ], [ 103.4428, 11.7154 ], [ 103.4404, 11.7175 ], [ 103.4424, 11.7202 ], [ 103.4396, 11.7191 ], [ 103.4415, 11.7229 ], [ 103.4366, 11.7272 ], [ 103.4363, 11.7302 ], [ 103.4396, 11.7345 ], [ 103.4445, 11.7335 ], [ 103.4417, 11.737 ], [ 103.4434, 11.7389 ], [ 103.4466, 11.7393 ], [ 103.4508, 11.7376 ], [ 103.4511, 11.7398 ], [ 103.4585, 11.7439 ], [ 103.4508, 11.7371 ], [ 103.4461, 11.7368 ], [ 103.4456, 11.739 ], [ 103.4423, 11.737 ] ] ] } },
{ "type": "Feature", "properties": { "to": "Water", "kh": "ទឹក", "ha": 23097 }, "geometry": { "type": "Polygon", "coordinates": [ [ [ 103.4235, 11.8039 ], [ 103.4264, 11.7809 ], [ 103.4211, 11.778 ], [ 103.4212, 11.773 ], [ 103.4107, 11.7526 ], [ 103.4018, 11.7518 ], [ 103.3951, 11.7545 ], [ 103.3913, 11.7522 ], [ 103.3905, 11.7541 ], [ 103.3875, 11.7499 ], [ 103.3775, 11.7502 ], [ 103.3703, 11.7469 ], [ 103.3632, 11.7483 ], [ 103.3608, 11.7463 ], [ 103.3555, 11.7463 ], [ 103.3495, 11.74 ], [ 103.3476, 11.7402 ], [ 103.3429, 11.7457 ], [ 103.3272, 11.7415 ], [ 103.326, 11.738 ], [ 103.3212, 11.7339 ], [ 103.324, 11.7312 ], [ 103.3262, 11.7231 ], [ 103.3323, 11.7196 ], [ 103.3268, 11.7147 ], [ 103.3293, 11.7198 ], [ 103.3251, 11.7239 ], [ 103.3233, 11.7312 ], [ 103.3198, 11.7329 ], [ 103.3266, 11.7426 ], [ 103.3426, 11.7462 ], [ 103.3484, 11.7408 ], [ 103.3539, 11.7465 ], [ 103.3633, 11.7494 ], [ 103.3689, 11.7478 ], [ 103.3751, 11.7507 ], [ 103.3844, 11.7502 ], [ 103.3902, 11.7556 ], [ 103.3916, 11.753 ], [ 103.3945, 11.755 ], [ 103.3967, 11.755 ], [ 103.4102, 11.7529 ], [ 103.4169, 11.7699 ], [ 103.4206, 11.7731 ], [ 103.4206, 11.7784 ], [ 103.4255, 11.7806 ], [ 103.4218, 11.8023 ], [ 103.4237, 11.805 ], [ 103.4301, 11.8072 ], [ 103.4322, 11.811 ], [ 103.4304, 11.8068 ], [ 103.4235, 11.8039 ] ] ] } },
{ "type": "Feature", "properties": { "to": "Water", "kh": "ទឹក", "ha": 23097 }, "geometry": { "type": "Polygon", "coordinates": [ [ [ 103.4447, 11.8423 ], [ 103.4477, 11.8488 ], [ 103.4521, 11.8488 ], [ 103.4524, 11.8507 ], [ 103.4546, 11.8523 ], [ 103.4548, 11.8545 ], [ 103.4612, 11.8556 ], [ 103.4625, 11.8608 ], [ 103.4653, 11.8616 ], [ 103.4649, 11.8714 ], [ 103.4655, 11.8608 ], [ 103.4625, 11.8597 ], [ 103.4617, 11.8554 ], [ 103.4554, 11.854 ], [ 103.4557, 11.8521 ], [ 103.4524, 11.8483 ], [ 103.4477, 11.8474 ], [ 103.4453, 11.8423 ], [ 103.4525, 11.8385 ], [ 103.4503, 11.835 ], [ 103.4395, 11.8338 ], [ 103.4393, 11.8205 ], [ 103.4369, 11.82 ], [ 103.438, 11.8167 ], [ 103.4325, 11.8113 ], [ 103.4374, 11.8167 ], [ 103.4363, 11.82 ], [ 103.4388, 11.8232 ], [ 103.439, 11.8341 ], [ 103.4497, 11.8352 ], [ 103.4519, 11.8388 ], [ 103.4447, 11.8423 ] ] ] } },
{ "type": "Feature", "properties": { "to": "Water", "kh": "ទឹក", "ha": 23097 }, "geometry": { "type": "Polygon", "coordinates": [ [ [ 103.4587, 12.0064 ], [ 103.4592, 11.9897 ], [ 103.4519, 11.9836 ], [ 103.4522, 11.9801 ], [ 103.4426, 11.9741 ], [ 103.4404, 11.9738 ], [ 103.4396, 11.9754 ], [ 103.4357, 11.9708 ], [ 103.4319, 11.9702 ], [ 103.4319, 11.968 ], [ 103.4261, 11.9653 ], [ 103.4316, 11.9683 ], [ 103.4319, 11.9707 ], [ 103.4393, 11.9759 ], [ 103.442, 11.9743 ], [ 103.4511, 11.9795 ], [ 103.4516, 11.9841 ], [ 103.459, 11.9901 ], [ 103.4576, 11.9994 ], [ 103.4587, 12.0078 ], [ 103.462, 12.0078 ], [ 103.4641, 12.0116 ], [ 103.4622, 12.0075 ], [ 103.4587, 12.0064 ] ] ] } },
{ "type": "Feature", "properties": { "to": "Water", "kh": "ទឹក", "ha": 23097 }, "geometry": { "type": "Polygon", "coordinates": [ [ [ 103.5119, 11.1963 ], [ 103.5106, 11.1887 ], [ 103.5079, 11.1896 ], [ 103.5087, 11.1852 ], [ 103.5054, 11.1863 ], [ 103.5035, 11.1831 ], [ 103.4987, 11.1922 ], [ 103.5025, 11.1885 ], [ 103.506, 11.196 ], [ 103.5068, 11.1898 ], [ 103.5089, 11.1914 ], [ 103.5081, 11.1961 ], [ 103.516, 11.1968 ], [ 103.5119, 11.1963 ] ] ] } },
{ "type": "Feature", "properties": { "to": "Water", "kh": "ទឹក", "ha": 23097 }, "geometry": { "type": "Polygon", "coordinates": [ [ [ 103.4836, 11.1909 ], [ 103.4855, 11.1867 ], [ 103.4816, 11.1908 ], [ 103.4733, 11.1926 ], [ 103.4929, 11.1898 ], [ 103.4946, 11.191 ], [ 103.4928, 11.1924 ], [ 103.493, 11.1947 ], [ 103.4909, 11.1956 ], [ 103.4922, 11.1987 ], [ 103.4892, 11.1989 ], [ 103.4922, 11.1995 ], [ 103.4928, 11.1984 ], [ 103.4914, 11.1959 ], [ 103.4933, 11.1951 ], [ 103.4953, 11.1913 ], [ 103.495, 11.1902 ], [ 103.4909, 11.1888 ], [ 103.4934, 11.1828 ], [ 103.4901, 11.1893 ], [ 103.4836, 11.1909 ] ] ] } },
{ "type": "Feature", "properties": { "to": "Water", "kh": "ទឹក", "ha": 23097 }, "geometry": { "type": "Polygon", "coordinates": [ [ [ 103.5219, 11.1866 ], [ 103.517, 11.1887 ], [ 103.5165, 11.1863 ], [ 103.5106, 11.1893 ], [ 103.5141, 11.1933 ], [ 103.5189, 11.1925 ], [ 103.5165, 11.1965 ], [ 103.5211, 11.1947 ], [ 103.5219, 11.1866 ] ] ] } },
{ "type": "Feature", "properties": { "to": "Water", "kh": "ទឹក", "ha": 23097 }, "geometry": { "type": "Polygon", "coordinates": [ [ [ 103.4779, 11.1996 ], [ 103.4836, 11.1993 ], [ 103.4906, 11.1936 ], [ 103.483, 11.1925 ], [ 103.4806, 11.1963 ], [ 103.4787, 11.1949 ], [ 103.4779, 11.1996 ] ] ] } },
{ "type": "Feature", "properties": { "to": "Water", "kh": "ទឹក", "ha": 23097 }, "geometry": { "type": "Polygon", "coordinates": [ [ [ 103.4612, 11.2063 ], [ 103.4544, 11.2114 ], [ 103.4542, 11.2155 ], [ 103.4604, 11.2187 ], [ 103.462, 11.213 ], [ 103.4687, 11.2122 ], [ 103.4642, 11.219 ], [ 103.4679, 11.2133 ], [ 103.4628, 11.2138 ], [ 103.4606, 11.2192 ], [ 103.4633, 11.219 ], [ 103.4636, 11.2244 ], [ 103.4679, 11.2249 ], [ 103.466, 11.2235 ], [ 103.4709, 11.2235 ], [ 103.4752, 11.2165 ], [ 103.4731, 11.2098 ], [ 103.476, 11.2057 ], [ 103.4744, 11.2047 ], [ 103.4779, 11.2036 ], [ 103.4747, 11.2014 ], [ 103.4766, 11.1983 ], [ 103.4704, 11.2003 ], [ 103.4685, 11.1982 ], [ 103.4687, 11.2017 ], [ 103.4658, 11.2001 ], [ 103.473, 11.1926 ], [ 103.4594, 11.2044 ], [ 103.4612, 11.2038 ], [ 103.4612, 11.2063 ] ] ] } },
{ "type": "Feature", "properties": { "to": "Water", "kh": "ទឹក", "ha": 23097 }, "geometry": { "type": "Polygon", "coordinates": [ [ [ 103.4537, 11.2082 ], [ 103.448, 11.2271 ], [ 103.4523, 11.2257 ], [ 103.4504, 11.223 ], [ 103.4569, 11.2271 ], [ 103.4628, 11.2238 ], [ 103.4604, 11.22 ], [ 103.4571, 11.2225 ], [ 103.4574, 11.2195 ], [ 103.4526, 11.2173 ], [ 103.4537, 11.2082 ] ] ] } },
{ "type": "Feature", "properties": { "to": "Water", "kh": "ទឹក", "ha": 23097 }, "geometry": { "type": "Polygon", "coordinates": [ [ [ 103.4631, 11.2802 ], [ 103.4728, 11.2861 ], [ 103.4785, 11.3053 ], [ 103.4838, 11.3054 ], [ 103.4851, 11.3083 ], [ 103.4785, 11.3073 ], [ 103.476, 11.3097 ], [ 103.4766, 11.312 ], [ 103.4817, 11.3128 ], [ 103.4762, 11.3149 ], [ 103.477, 11.3168 ], [ 103.4806, 11.3182 ], [ 103.477, 11.3176 ], [ 103.4743, 11.3206 ], [ 103.4762, 11.3184 ], [ 103.476, 11.3158 ], [ 103.4706, 11.3139 ], [ 103.4693, 11.3206 ], [ 103.4666, 11.3185 ], [ 103.4631, 11.3196 ], [ 103.4594, 11.3289 ], [ 103.4594, 11.33 ], [ 103.4623, 11.3327 ], [ 103.4544, 11.3338 ], [ 103.4466, 11.3412 ], [ 103.4497, 11.3479 ], [ 103.4477, 11.3439 ], [ 103.4442, 11.3446 ], [ 103.4447, 11.3471 ], [ 103.4418, 11.3478 ], [ 103.4426, 11.3455 ], [ 103.4406, 11.3439 ], [ 103.442, 11.3437 ], [ 103.4431, 11.3419 ], [ 103.4412, 11.3377 ], [ 103.438, 11.3369 ], [ 103.4366, 11.3393 ], [ 103.4334, 11.3369 ], [ 103.4312, 11.3374 ], [ 103.4288, 11.3358 ], [ 103.4299, 11.3339 ], [ 103.4176, 11.3235 ], [ 103.4253, 11.3331 ], [ 103.4272, 11.3325 ], [ 103.4269, 11.3355 ], [ 103.4294, 11.3342 ], [ 103.4283, 11.3361 ], [ 103.4346, 11.3396 ], [ 103.4373, 11.3399 ], [ 103.4391, 11.3375 ], [ 103.4415, 11.3394 ], [ 103.4425, 11.3424 ], [ 103.4385, 11.3444 ], [ 103.442, 11.3458 ], [ 103.4401, 11.3471 ], [ 103.442, 11.3485 ], [ 103.4461, 11.3479 ], [ 103.4467, 11.3446 ], [ 103.4474, 11.3479 ], [ 103.4507, 11.3485 ], [ 103.4508, 11.3423 ], [ 103.453, 11.3433 ], [ 103.4505, 11.3416 ], [ 103.4486, 11.3443 ], [ 103.4472, 11.3414 ], [ 103.4519, 11.3381 ], [ 103.4525, 11.3403 ], [ 103.4553, 11.3342 ], [ 103.4624, 11.3335 ], [ 103.4643, 11.3312 ], [ 103.4673, 11.3325 ], [ 103.465, 11.3347 ], [ 103.4679, 11.3339 ], [ 103.4679, 11.332 ], [ 103.4643, 11.3273 ], [ 103.462, 11.328 ], [ 103.4642, 11.328 ], [ 103.4639, 11.3308 ], [ 103.4599, 11.3297 ], [ 103.4633, 11.3203 ], [ 103.4696, 11.3212 ], [ 103.471, 11.3146 ], [ 103.4757, 11.3168 ], [ 103.4731, 11.3212 ], [ 103.4809, 11.3188 ], [ 103.4806, 11.3166 ], [ 103.4768, 11.3157 ], [ 103.4823, 11.3144 ], [ 103.4815, 11.3117 ], [ 103.4771, 11.3106 ], [ 103.4785, 11.3083 ], [ 103.485, 11.3093 ], [ 103.4888, 11.3217 ], [ 103.5, 11.3207 ], [ 103.5077, 11.325 ], [ 103.5008, 11.3199 ], [ 103.489, 11.3204 ], [ 103.4859, 11.3055 ], [ 103.479, 11.3045 ], [ 103.4734, 11.2842 ], [ 103.4635, 11.2779 ], [ 103.4553, 11.2647 ], [ 103.4631, 11.2802 ] ] ] } },
{ "type": "Feature", "properties": { "to": "Water", "kh": "ទឹក", "ha": 23097 }, "geometry": { "type": "Polygon", "coordinates": [ [ [ 103.5424, 11.3342 ], [ 103.5449, 11.3277 ], [ 103.5413, 11.3206 ], [ 103.5327, 11.3185 ], [ 103.5281, 11.3223 ], [ 103.5283, 11.3244 ], [ 103.5332, 11.3196 ], [ 103.5413, 11.3226 ], [ 103.5443, 11.328 ], [ 103.5413, 11.3344 ], [ 103.5344, 11.3366 ], [ 103.5352, 11.3393 ], [ 103.5346, 11.3372 ], [ 103.5424, 11.3342 ] ] ] } },
{ "type": "Feature", "properties": { "to": "Water", "kh": "ទឹក", "ha": 23097 }, "geometry": { "type": "Polygon", "coordinates": [ [ [ 103.5073, 11.417 ], [ 103.5081, 11.4249 ], [ 103.5187, 11.4355 ], [ 103.5162, 11.4467 ], [ 103.5113, 11.4491 ], [ 103.5107, 11.4545 ], [ 103.5074, 11.4569 ], [ 103.5072, 11.4607 ], [ 103.5084, 11.4656 ], [ 103.5101, 11.4661 ], [ 103.5095, 11.4759 ], [ 103.5132, 11.4898 ], [ 103.5141, 11.4865 ], [ 103.5097, 11.4754 ], [ 103.5103, 11.4659 ], [ 103.5076, 11.458 ], [ 103.5115, 11.4542 ], [ 103.512, 11.4489 ], [ 103.5162, 11.448 ], [ 103.5186, 11.4438 ], [ 103.5198, 11.448 ], [ 103.5228, 11.4527 ], [ 103.5279, 11.451 ], [ 103.5297, 11.4532 ], [ 103.5277, 11.4506 ], [ 103.5231, 11.4524 ], [ 103.5187, 11.4434 ], [ 103.5193, 11.435 ], [ 103.5089, 11.4255 ], [ 103.5081, 11.4184 ], [ 103.5148, 11.4027 ], [ 103.5073, 11.417 ] ] ] } },
{ "type": "Feature", "properties": { "to": "Water", "kh": "ទឹក", "ha": 23097 }, "geometry": { "type": "Polygon", "coordinates": [ [ [ 103.5184, 11.5172 ], [ 103.5168, 11.512 ], [ 103.5161, 11.5114 ], [ 103.5101, 11.5101 ], [ 103.5063, 11.5017 ], [ 103.5071, 11.4976 ], [ 103.5099, 11.4968 ], [ 103.5096, 11.4963 ], [ 103.5131, 11.4943 ], [ 103.514, 11.493 ], [ 103.5132, 11.4898 ], [ 103.5127, 11.4944 ], [ 103.5066, 11.4965 ], [ 103.5057, 11.5019 ], [ 103.5096, 11.5104 ], [ 103.5164, 11.512 ], [ 103.5176, 11.5168 ], [ 103.5252, 11.5235 ], [ 103.5303, 11.5349 ], [ 103.5253, 11.5233 ], [ 103.5184, 11.5172 ] ] ] } },
{ "type": "Feature", "properties": { "to": "Water", "kh": "ទឹក", "ha": 23097 }, "geometry": { "type": "Polygon", "coordinates": [ [ [ 103.5439, 11.6258 ], [ 103.5373, 11.6323 ], [ 103.5319, 11.629 ], [ 103.5243, 11.63 ], [ 103.5222, 11.6246 ], [ 103.5178, 11.6242 ], [ 103.5122, 11.6191 ], [ 103.513, 11.6137 ], [ 103.5063, 11.6099 ], [ 103.5054, 11.6021 ], [ 103.5025, 11.6004 ], [ 103.4936, 11.601 ], [ 103.489, 11.6063 ], [ 103.4832, 11.5986 ], [ 103.4788, 11.5975 ], [ 103.476, 11.5929 ], [ 103.4717, 11.5918 ], [ 103.4722, 11.5862 ], [ 103.4652, 11.5771 ], [ 103.4531, 11.5784 ], [ 103.4517, 11.5603 ], [ 103.4493, 11.5583 ], [ 103.4351, 11.5551 ], [ 103.4339, 11.5524 ], [ 103.4277, 11.5484 ], [ 103.4275, 11.5441 ], [ 103.4204, 11.5449 ], [ 103.4222, 11.5408 ], [ 103.4277, 11.5419 ], [ 103.4231, 11.5397 ], [ 103.4252, 11.5381 ], [ 103.4234, 11.5306 ], [ 103.4264, 11.5233 ], [ 103.4195, 11.5243 ], [ 103.4253, 11.5246 ], [ 103.4221, 11.5295 ], [ 103.4237, 11.5381 ], [ 103.4202, 11.5406 ], [ 103.4199, 11.5451 ], [ 103.4258, 11.5449 ], [ 103.4272, 11.5489 ], [ 103.4348, 11.5561 ], [ 103.4509, 11.5608 ], [ 103.4525, 11.5787 ], [ 103.4649, 11.5779 ], [ 103.4706, 11.5858 ], [ 103.4706, 11.5926 ], [ 103.4755, 11.594 ], [ 103.4779, 11.5983 ], [ 103.4829, 11.5996 ], [ 103.4881, 11.6071 ], [ 103.4936, 11.6025 ], [ 103.503, 11.6018 ], [ 103.5041, 11.608 ], [ 103.5057, 11.6107 ], [ 103.5103, 11.6126 ], [ 103.5109, 11.6199 ], [ 103.5151, 11.6218 ], [ 103.5153, 11.6247 ], [ 103.5211, 11.6251 ], [ 103.5227, 11.6308 ], [ 103.5321, 11.6299 ], [ 103.5375, 11.6331 ], [ 103.5413, 11.6415 ], [ 103.5454, 11.6434 ], [ 103.549, 11.6435 ], [ 103.5473, 11.6386 ], [ 103.5515, 11.6397 ], [ 103.5526, 11.635 ], [ 103.5553, 11.638 ], [ 103.5597, 11.6392 ], [ 103.5605, 11.6436 ], [ 103.5639, 11.6468 ], [ 103.5659, 11.645 ], [ 103.5648, 11.6416 ], [ 103.5688, 11.6381 ], [ 103.568, 11.6415 ], [ 103.5705, 11.6479 ], [ 103.5777, 11.6477 ], [ 103.5796, 11.6514 ], [ 103.5853, 11.6501 ], [ 103.5866, 11.6558 ], [ 103.6064, 11.6595 ], [ 103.6047, 11.6574 ], [ 103.5869, 11.655 ], [ 103.5856, 11.6491 ], [ 103.5798, 11.6506 ], [ 103.5791, 11.6477 ], [ 103.574, 11.6442 ], [ 103.5713, 11.6452 ], [ 103.575, 11.6466 ], [ 103.5707, 11.6471 ], [ 103.5691, 11.6376 ], [ 103.5642, 11.6409 ], [ 103.5637, 11.6462 ], [ 103.5601, 11.6386 ], [ 103.5526, 11.6342 ], [ 103.551, 11.6391 ], [ 103.5467, 11.6382 ], [ 103.5485, 11.6425 ], [ 103.5413, 11.6409 ], [ 103.5381, 11.6323 ], [ 103.5439, 11.6258 ] ] ] } },
{ "type": "Feature", "properties": { "to": "Water", "kh": "ទឹក", "ha": 23097 }, "geometry": { "type": "Polygon", "coordinates": [ [ [ 103.5489, 11.6155 ], [ 103.5659, 11.6183 ], [ 103.5701, 11.6137 ], [ 103.5742, 11.6146 ], [ 103.5704, 11.6132 ], [ 103.5712, 11.6083 ], [ 103.5654, 11.6175 ], [ 103.5486, 11.6144 ], [ 103.5505, 11.6223 ], [ 103.5436, 11.6255 ], [ 103.5513, 11.6223 ], [ 103.5489, 11.6155 ] ] ] } },
{ "type": "Feature", "properties": { "to": "Water", "kh": "ទឹក", "ha": 23097 }, "geometry": { "type": "Polygon", "coordinates": [ [ [ 103.489, 11.8015 ], [ 103.4896, 11.7977 ], [ 103.4871, 11.7966 ], [ 103.4871, 11.7929 ], [ 103.4836, 11.7904 ], [ 103.4814, 11.7809 ], [ 103.4776, 11.7754 ], [ 103.4714, 11.7771 ], [ 103.4682, 11.7743 ], [ 103.4693, 11.7716 ], [ 103.4622, 11.767 ], [ 103.4628, 11.7634 ], [ 103.4658, 11.7626 ], [ 103.4687, 11.7513 ], [ 103.4679, 11.7497 ], [ 103.4648, 11.7502 ], [ 103.4645, 11.7469 ], [ 103.4585, 11.7439 ], [ 103.4643, 11.7474 ], [ 103.4645, 11.7512 ], [ 103.4681, 11.751 ], [ 103.4656, 11.7615 ], [ 103.4622, 11.7634 ], [ 103.4617, 11.7669 ], [ 103.4691, 11.7719 ], [ 103.4677, 11.7743 ], [ 103.472, 11.7779 ], [ 103.4773, 11.776 ], [ 103.4817, 11.7839 ], [ 103.4822, 11.7912 ], [ 103.486, 11.7926 ], [ 103.4865, 11.7985 ], [ 103.4904, 11.8053 ], [ 103.492, 11.8073 ], [ 103.4956, 11.8092 ], [ 103.489, 11.8015 ] ] ] } },
{ "type": "Feature", "properties": { "to": "Water", "kh": "ទឹក", "ha": 23097 }, "geometry": { "type": "Polygon", "coordinates": [ [ [ 103.5625, 11.8591 ], [ 103.5603, 11.8562 ], [ 103.5559, 11.8564 ], [ 103.5556, 11.8542 ], [ 103.5526, 11.8512 ], [ 103.5493, 11.8507 ], [ 103.5485, 11.8469 ], [ 103.5441, 11.846 ], [ 103.543, 11.8425 ], [ 103.5405, 11.8428 ], [ 103.5375, 11.8387 ], [ 103.535, 11.8383 ], [ 103.5372, 11.836 ], [ 103.5363, 11.8331 ], [ 103.5409, 11.8292 ], [ 103.5401, 11.8259 ], [ 103.5381, 11.8278 ], [ 103.5326, 11.8261 ], [ 103.5313, 11.8229 ], [ 103.5285, 11.8229 ], [ 103.5285, 11.8199 ], [ 103.5221, 11.819 ], [ 103.5283, 11.8202 ], [ 103.5283, 11.8232 ], [ 103.5326, 11.827 ], [ 103.5384, 11.8284 ], [ 103.5398, 11.8262 ], [ 103.5403, 11.8287 ], [ 103.5351, 11.8335 ], [ 103.5367, 11.8356 ], [ 103.5346, 11.8385 ], [ 103.5403, 11.8433 ], [ 103.5425, 11.843 ], [ 103.543, 11.846 ], [ 103.5482, 11.8474 ], [ 103.5488, 11.8507 ], [ 103.5556, 11.8569 ], [ 103.56, 11.8567 ], [ 103.563, 11.8597 ], [ 103.5655, 11.8597 ], [ 103.5663, 11.8578 ], [ 103.5708, 11.8581 ], [ 103.5661, 11.8575 ], [ 103.5625, 11.8591 ] ] ] } },
{ "type": "Feature", "properties": { "to": "Water", "kh": "ទឹក", "ha": 23097 }, "geometry": { "type": "Polygon", "coordinates": [ [ [ 103.4607, 11.8871 ], [ 103.4574, 11.8887 ], [ 103.459, 11.8933 ], [ 103.4571, 11.8952 ], [ 103.4568, 11.8998 ], [ 103.4549, 11.9012 ], [ 103.4593, 11.9031 ], [ 103.4598, 11.905 ], [ 103.4562, 11.9042 ], [ 103.4562, 11.9053 ], [ 103.4581, 11.9082 ], [ 103.4609, 11.9082 ], [ 103.4633, 11.9123 ], [ 103.473, 11.9159 ], [ 103.4751, 11.9205 ], [ 103.4853, 11.9211 ], [ 103.485, 11.9236 ], [ 103.4856, 11.9249 ], [ 103.491, 11.9323 ], [ 103.4856, 11.9209 ], [ 103.4754, 11.92 ], [ 103.4732, 11.9156 ], [ 103.4636, 11.9118 ], [ 103.4612, 11.9077 ], [ 103.4565, 11.9053 ], [ 103.4601, 11.9053 ], [ 103.4596, 11.9028 ], [ 103.4554, 11.9012 ], [ 103.4571, 11.9001 ], [ 103.4627, 11.883 ], [ 103.4621, 11.879 ], [ 103.4649, 11.879 ], [ 103.4616, 11.8784 ], [ 103.4636, 11.8716 ], [ 103.461, 11.8779 ], [ 103.4607, 11.8871 ] ] ] } },
{ "type": "Feature", "properties": { "to": "Water", "kh": "ទឹក", "ha": 23097 }, "geometry": { "type": "Polygon", "coordinates": [ [ [ 103.6625, 11.0385 ], [ 103.6643, 11.0333 ], [ 103.6622, 11.0374 ], [ 103.6627, 11.0339 ], [ 103.6595, 11.0341 ], [ 103.6581, 11.0401 ], [ 103.6665, 11.0425 ], [ 103.6681, 11.0377 ], [ 103.6649, 11.0374 ], [ 103.6641, 11.0412 ], [ 103.6625, 11.0385 ] ] ] } },
{ "type": "Feature", "properties": { "to": "Water", "kh": "ទឹក", "ha": 23097 }, "geometry": { "type": "Polygon", "coordinates": [ [ [ 103.6592, 11.0582 ], [ 103.6565, 11.0433 ], [ 103.6592, 11.0428 ], [ 103.6562, 11.0404 ], [ 103.6532, 11.0476 ], [ 103.6482, 11.0508 ], [ 103.6592, 11.0582 ] ] ] } },
{ "type": "Feature", "properties": { "to": "Water", "kh": "ទឹក", "ha": 23097 }, "geometry": { "type": "Polygon", "coordinates": [ [ [ 103.6223, 11.1092 ], [ 103.6268, 11.11 ], [ 103.626, 11.1148 ], [ 103.6298, 11.1113 ], [ 103.6258, 11.1068 ], [ 103.6223, 11.1065 ], [ 103.6231, 11.1032 ], [ 103.6209, 11.1032 ], [ 103.6198, 11.0986 ], [ 103.6171, 11.1019 ], [ 103.6223, 11.1092 ] ] ] } },
{ "type": "Feature", "properties": { "to": "Water", "kh": "ទឹក", "ha": 23097 }, "geometry": { "type": "Polygon", "coordinates": [ [ [ 103.5951, 11.1734 ], [ 103.5918, 11.1723 ], [ 103.5951, 11.1715 ], [ 103.5937, 11.1663 ], [ 103.5968, 11.1655 ], [ 103.5858, 11.1589 ], [ 103.5839, 11.1601 ], [ 103.5839, 11.1636 ], [ 103.5798, 11.1592 ], [ 103.5764, 11.1631 ], [ 103.5769, 11.167 ], [ 103.5726, 11.162 ], [ 103.5701, 11.1661 ], [ 103.5648, 11.1631 ], [ 103.5637, 11.1696 ], [ 103.5675, 11.1704 ], [ 103.5676, 11.1728 ], [ 103.5578, 11.1688 ], [ 103.5591, 11.1748 ], [ 103.5566, 11.1748 ], [ 103.5528, 11.1707 ], [ 103.555, 11.1683 ], [ 103.5536, 11.1656 ], [ 103.552, 11.1702 ], [ 103.557, 11.1758 ], [ 103.5599, 11.1754 ], [ 103.5586, 11.1699 ], [ 103.5678, 11.1734 ], [ 103.5685, 11.1702 ], [ 103.5646, 11.1693 ], [ 103.5655, 11.1635 ], [ 103.5698, 11.167 ], [ 103.5726, 11.1628 ], [ 103.5769, 11.1677 ], [ 103.58, 11.1599 ], [ 103.5847, 11.1644 ], [ 103.5855, 11.1596 ], [ 103.5961, 11.1655 ], [ 103.5926, 11.1661 ], [ 103.5947, 11.1709 ], [ 103.5921, 11.1714 ], [ 103.591, 11.1728 ], [ 103.5945, 11.1736 ], [ 103.5931, 11.1776 ], [ 103.5995, 11.1769 ], [ 103.5942, 11.1758 ], [ 103.5951, 11.1734 ] ] ] } },
{ "type": "Feature", "properties": { "to": "Water", "kh": "ទឹក", "ha": 23097 }, "geometry": { "type": "Polygon", "coordinates": [ [ [ 103.5877, 11.1763 ], [ 103.5904, 11.1763 ], [ 103.5907, 11.1747 ], [ 103.5799, 11.1753 ], [ 103.5804, 11.1782 ], [ 103.5831, 11.1779 ], [ 103.5804, 11.1817 ], [ 103.5886, 11.1796 ], [ 103.5877, 11.1763 ] ] ] } },
{ "type": "Feature", "properties": { "to": "Water", "kh": "ទឹក", "ha": 23097 }, "geometry": { "type": "Polygon", "coordinates": [ [ [ 103.5994, 11.1826 ], [ 103.6027, 11.1832 ], [ 103.6041, 11.1866 ], [ 103.602, 11.1889 ], [ 103.6032, 11.1915 ], [ 103.5998, 11.1923 ], [ 103.5968, 11.1985 ], [ 103.6015, 11.1982 ], [ 103.6007, 11.1952 ], [ 103.605, 11.1931 ], [ 103.6031, 11.1896 ], [ 103.6057, 11.1864 ], [ 103.6027, 11.1826 ], [ 103.6, 11.1826 ], [ 103.6, 11.1807 ], [ 103.6049, 11.181 ], [ 103.5997, 11.1802 ], [ 103.5994, 11.1826 ] ] ] } },
{ "type": "Feature", "properties": { "to": "Water", "kh": "ទឹក", "ha": 23097 }, "geometry": { "type": "Polygon", "coordinates": [ [ [ 103.6036, 11.2041 ], [ 103.6139, 11.2057 ], [ 103.6123, 11.202 ], [ 103.6, 11.199 ], [ 103.6036, 11.2041 ] ] ] } },
{ "type": "Feature", "properties": { "to": "Water", "kh": "ទឹក", "ha": 23097 }, "geometry": { "type": "Polygon", "coordinates": [ [ [ 103.5532, 11.315 ], [ 103.5605, 11.3336 ], [ 103.5572, 11.3358 ], [ 103.5618, 11.3377 ], [ 103.5645, 11.3425 ], [ 103.5734, 11.345 ], [ 103.5842, 11.3504 ], [ 103.5865, 11.3542 ], [ 103.589, 11.3544 ], [ 103.586, 11.3507 ], [ 103.5734, 11.3444 ], [ 103.5661, 11.3427 ], [ 103.5627, 11.3376 ], [ 103.558, 11.3358 ], [ 103.5613, 11.3338 ], [ 103.5597, 11.3248 ], [ 103.554, 11.3145 ], [ 103.5499, 11.315 ], [ 103.5532, 11.315 ] ] ] } },
{ "type": "Feature", "properties": { "to": "Water", "kh": "ទឹក", "ha": 23097 }, "geometry": { "type": "Polygon", "coordinates": [ [ [ 103.5859, 11.3579 ], [ 103.5839, 11.3673 ], [ 103.5859, 11.3686 ], [ 103.5889, 11.3673 ], [ 103.5926, 11.369 ], [ 103.5926, 11.3744 ], [ 103.5941, 11.3757 ], [ 103.6026, 11.3755 ], [ 103.5979, 11.39 ], [ 103.5929, 11.3918 ], [ 103.5885, 11.4013 ], [ 103.578, 11.4011 ], [ 103.5755, 11.403 ], [ 103.5763, 11.4101 ], [ 103.5733, 11.4147 ], [ 103.5755, 11.4168 ], [ 103.5818, 11.4161 ], [ 103.5821, 11.4185 ], [ 103.5875, 11.4223 ], [ 103.592, 11.4207 ], [ 103.5939, 11.4229 ], [ 103.5961, 11.4226 ], [ 103.6019, 11.4189 ], [ 103.6062, 11.4251 ], [ 103.6019, 11.4183 ], [ 103.5952, 11.4224 ], [ 103.592, 11.4202 ], [ 103.588, 11.422 ], [ 103.5821, 11.4158 ], [ 103.5758, 11.4166 ], [ 103.5736, 11.4144 ], [ 103.5768, 11.41 ], [ 103.5761, 11.4033 ], [ 103.5883, 11.4021 ], [ 103.5935, 11.3922 ], [ 103.5979, 11.3912 ], [ 103.6031, 11.3752 ], [ 103.6015, 11.3733 ], [ 103.5937, 11.3749 ], [ 103.5926, 11.3684 ], [ 103.5886, 11.3662 ], [ 103.5853, 11.3678 ], [ 103.5866, 11.3582 ], [ 103.5896, 11.3547 ], [ 103.5859, 11.3579 ] ] ] } },
{ "type": "Feature", "properties": { "to": "Water", "kh": "ទឹក", "ha": 23097 }, "geometry": { "type": "Polygon", "coordinates": [ [ [ 103.6059, 11.427 ], [ 103.6079, 11.427 ], [ 103.6084, 11.4249 ], [ 103.6104, 11.4249 ], [ 103.612, 11.4279 ], [ 103.616, 11.4284 ], [ 103.6177, 11.4328 ], [ 103.6227, 11.4301 ], [ 103.6271, 11.4361 ], [ 103.6301, 11.4334 ], [ 103.6337, 11.4361 ], [ 103.6352, 11.4448 ], [ 103.6414, 11.4483 ], [ 103.6387, 11.4496 ], [ 103.6414, 11.454 ], [ 103.6338, 11.463 ], [ 103.6297, 11.4637 ], [ 103.6285, 11.4719 ], [ 103.6316, 11.4738 ], [ 103.6294, 11.4719 ], [ 103.63, 11.464 ], [ 103.633, 11.464 ], [ 103.6393, 11.4602 ], [ 103.6429, 11.4519 ], [ 103.6414, 11.4472 ], [ 103.6358, 11.4448 ], [ 103.6371, 11.4413 ], [ 103.6342, 11.4358 ], [ 103.6304, 11.4328 ], [ 103.6271, 11.4355 ], [ 103.6231, 11.4294 ], [ 103.6183, 11.4322 ], [ 103.616, 11.4272 ], [ 103.6125, 11.4275 ], [ 103.6106, 11.4246 ], [ 103.6082, 11.4243 ], [ 103.6068, 11.4268 ], [ 103.6062, 11.4251 ], [ 103.6059, 11.427 ] ] ] } },
{ "type": "Feature", "properties": { "to": "Water", "kh": "ទឹក", "ha": 23097 }, "geometry": { "type": "Polygon", "coordinates": [ [ [ 103.6337, 11.4781 ], [ 103.629, 11.5014 ], [ 103.6294, 11.5145 ], [ 103.6312, 11.4909 ], [ 103.6348, 11.4822 ], [ 103.6337, 11.4795 ], [ 103.6368, 11.479 ], [ 103.6324, 11.4773 ], [ 103.6321, 11.4738 ], [ 103.6315, 11.477 ], [ 103.6337, 11.4781 ] ] ] } },
{ "type": "Feature", "properties": { "to": "Water", "kh": "ទឹក", "ha": 23097 }, "geometry": { "type": "Polygon", "coordinates": [ [ [ 103.622, 11.6921 ], [ 103.6242, 11.6867 ], [ 103.6198, 11.6853 ], [ 103.6176, 11.6872 ], [ 103.6173, 11.6845 ], [ 103.6173, 11.688 ], [ 103.6206, 11.6858 ], [ 103.6236, 11.6873 ], [ 103.6214, 11.6918 ], [ 103.6223, 11.696 ], [ 103.6261, 11.6986 ], [ 103.6295, 11.6989 ], [ 103.6305, 11.7024 ], [ 103.6269, 11.7022 ], [ 103.6255, 11.703 ], [ 103.625, 11.7065 ], [ 103.6315, 11.7065 ], [ 103.6274, 11.7108 ], [ 103.6271, 11.7119 ], [ 103.6298, 11.7173 ], [ 103.6235, 11.7219 ], [ 103.6232, 11.7249 ], [ 103.6262, 11.7285 ], [ 103.6215, 11.7314 ], [ 103.6215, 11.7333 ], [ 103.6251, 11.7363 ], [ 103.6234, 11.7398 ], [ 103.6236, 11.7439 ], [ 103.6283, 11.7475 ], [ 103.6264, 11.7499 ], [ 103.6264, 11.7515 ], [ 103.6272, 11.754 ], [ 103.6302, 11.7534 ], [ 103.6288, 11.7545 ], [ 103.6302, 11.7561 ], [ 103.6313, 11.7534 ], [ 103.6308, 11.7529 ], [ 103.6274, 11.7534 ], [ 103.6266, 11.7504 ], [ 103.6286, 11.7472 ], [ 103.6242, 11.7439 ], [ 103.6256, 11.7366 ], [ 103.6218, 11.732 ], [ 103.6267, 11.7285 ], [ 103.6235, 11.7236 ], [ 103.6303, 11.7175 ], [ 103.6279, 11.7108 ], [ 103.6325, 11.707 ], [ 103.6309, 11.7054 ], [ 103.6255, 11.7059 ], [ 103.6269, 11.7027 ], [ 103.6307, 11.7027 ], [ 103.631, 11.7016 ], [ 103.6295, 11.6981 ], [ 103.6263, 11.6981 ], [ 103.622, 11.6921 ] ] ] } },
{ "type": "Feature", "properties": { "to": "Water", "kh": "ទឹក", "ha": 23097 }, "geometry": { "type": "Polygon", "coordinates": [ [ [ 103.6342, 11.7852 ], [ 103.627, 11.7811 ], [ 103.6301, 11.7743 ], [ 103.6249, 11.7716 ], [ 103.6296, 11.7683 ], [ 103.6285, 11.7659 ], [ 103.629, 11.7681 ], [ 103.6243, 11.771 ], [ 103.6262, 11.774 ], [ 103.6295, 11.7749 ], [ 103.6265, 11.7814 ], [ 103.6331, 11.7852 ], [ 103.6342, 11.7895 ], [ 103.6432, 11.7885 ], [ 103.638, 11.7868 ], [ 103.6344, 11.7887 ], [ 103.6342, 11.7852 ] ] ] } },
{ "type": "Feature", "properties": { "to": "Water", "kh": "ទឹក", "ha": 23097 }, "geometry": { "type": "Polygon", "coordinates": [ [ [ 103.6862, 10.9834 ], [ 103.6902, 10.9816 ], [ 103.687, 10.9791 ], [ 103.6913, 10.9759 ], [ 103.6891, 10.9732 ], [ 103.6889, 10.9767 ], [ 103.6851, 10.977 ], [ 103.6827, 10.9823 ], [ 103.6846, 10.9864 ], [ 103.6821, 10.9845 ], [ 103.6759, 10.9899 ], [ 103.6832, 10.9898 ], [ 103.6875, 10.9861 ], [ 103.6862, 10.9834 ] ] ] } },
{ "type": "Feature", "properties": { "to": "Water", "kh": "ទឹក", "ha": 23097 }, "geometry": { "type": "Polygon", "coordinates": [ [ [ 103.7269, 11.081 ], [ 103.7164, 11.0789 ], [ 103.7213, 11.0843 ], [ 103.7291, 11.0851 ], [ 103.7269, 11.081 ] ] ] } },
{ "type": "Feature", "properties": { "to": "Water", "kh": "ទឹក", "ha": 23097 }, "geometry": { "type": "Polygon", "coordinates": [ [ [ 103.6884, 11.111 ], [ 103.6927, 11.1116 ], [ 103.694, 11.1051 ], [ 103.6884, 11.1038 ], [ 103.6884, 11.111 ] ] ] } },
{ "type": "Feature", "properties": { "to": "Water", "kh": "ទឹក", "ha": 23097 }, "geometry": { "type": "Polygon", "coordinates": [ [ [ 103.6985, 11.1265 ], [ 103.6915, 11.1367 ], [ 103.697, 11.1351 ], [ 103.6989, 11.1372 ], [ 103.6981, 11.1332 ], [ 103.7018, 11.1342 ], [ 103.7027, 11.1321 ], [ 103.7056, 11.1345 ], [ 103.7029, 11.1278 ], [ 103.7082, 11.126 ], [ 103.7091, 11.1229 ], [ 103.6989, 11.1245 ], [ 103.7, 11.1197 ], [ 103.7013, 11.121 ], [ 103.7002, 11.1178 ], [ 103.7029, 11.1161 ], [ 103.7, 11.1078 ], [ 103.6964, 11.1065 ], [ 103.6986, 11.11 ], [ 103.6946, 11.1097 ], [ 103.6929, 11.1159 ], [ 103.6919, 11.1124 ], [ 103.6873, 11.1159 ], [ 103.6899, 11.1152 ], [ 103.6951, 11.1198 ], [ 103.694, 11.1226 ], [ 103.6985, 11.1265 ] ] ] } },
{ "type": "Feature", "properties": { "to": "Water", "kh": "ទឹក", "ha": 23097 }, "geometry": { "type": "Polygon", "coordinates": [ [ [ 103.8159, 11.0573 ], [ 103.8154, 11.0552 ], [ 103.8103, 11.0576 ], [ 103.8133, 11.0603 ], [ 103.8154, 11.0579 ], [ 103.8134, 11.0609 ], [ 103.8139, 11.068 ], [ 103.8119, 11.0725 ], [ 103.8125, 11.0642 ], [ 103.8121, 11.0682 ], [ 103.8092, 11.0679 ], [ 103.8079, 11.0708 ], [ 103.8122, 11.0785 ], [ 103.8119, 11.0951 ], [ 103.8058, 11.1029 ], [ 103.8063, 11.107 ], [ 103.8096, 11.1089 ], [ 103.8063, 11.1027 ], [ 103.8133, 11.094 ], [ 103.8135, 11.0791 ], [ 103.8138, 11.0821 ], [ 103.8155, 11.0796 ], [ 103.8122, 11.075 ], [ 103.8169, 11.0721 ], [ 103.8138, 11.0718 ], [ 103.8159, 11.0573 ] ] ] } },
{ "type": "Feature", "properties": { "to": "Water", "kh": "ទឹក", "ha": 23097 }, "geometry": { "type": "Polygon", "coordinates": [ [ [ 103.8313, 11.1062 ], [ 103.8289, 11.1059 ], [ 103.8295, 11.1013 ], [ 103.827, 11.1008 ], [ 103.827, 11.107 ], [ 103.8233, 11.1051 ], [ 103.8249, 11.1092 ], [ 103.823, 11.111 ], [ 103.8292, 11.1118 ], [ 103.8313, 11.1062 ] ] ] } },
{ "type": "Feature", "properties": { "to": "Water", "kh": "ទឹក", "ha": 23097 }, "geometry": { "type": "Polygon", "coordinates": [ [ [ 103.8168, 11.1297 ], [ 103.8165, 11.1329 ], [ 103.8138, 11.1329 ], [ 103.8125, 11.1394 ], [ 103.8197, 11.1391 ], [ 103.8208, 11.1367 ], [ 103.8179, 11.1356 ], [ 103.8189, 11.1302 ], [ 103.8168, 11.1297 ] ] ] } },
{ "type": "Feature", "properties": { "to": "Water", "kh": "ទឹក", "ha": 23097 }, "geometry": { "type": "Polygon", "coordinates": [ [ [ 103.7815, 11.14 ], [ 103.7844, 11.1487 ], [ 103.7833, 11.1395 ], [ 103.7884, 11.1399 ], [ 103.79, 11.1448 ], [ 103.7871, 11.1456 ], [ 103.7884, 11.1501 ], [ 103.7844, 11.1514 ], [ 103.7869, 11.1582 ], [ 103.7839, 11.1553 ], [ 103.779, 11.1583 ], [ 103.7774, 11.1562 ], [ 103.7679, 11.165 ], [ 103.7696, 11.1682 ], [ 103.7666, 11.1779 ], [ 103.7682, 11.1798 ], [ 103.7679, 11.1777 ], [ 103.7725, 11.1793 ], [ 103.7706, 11.1771 ], [ 103.7723, 11.1712 ], [ 103.7752, 11.1712 ], [ 103.7798, 11.1631 ], [ 103.7874, 11.1582 ], [ 103.785, 11.1514 ], [ 103.7887, 11.151 ], [ 103.7882, 11.1547 ], [ 103.7903, 11.1547 ], [ 103.7878, 11.1457 ], [ 103.7916, 11.1495 ], [ 103.7941, 11.1493 ], [ 103.7985, 11.1461 ], [ 103.7997, 11.148 ], [ 103.8038, 11.1368 ], [ 103.8127, 11.1364 ], [ 103.8125, 11.1332 ], [ 103.8162, 11.1313 ], [ 103.816, 11.1268 ], [ 103.8227, 11.1245 ], [ 103.8216, 11.1124 ], [ 103.819, 11.1084 ], [ 103.8224, 11.1075 ], [ 103.825, 11.1019 ], [ 103.8217, 11.1038 ], [ 103.8217, 11.1075 ], [ 103.8184, 11.1081 ], [ 103.8222, 11.124 ], [ 103.8154, 11.1267 ], [ 103.8156, 11.1313 ], [ 103.8117, 11.1331 ], [ 103.8112, 11.1363 ], [ 103.8041, 11.1359 ], [ 103.7979, 11.1461 ], [ 103.7906, 11.1482 ], [ 103.79, 11.1403 ], [ 103.7842, 11.1381 ], [ 103.7854, 11.1278 ], [ 103.7955, 11.1295 ], [ 103.8022, 11.127 ], [ 103.803, 11.1318 ], [ 103.8013, 11.1311 ], [ 103.7985, 11.1352 ], [ 103.7991, 11.1401 ], [ 103.8013, 11.1328 ], [ 103.803, 11.1356 ], [ 103.8068, 11.1351 ], [ 103.8041, 11.1313 ], [ 103.8084, 11.1315 ], [ 103.804, 11.13 ], [ 103.8005, 11.1232 ], [ 103.7939, 11.1286 ], [ 103.7855, 11.1261 ], [ 103.7836, 11.1384 ], [ 103.7739, 11.1402 ], [ 103.7815, 11.14 ] ] ] } },
{ "type": "Feature", "properties": { "to": "Water", "kh": "ទឹក", "ha": 23097 }, "geometry": { "type": "Polygon", "coordinates": [ [ [ 103.7688, 11.1836 ], [ 103.7682, 11.1855 ], [ 103.7712, 11.1855 ], [ 103.7704, 11.1896 ], [ 103.7763, 11.1909 ], [ 103.7744, 11.1877 ], [ 103.7777, 11.185 ], [ 103.7688, 11.1836 ] ] ] } },
{ "type": "Feature", "properties": { "to": "Water", "kh": "ទឹក", "ha": 23097 }, "geometry": { "type": "Polygon", "coordinates": [ [ [ 103.785, 11.1859 ], [ 103.7927, 11.1936 ], [ 103.7949, 11.1922 ], [ 103.7968, 11.1944 ], [ 103.7974, 11.1925 ], [ 103.7936, 11.1914 ], [ 103.7971, 11.1874 ], [ 103.793, 11.1858 ], [ 103.792, 11.1898 ], [ 103.7922, 11.1871 ], [ 103.7874, 11.1844 ], [ 103.785, 11.1859 ] ] ] } },
{ "type": "Feature", "properties": { "to": "Water", "kh": "ទឹក", "ha": 23097 }, "geometry": { "type": "Polygon", "coordinates": [ [ [ 103.7539, 11.1871 ], [ 103.7545, 11.1893 ], [ 103.7477, 11.1939 ], [ 103.7543, 11.1977 ], [ 103.7504, 11.1998 ], [ 103.7523, 11.2033 ], [ 103.7504, 11.2057 ], [ 103.7472, 11.2281 ], [ 103.7501, 11.236 ], [ 103.7574, 11.2346 ], [ 103.7563, 11.2403 ], [ 103.7604, 11.2427 ], [ 103.7604, 11.2459 ], [ 103.7625, 11.2457 ], [ 103.7623, 11.2505 ], [ 103.7696, 11.2539 ], [ 103.7689, 11.2589 ], [ 103.7639, 11.261 ], [ 103.7651, 11.2681 ], [ 103.765, 11.2612 ], [ 103.7698, 11.2589 ], [ 103.7704, 11.2535 ], [ 103.7626, 11.2479 ], [ 103.767, 11.2465 ], [ 103.7677, 11.2451 ], [ 103.7647, 11.2438 ], [ 103.7666, 11.2459 ], [ 103.7636, 11.2459 ], [ 103.7612, 11.2446 ], [ 103.7617, 11.2411 ], [ 103.7572, 11.2408 ], [ 103.7585, 11.2351 ], [ 103.7572, 11.2332 ], [ 103.7508, 11.2356 ], [ 103.7481, 11.2281 ], [ 103.751, 11.2069 ], [ 103.7535, 11.2034 ], [ 103.7513, 11.1996 ], [ 103.7565, 11.199 ], [ 103.7493, 11.1945 ], [ 103.7552, 11.1895 ], [ 103.7546, 11.1865 ], [ 103.7513, 11.1882 ], [ 103.7504, 11.1859 ], [ 103.7507, 11.189 ], [ 103.7539, 11.1871 ] ] ] } },
{ "type": "Feature", "properties": { "to": "Water", "kh": "ទឹក", "ha": 23097 }, "geometry": { "type": "Polygon", "coordinates": [ [ [ 103.8041, 11.281 ], [ 103.8015, 11.2809 ], [ 103.8045, 11.283 ], [ 103.8012, 11.2849 ], [ 103.799, 11.2931 ], [ 103.8069, 11.2972 ], [ 103.8039, 11.3026 ], [ 103.8052, 11.3045 ], [ 103.8086, 11.2964 ], [ 103.813, 11.2956 ], [ 103.8056, 11.2944 ], [ 103.8042, 11.2898 ], [ 103.8083, 11.2885 ], [ 103.8089, 11.2833 ], [ 103.8119, 11.2858 ], [ 103.8108, 11.2812 ], [ 103.8163, 11.2812 ], [ 103.8155, 11.2787 ], [ 103.8117, 11.279 ], [ 103.8155, 11.2733 ], [ 103.8098, 11.2708 ], [ 103.8073, 11.2646 ], [ 103.8101, 11.263 ], [ 103.8192, 11.2654 ], [ 103.8137, 11.2622 ], [ 103.8159, 11.2565 ], [ 103.8125, 11.256 ], [ 103.8122, 11.2535 ], [ 103.8114, 11.2554 ], [ 103.806, 11.2535 ], [ 103.8033, 11.2554 ], [ 103.8, 11.2526 ], [ 103.8029, 11.2641 ], [ 103.801, 11.2687 ], [ 103.8043, 11.2687 ], [ 103.8103, 11.2742 ], [ 103.8041, 11.281 ] ] ] } },
{ "type": "Feature", "properties": { "to": "Water", "kh": "ទឹក", "ha": 23097 }, "geometry": { "type": "Polygon", "coordinates": [ [ [ 103.758, 11.3023 ], [ 103.7612, 11.3015 ], [ 103.7621, 11.2981 ], [ 103.7566, 11.2951 ], [ 103.7604, 11.2937 ], [ 103.7615, 11.2848 ], [ 103.7679, 11.2853 ], [ 103.7669, 11.2821 ], [ 103.7713, 11.281 ], [ 103.7707, 11.2772 ], [ 103.7655, 11.2829 ], [ 103.7616, 11.2813 ], [ 103.7647, 11.2791 ], [ 103.7655, 11.2821 ], [ 103.765, 11.2786 ], [ 103.7612, 11.2802 ], [ 103.7616, 11.2823 ], [ 103.7674, 11.2851 ], [ 103.7607, 11.2845 ], [ 103.7596, 11.2934 ], [ 103.7569, 11.2937 ], [ 103.7558, 11.2964 ], [ 103.7612, 11.2994 ], [ 103.7583, 11.3018 ], [ 103.7531, 11.298 ], [ 103.758, 11.3023 ] ] ] } },
{ "type": "Feature", "properties": { "to": "Water", "kh": "ទឹក", "ha": 23097 }, "geometry": { "type": "Polygon", "coordinates": [ [ [ 103.7238, 11.3795 ], [ 103.7178, 11.3768 ], [ 103.7229, 11.3722 ], [ 103.7233, 11.3684 ], [ 103.7214, 11.3622 ], [ 103.7176, 11.3619 ], [ 103.7168, 11.3593 ], [ 103.7229, 11.3539 ], [ 103.7207, 11.35 ], [ 103.7168, 11.3493 ], [ 103.7152, 11.3431 ], [ 103.7226, 11.342 ], [ 103.7257, 11.337 ], [ 103.7277, 11.3278 ], [ 103.7361, 11.3321 ], [ 103.7385, 11.3315 ], [ 103.7407, 11.3254 ], [ 103.7469, 11.3268 ], [ 103.7477, 11.3235 ], [ 103.7445, 11.3153 ], [ 103.748, 11.3175 ], [ 103.7566, 11.3157 ], [ 103.7572, 11.3066 ], [ 103.7526, 11.2982 ], [ 103.7511, 11.2999 ], [ 103.7566, 11.3069 ], [ 103.7563, 11.3149 ], [ 103.7504, 11.3169 ], [ 103.7453, 11.3145 ], [ 103.7436, 11.3153 ], [ 103.7469, 11.3261 ], [ 103.7403, 11.3248 ], [ 103.7369, 11.3316 ], [ 103.7274, 11.3272 ], [ 103.7221, 11.3417 ], [ 103.7145, 11.3428 ], [ 103.7161, 11.3495 ], [ 103.722, 11.3533 ], [ 103.7162, 11.3594 ], [ 103.717, 11.3625 ], [ 103.721, 11.3627 ], [ 103.7225, 11.3717 ], [ 103.717, 11.3754 ], [ 103.718, 11.3776 ], [ 103.7238, 11.3795 ] ] ] } },
{ "type": "Feature", "properties": { "to": "Water", "kh": "ទឹក", "ha": 23097 }, "geometry": { "type": "Polygon", "coordinates": [ [ [ 103.7219, 11.3877 ], [ 103.7245, 11.3896 ], [ 103.7186, 11.3992 ], [ 103.7295, 11.4059 ], [ 103.7295, 11.4083 ], [ 103.7259, 11.408 ], [ 103.7215, 11.4138 ], [ 103.7221, 11.4259 ], [ 103.7253, 11.4281 ], [ 103.7335, 11.4254 ], [ 103.7223, 11.4305 ], [ 103.7233, 11.4346 ], [ 103.7294, 11.4418 ], [ 103.7247, 11.4409 ], [ 103.7237, 11.4429 ], [ 103.7356, 11.4502 ], [ 103.7304, 11.4553 ], [ 103.7315, 11.4572 ], [ 103.735, 11.4588 ], [ 103.7366, 11.4661 ], [ 103.7377, 11.4664 ], [ 103.74, 11.4642 ], [ 103.7383, 11.4585 ], [ 103.7393, 11.4637 ], [ 103.7372, 11.4658 ], [ 103.7358, 11.4585 ], [ 103.7312, 11.4561 ], [ 103.7362, 11.4499 ], [ 103.7244, 11.4427 ], [ 103.7299, 11.4426 ], [ 103.7304, 11.4415 ], [ 103.7228, 11.4308 ], [ 103.7294, 11.4295 ], [ 103.7337, 11.4267 ], [ 103.7341, 11.4246 ], [ 103.7253, 11.4275 ], [ 103.7229, 11.4259 ], [ 103.7218, 11.4143 ], [ 103.7259, 11.4086 ], [ 103.73, 11.4094 ], [ 103.7302, 11.4059 ], [ 103.7191, 11.3988 ], [ 103.7252, 11.3904 ], [ 103.7246, 11.3888 ], [ 103.7224, 11.3879 ], [ 103.7238, 11.3795 ], [ 103.7219, 11.3877 ] ] ] } },
{ "type": "Feature", "properties": { "to": "Water", "kh": "ទឹក", "ha": 23097 }, "geometry": { "type": "Polygon", "coordinates": [ [ [ 103.7671, 11.4842 ], [ 103.7704, 11.4863 ], [ 103.7839, 11.4837 ], [ 103.7874, 11.4864 ], [ 103.7891, 11.4927 ], [ 103.7971, 11.4915 ], [ 103.7998, 11.4943 ], [ 103.8073, 11.4917 ], [ 103.813, 11.4928 ], [ 103.8133, 11.489 ], [ 103.8177, 11.4871 ], [ 103.8203, 11.4844 ], [ 103.8206, 11.479 ], [ 103.8184, 11.4777 ], [ 103.8189, 11.4736 ], [ 103.8168, 11.4755 ], [ 103.8168, 11.4731 ], [ 103.8114, 11.4691 ], [ 103.8154, 11.4653 ], [ 103.8178, 11.4577 ], [ 103.8208, 11.4607 ], [ 103.8241, 11.4596 ], [ 103.8244, 11.4521 ], [ 103.8269, 11.4527 ], [ 103.8376, 11.4486 ], [ 103.8408, 11.4415 ], [ 103.8388, 11.4335 ], [ 103.8421, 11.4343 ], [ 103.8432, 11.4267 ], [ 103.8468, 11.4308 ], [ 103.8485, 11.4275 ], [ 103.847, 11.4302 ], [ 103.843, 11.4259 ], [ 103.8405, 11.4299 ], [ 103.8418, 11.434 ], [ 103.8405, 11.4332 ], [ 103.8383, 11.4335 ], [ 103.8403, 11.4413 ], [ 103.837, 11.4483 ], [ 103.8241, 11.4513 ], [ 103.8219, 11.4602 ], [ 103.8173, 11.4572 ], [ 103.8142, 11.465 ], [ 103.8092, 11.4682 ], [ 103.8108, 11.472 ], [ 103.815, 11.4732 ], [ 103.8152, 11.4779 ], [ 103.8197, 11.4833 ], [ 103.813, 11.4885 ], [ 103.8125, 11.4922 ], [ 103.8071, 11.4912 ], [ 103.7998, 11.4936 ], [ 103.7974, 11.4904 ], [ 103.7893, 11.4921 ], [ 103.788, 11.4861 ], [ 103.7831, 11.4825 ], [ 103.7693, 11.4847 ], [ 103.7688, 11.4749 ], [ 103.7675, 11.4739 ], [ 103.7671, 11.4842 ] ] ] } },
{ "type": "Feature", "properties": { "to": "Baren land", "kh": "ដីទំនេរ", "ha": 56360 }, "geometry": { "type": "Polygon", "coordinates": [ [ [ 102.9427, 11.6427 ], [ 102.948, 11.6469 ], [ 102.9583, 11.6487 ], [ 102.9586, 11.6425 ], [ 102.9548, 11.6415 ], [ 102.9518, 11.6369 ], [ 102.9449, 11.6422 ], [ 102.9431, 11.6396 ], [ 102.9427, 11.6427 ] ] ] } },
{ "type": "Feature", "properties": { "to": "Baren land", "kh": "ដីទំនេរ", "ha": 56360 }, "geometry": { "type": "Polygon", "coordinates": [ [ [ 102.9421, 11.6817 ], [ 102.941, 11.6746 ], [ 102.9421, 11.6725 ], [ 102.9456, 11.6819 ], [ 102.9443, 11.6728 ], [ 102.9502, 11.6687 ], [ 102.9453, 11.6676 ], [ 102.9443, 11.6609 ], [ 102.9443, 11.666 ], [ 102.9397, 11.6722 ], [ 102.9399, 11.6806 ], [ 102.9361, 11.6803 ], [ 102.9358, 11.6835 ], [ 102.9421, 11.6817 ] ] ] } },
{ "type": "Feature", "properties": { "to": "Baren land", "kh": "ដីទំនេរ", "ha": 56360 }, "geometry": { "type": "Polygon", "coordinates": [ [ [ 102.93, 11.7024 ], [ 102.9275, 11.7027 ], [ 102.9278, 11.7005 ], [ 102.9313, 11.7014 ], [ 102.9321, 11.7049 ], [ 102.9359, 11.7024 ], [ 102.9329, 11.7016 ], [ 102.9378, 11.6995 ], [ 102.9426, 11.7014 ], [ 102.9453, 11.7014 ], [ 102.9515, 11.6992 ], [ 102.9448, 11.6989 ], [ 102.9429, 11.7011 ], [ 102.9391, 11.6973 ], [ 102.9345, 11.6992 ], [ 102.9262, 11.6943 ], [ 102.9232, 11.6954 ], [ 102.9297, 11.6973 ], [ 102.9294, 11.6995 ], [ 102.9235, 11.6962 ], [ 102.9205, 11.6962 ], [ 102.9235, 11.6984 ], [ 102.9221, 11.6997 ], [ 102.9197, 11.7 ], [ 102.9173, 11.6962 ], [ 102.914, 11.6984 ], [ 102.9157, 11.7 ], [ 102.914, 11.7049 ], [ 102.9178, 11.7016 ], [ 102.9232, 11.7043 ], [ 102.9162, 11.7057 ], [ 102.9189, 11.7119 ], [ 102.9154, 11.7103 ], [ 102.9175, 11.7165 ], [ 102.9143, 11.7264 ], [ 102.917, 11.727 ], [ 102.9175, 11.731 ], [ 102.9216, 11.7291 ], [ 102.9216, 11.7316 ], [ 102.9243, 11.7316 ], [ 102.9232, 11.734 ], [ 102.9262, 11.7356 ], [ 102.9273, 11.7337 ], [ 102.9294, 11.7386 ], [ 102.9305, 11.7343 ], [ 102.9343, 11.7327 ], [ 102.9327, 11.7291 ], [ 102.9362, 11.7273 ], [ 102.9364, 11.724 ], [ 102.9383, 11.7294 ], [ 102.9418, 11.727 ], [ 102.9432, 11.7318 ], [ 102.9432, 11.7281 ], [ 102.948, 11.7286 ], [ 102.9513, 11.7248 ], [ 102.9494, 11.7286 ], [ 102.9518, 11.7297 ], [ 102.9553, 11.7262 ], [ 102.9521, 11.7267 ], [ 102.9526, 11.7227 ], [ 102.9499, 11.7219 ], [ 102.9478, 11.7135 ], [ 102.9424, 11.7165 ], [ 102.9399, 11.713 ], [ 102.9405, 11.717 ], [ 102.9391, 11.7143 ], [ 102.9356, 11.7167 ], [ 102.9343, 11.7256 ], [ 102.931, 11.724 ], [ 102.9302, 11.7202 ], [ 102.9232, 11.7213 ], [ 102.9251, 11.7159 ], [ 102.9189, 11.7181 ], [ 102.92, 11.7135 ], [ 102.9219, 11.7157 ], [ 102.9205, 11.7094 ], [ 102.9243, 11.71 ], [ 102.9224, 11.7135 ], [ 102.9289, 11.7116 ], [ 102.9264, 11.7076 ], [ 102.93, 11.7024 ] ], [ [ 102.9394, 11.7229 ], [ 102.9429, 11.7232 ], [ 102.9405, 11.7227 ], [ 102.9418, 11.7189 ], [ 102.9434, 11.7219 ], [ 102.9472, 11.7221 ], [ 102.944, 11.7221 ], [ 102.9459, 11.7264 ], [ 102.9443, 11.7278 ], [ 102.9389, 11.7251 ], [ 102.9394, 11.7229 ] ] ] } },
{ "type": "Feature", "properties": { "to": "Baren land", "kh": "ដីទំនេរ", "ha": 56360 }, "geometry": { "type": "Polygon", "coordinates": [ [ [ 102.9124, 11.7548 ], [ 102.9116, 11.7583 ], [ 102.913, 11.7607 ], [ 102.9157, 11.7604 ], [ 102.9122, 11.7588 ], [ 102.9146, 11.7567 ], [ 102.914, 11.7523 ], [ 102.9289, 11.758 ], [ 102.927, 11.7542 ], [ 102.9291, 11.7559 ], [ 102.9316, 11.7537 ], [ 102.9262, 11.7515 ], [ 102.9289, 11.7521 ], [ 102.9278, 11.7491 ], [ 102.9308, 11.7523 ], [ 102.9297, 11.748 ], [ 102.9324, 11.7491 ], [ 102.9329, 11.7472 ], [ 102.9294, 11.7448 ], [ 102.9238, 11.7459 ], [ 102.9232, 11.7426 ], [ 102.9297, 11.7421 ], [ 102.9316, 11.7391 ], [ 102.9254, 11.7418 ], [ 102.9259, 11.7386 ], [ 102.9216, 11.738 ], [ 102.9232, 11.7421 ], [ 102.9193, 11.7497 ], [ 102.9194, 11.7405 ], [ 102.9138, 11.741 ], [ 102.9095, 11.7541 ], [ 102.9124, 11.7548 ] ] ] } },
{ "type": "Feature", "properties": { "to": "Baren land", "kh": "ដីទំនេរ", "ha": 56360 }, "geometry": { "type": "Polygon", "coordinates": [ [ [ 102.9122, 11.7796 ], [ 102.9111, 11.7838 ], [ 102.9181, 11.7766 ], [ 102.9146, 11.778 ], [ 102.913, 11.7747 ], [ 102.9119, 11.778 ], [ 102.9095, 11.775 ], [ 102.9108, 11.7785 ], [ 102.907, 11.7764 ], [ 102.9074, 11.7801 ], [ 102.9122, 11.7796 ] ] ] } },
{ "type": "Feature", "properties": { "to": "Baren land", "kh": "ដីទំនេរ", "ha": 56360 }, "geometry": { "type": "Polygon", "coordinates": [ [ [ 102.9113, 11.8014 ], [ 102.8996, 11.8154 ], [ 102.9008, 11.8179 ], [ 102.903, 11.8174 ], [ 102.9019, 11.8152 ], [ 102.9057, 11.8155 ], [ 102.9051, 11.8133 ], [ 102.9122, 11.812 ], [ 102.9119, 11.8082 ], [ 102.9154, 11.8085 ], [ 102.9146, 11.806 ], [ 102.9159, 11.8085 ], [ 102.9224, 11.8063 ], [ 102.9113, 11.8014 ] ] ] } },
{ "type": "Feature", "properties": { "to": "Baren land", "kh": "ដីទំនេរ", "ha": 56360 }, "geometry": { "type": "Polygon", "coordinates": [ [ [ 102.8868, 11.8106 ], [ 102.8841, 11.8087 ], [ 102.8844, 11.8117 ], [ 102.8798, 11.8117 ], [ 102.8798, 11.8149 ], [ 102.8836, 11.8155 ], [ 102.8822, 11.8182 ], [ 102.8871, 11.8171 ], [ 102.8844, 11.8147 ], [ 102.8868, 11.8106 ] ] ] } },
{ "type": "Feature", "properties": { "to": "Baren land", "kh": "ដីទំនេរ", "ha": 56360 }, "geometry": { "type": "Polygon", "coordinates": [ [ [ 102.9105, 11.8524 ], [ 102.9035, 11.8497 ], [ 102.9089, 11.8562 ], [ 102.9073, 11.8595 ], [ 102.9124, 11.8584 ], [ 102.9143, 11.8605 ], [ 102.9119, 11.8624 ], [ 102.9143, 11.8635 ], [ 102.9151, 11.8592 ], [ 102.9105, 11.8524 ] ] ] } },
{ "type": "Feature", "properties": { "to": "Baren land", "kh": "ដីទំនេរ", "ha": 56360 }, "geometry": { "type": "Polygon", "coordinates": [ [ [ 102.9413, 11.8821 ], [ 102.9464, 11.8818 ], [ 102.9472, 11.8786 ], [ 102.9386, 11.8827 ], [ 102.9378, 11.887 ], [ 102.9432, 11.8883 ], [ 102.9451, 11.8832 ], [ 102.944, 11.8859 ], [ 102.941, 11.8859 ], [ 102.9413, 11.8821 ] ] ] } },
{ "type": "Feature", "properties": { "to": "Baren land", "kh": "ដីទំនេរ", "ha": 56360 }, "geometry": { "type": "Polygon", "coordinates": [ [ [ 102.9289, 11.9129 ], [ 102.9426, 11.9051 ], [ 102.9429, 11.9018 ], [ 102.9362, 11.9072 ], [ 102.93, 11.9061 ], [ 102.9281, 11.9142 ], [ 102.9305, 11.918 ], [ 102.9321, 11.918 ], [ 102.9332, 11.9164 ], [ 102.9305, 11.9167 ], [ 102.9289, 11.9129 ] ] ] } },
{ "type": "Feature", "properties": { "to": "Baren land", "kh": "ដីទំនេរ", "ha": 56360 }, "geometry": { "type": "Polygon", "coordinates": [ [ [ 102.9426, 11.9442 ], [ 102.9432, 11.9458 ], [ 102.9383, 11.9423 ], [ 102.937, 11.9444 ], [ 102.9335, 11.9439 ], [ 102.9337, 11.9417 ], [ 102.9297, 11.9426 ], [ 102.9321, 11.9477 ], [ 102.9375, 11.9485 ], [ 102.9399, 11.9455 ], [ 102.9424, 11.9493 ], [ 102.9478, 11.9493 ], [ 102.9464, 11.9434 ], [ 102.9426, 11.9442 ] ] ] } },
{ "type": "Feature", "properties": { "to": "Baren land", "kh": "ដីទំនេរ", "ha": 56360 }, "geometry": { "type": "Polygon", "coordinates": [ [ [ 102.9286, 11.9466 ], [ 102.9275, 11.9423 ], [ 102.9297, 11.9409 ], [ 102.9221, 11.9436 ], [ 102.9256, 11.9525 ], [ 102.9283, 11.9515 ], [ 102.9281, 11.9474 ], [ 102.9267, 11.9493 ], [ 102.9259, 11.9471 ], [ 102.9286, 11.9466 ] ] ] } },
{ "type": "Feature", "properties": { "to": "Baren land", "kh": "ដីទំនេរ", "ha": 56360 }, "geometry": { "type": "Polygon", "coordinates": [ [ [ 102.8118, 11.9447 ], [ 102.8005, 11.9495 ], [ 102.8032, 11.955 ], [ 102.8029, 11.9506 ], [ 102.8112, 11.9509 ], [ 102.8099, 11.9485 ], [ 102.8137, 11.9485 ], [ 102.8118, 11.9447 ] ] ] } },
{ "type": "Feature", "properties": { "to": "Baren land", "kh": "ដីទំនេរ", "ha": 56360 }, "geometry": { "type": "Polygon", "coordinates": [ [ [ 102.924, 11.9768 ], [ 102.9313, 11.9687 ], [ 102.9289, 11.9687 ], [ 102.9267, 11.9633 ], [ 102.9232, 11.9717 ], [ 102.924, 11.9768 ] ] ] } },
{ "type": "Feature", "properties": { "to": "Baren land", "kh": "ដីទំនេរ", "ha": 56360 }, "geometry": { "type": "Polygon", "coordinates": [ [ [ 102.9291, 11.9895 ], [ 102.9264, 11.9803 ], [ 102.9227, 11.9774 ], [ 102.9227, 11.9846 ], [ 102.9262, 11.986 ], [ 102.924, 11.9908 ], [ 102.9308, 11.9914 ], [ 102.9318, 11.9892 ], [ 102.9291, 11.9895 ] ] ] } },
{ "type": "Feature", "properties": { "to": "Baren land", "kh": "ដីទំនេរ", "ha": 56360 }, "geometry": { "type": "Polygon", "coordinates": [ [ [ 102.9186, 11.9895 ], [ 102.9097, 11.9895 ], [ 102.9086, 11.9908 ], [ 102.9151, 11.9962 ], [ 102.9186, 11.9895 ] ] ] } },
{ "type": "Feature", "properties": { "to": "Baren land", "kh": "ដីទំនេរ", "ha": 56360 }, "geometry": { "type": "Polygon", "coordinates": [ [ [ 102.8606, 12.0095 ], [ 102.8652, 12.0057 ], [ 102.8679, 12.0065 ], [ 102.8698, 12.0016 ], [ 102.8617, 12.007 ], [ 102.856, 12.0038 ], [ 102.8544, 12.007 ], [ 102.8566, 12.0098 ], [ 102.8574, 12.0068 ], [ 102.8606, 12.0095 ] ] ] } },
{ "type": "Feature", "properties": { "to": "Baren land", "kh": "ដីទំនេរ", "ha": 56360 }, "geometry": { "type": "Polygon", "coordinates": [ [ [ 102.7816, 12.0132 ], [ 102.7853, 12.0097 ], [ 102.7862, 12.014 ], [ 102.7886, 12.0062 ], [ 102.7856, 12.0062 ], [ 102.7845, 12.0095 ], [ 102.7808, 12.0081 ], [ 102.7781, 12.01 ], [ 102.7773, 12.0132 ], [ 102.7837, 12.0151 ], [ 102.7816, 12.0132 ] ] ] } },
{ "type": "Feature", "properties": { "to": "Baren land", "kh": "ដីទំនេរ", "ha": 56360 }, "geometry": { "type": "Polygon", "coordinates": [ [ [ 102.9912, 11.3334 ], [ 102.987, 11.3351 ], [ 102.9912, 11.3412 ], [ 102.9901, 11.3371 ], [ 102.9942, 11.3366 ], [ 102.9915, 11.3339 ], [ 102.9955, 11.3309 ], [ 102.9944, 11.3266 ], [ 102.992, 11.3261 ], [ 102.9934, 11.329 ], [ 102.9899, 11.3277 ], [ 102.9885, 11.3315 ], [ 102.9912, 11.3334 ] ] ] } },
{ "type": "Feature", "properties": { "to": "Baren land", "kh": "ដីទំនេរ", "ha": 56360 }, "geometry": { "type": "Polygon", "coordinates": [ [ [ 102.9759, 11.3854 ], [ 102.9847, 11.3841 ], [ 102.9863, 11.38 ], [ 102.9834, 11.3787 ], [ 102.9861, 11.3746 ], [ 102.9798, 11.3723 ], [ 102.9759, 11.3854 ] ] ] } },
{ "type": "Feature", "properties": { "to": "Baren land", "kh": "ដីទំនេរ", "ha": 56360 }, "geometry": { "type": "Polygon", "coordinates": [ [ [ 103.063, 11.4548 ], [ 103.0657, 11.4601 ], [ 103.0725, 11.4569 ], [ 103.0705, 11.4527 ], [ 103.0627, 11.4508 ], [ 103.0619, 11.4575 ], [ 103.0589, 11.4591 ], [ 103.06, 11.4634 ], [ 103.063, 11.4548 ] ] ] } },
{ "type": "Feature", "properties": { "to": "Baren land", "kh": "ដីទំនេរ", "ha": 56360 }, "geometry": { "type": "Polygon", "coordinates": [ [ [ 102.9966, 11.5786 ], [ 103.002, 11.5735 ], [ 103.0023, 11.5777 ], [ 103.0049, 11.5735 ], [ 103.002, 11.5724 ], [ 103.0077, 11.567 ], [ 103.0063, 11.5643 ], [ 103.0004, 11.57 ], [ 103.0023, 11.5713 ], [ 102.9966, 11.5786 ] ] ] } },
{ "type": "Feature", "properties": { "to": "Baren land", "kh": "ដីទំនេរ", "ha": 56360 }, "geometry": { "type": "Polygon", "coordinates": [ [ [ 102.981, 11.5915 ], [ 102.9807, 11.5862 ], [ 102.9826, 11.5859 ], [ 102.9819, 11.5893 ], [ 102.9835, 11.5872 ], [ 102.9828, 11.5797 ], [ 102.9785, 11.5824 ], [ 102.9764, 11.5818 ], [ 102.9769, 11.5786 ], [ 102.9734, 11.5818 ], [ 102.9758, 11.584 ], [ 102.9742, 11.5872 ], [ 102.9761, 11.5897 ], [ 102.978, 11.5875 ], [ 102.9756, 11.5883 ], [ 102.9753, 11.5853 ], [ 102.9791, 11.5826 ], [ 102.9782, 11.5941 ], [ 102.981, 11.5915 ] ] ] } },
{ "type": "Feature", "properties": { "to": "Baren land", "kh": "ដីទំនេរ", "ha": 56360 }, "geometry": { "type": "Polygon", "coordinates": [ [ [ 103.0139, 11.5852 ], [ 103.006, 11.5958 ], [ 103.0098, 11.5981 ], [ 103.0155, 11.5986 ], [ 103.0144, 11.5929 ], [ 103.0182, 11.5897 ], [ 103.0139, 11.5852 ] ] ] } },
{ "type": "Feature", "properties": { "to": "Baren land", "kh": "ដីទំនេរ", "ha": 56360 }, "geometry": { "type": "Polygon", "coordinates": [ [ [ 103.022, 11.6007 ], [ 103.0206, 11.6042 ], [ 103.0338, 11.6053 ], [ 103.0298, 11.5999 ], [ 103.022, 11.6034 ], [ 103.0309, 11.588 ], [ 103.0263, 11.5921 ], [ 103.0274, 11.5888 ], [ 103.0257, 11.5891 ], [ 103.0228, 11.5921 ], [ 103.0238, 11.5945 ], [ 103.0211, 11.5953 ], [ 103.0222, 11.5972 ], [ 103.0179, 11.5983 ], [ 103.0208, 11.5992 ], [ 103.0209, 11.6021 ], [ 103.022, 11.6007 ] ] ] } },
{ "type": "Feature", "properties": { "to": "Baren land", "kh": "ដីទំនេរ", "ha": 56360 }, "geometry": { "type": "Polygon", "coordinates": [ [ [ 103.0081, 11.611 ], [ 103.0128, 11.6102 ], [ 103.0133, 11.6131 ], [ 103.0092, 11.6145 ], [ 103.0109, 11.6169 ], [ 103.0233, 11.6069 ], [ 103.0236, 11.6142 ], [ 103.0301, 11.6186 ], [ 103.0381, 11.6158 ], [ 103.0365, 11.6088 ], [ 103.039, 11.6077 ], [ 103.0427, 11.6107 ], [ 103.0411, 11.6064 ], [ 103.0346, 11.6061 ], [ 103.0354, 11.6115 ], [ 103.0319, 11.6112 ], [ 103.0306, 11.6156 ], [ 103.0252, 11.6096 ], [ 103.0298, 11.6104 ], [ 103.0274, 11.6088 ], [ 103.0298, 11.6058 ], [ 103.0236, 11.6067 ], [ 103.0252, 11.6056 ], [ 103.0198, 11.6042 ], [ 103.0081, 11.611 ] ] ] } },
{ "type": "Feature", "properties": { "to": "Baren land", "kh": "ដីទំនេរ", "ha": 56360 }, "geometry": { "type": "Polygon", "coordinates": [ [ [ 103.0479, 11.6166 ], [ 103.0457, 11.6126 ], [ 103.0414, 11.6153 ], [ 103.0414, 11.6174 ], [ 103.0452, 11.6158 ], [ 103.0473, 11.6196 ], [ 103.0519, 11.6199 ], [ 103.0511, 11.6226 ], [ 103.0554, 11.6207 ], [ 103.0479, 11.6166 ] ] ] } },
{ "type": "Feature", "properties": { "to": "Baren land", "kh": "ដីទំនេរ", "ha": 56360 }, "geometry": { "type": "Polygon", "coordinates": [ [ [ 103.0719, 11.6247 ], [ 103.0654, 11.6188 ], [ 103.0681, 11.6196 ], [ 103.0657, 11.6172 ], [ 103.0551, 11.6185 ], [ 103.0603, 11.6204 ], [ 103.0592, 11.622 ], [ 103.0665, 11.6228 ], [ 103.0676, 11.6285 ], [ 103.0719, 11.6247 ] ] ] } },
{ "type": "Feature", "properties": { "to": "Baren land", "kh": "ដីទំនេរ", "ha": 56360 }, "geometry": { "type": "Polygon", "coordinates": [ [ [ 103.0276, 11.623 ], [ 103.0354, 11.6271 ], [ 103.0392, 11.6239 ], [ 103.039, 11.622 ], [ 103.03, 11.6199 ], [ 103.0276, 11.623 ] ] ] } },
{ "type": "Feature", "properties": { "to": "Baren land", "kh": "ដីទំនេរ", "ha": 56360 }, "geometry": { "type": "Polygon", "coordinates": [ [ [ 103.0619, 11.6253 ], [ 103.056, 11.6237 ], [ 103.0508, 11.6266 ], [ 103.0489, 11.6245 ], [ 103.0519, 11.6231 ], [ 103.0497, 11.6218 ], [ 103.0468, 11.6237 ], [ 103.0508, 11.629 ], [ 103.0551, 11.629 ], [ 103.0562, 11.6255 ], [ 103.0581, 11.6264 ], [ 103.0568, 11.629 ], [ 103.0646, 11.6299 ], [ 103.0608, 11.628 ], [ 103.0619, 11.6253 ] ] ] } },
{ "type": "Feature", "properties": { "to": "Baren land", "kh": "ដីទំនេរ", "ha": 56360 }, "geometry": { "type": "Polygon", "coordinates": [ [ [ 102.9858, 11.6536 ], [ 102.9863, 11.6568 ], [ 102.9888, 11.6574 ], [ 102.9863, 11.6536 ], [ 102.9885, 11.6541 ], [ 102.988, 11.6517 ], [ 102.9901, 11.6536 ], [ 102.9901, 11.6504 ], [ 102.9917, 11.6547 ], [ 102.9966, 11.6544 ], [ 102.9982, 11.659 ], [ 103.0031, 11.6541 ], [ 102.9963, 11.6539 ], [ 102.9914, 11.6469 ], [ 102.9858, 11.6536 ] ] ] } },
{ "type": "Feature", "properties": { "to": "Baren land", "kh": "ដីទំនេរ", "ha": 56360 }, "geometry": { "type": "Polygon", "coordinates": [ [ [ 103.05, 11.6746 ], [ 103.0508, 11.6787 ], [ 103.0546, 11.6771 ], [ 103.0549, 11.6741 ], [ 103.0589, 11.6782 ], [ 103.0589, 11.6749 ], [ 103.0635, 11.673 ], [ 103.0613, 11.6682 ], [ 103.0638, 11.6668 ], [ 103.0654, 11.6714 ], [ 103.0716, 11.6692 ], [ 103.07, 11.666 ], [ 103.0719, 11.6636 ], [ 103.0689, 11.663 ], [ 103.0689, 11.6663 ], [ 103.0681, 11.6633 ], [ 103.0651, 11.6684 ], [ 103.0659, 11.6644 ], [ 103.0622, 11.6666 ], [ 103.0605, 11.6644 ], [ 103.06, 11.669 ], [ 103.0556, 11.669 ], [ 103.05, 11.6746 ] ] ] } },
{ "type": "Feature", "properties": { "to": "Baren land", "kh": "ដីទំនេរ", "ha": 56360 }, "geometry": { "type": "Polygon", "coordinates": [ [ [ 102.9646, 11.7254 ], [ 102.9602, 11.7184 ], [ 102.9599, 11.7157 ], [ 102.9653, 11.7235 ], [ 102.9628, 11.7105 ], [ 102.9596, 11.7135 ], [ 102.9583, 11.7119 ], [ 102.9588, 11.714 ], [ 102.9572, 11.7113 ], [ 102.9561, 11.7159 ], [ 102.9607, 11.7213 ], [ 102.9588, 11.724 ], [ 102.9646, 11.7254 ] ] ] } },
{ "type": "Feature", "properties": { "to": "Baren land", "kh": "ដីទំនេរ", "ha": 56360 }, "geometry": { "type": "Polygon", "coordinates": [ [ [ 103.0581, 11.7696 ], [ 103.0624, 11.7729 ], [ 103.0603, 11.7782 ], [ 103.0665, 11.7737 ], [ 103.0592, 11.7675 ], [ 103.0638, 11.7683 ], [ 103.0627, 11.7653 ], [ 103.0595, 11.7656 ], [ 103.0599, 11.7634 ], [ 103.0581, 11.7696 ] ] ] } },
{ "type": "Feature", "properties": { "to": "Baren land", "kh": "ដីទំនេរ", "ha": 56360 }, "geometry": { "type": "Polygon", "coordinates": [ [ [ 103.1034, 11.0525 ], [ 103.1067, 11.0509 ], [ 103.1042, 11.0536 ], [ 103.0994, 11.0522 ], [ 103.1026, 11.0606 ], [ 103.1064, 11.0568 ], [ 103.1032, 11.0549 ], [ 103.1064, 11.056 ], [ 103.1067, 11.0533 ], [ 103.111, 11.0552 ], [ 103.1061, 11.0525 ], [ 103.1126, 11.049 ], [ 103.1051, 11.0506 ], [ 103.1041, 11.0484 ], [ 103.1034, 11.0525 ] ] ] } },
{ "type": "Feature", "properties": { "to": "Baren land", "kh": "ដីទំនេរ", "ha": 56360 }, "geometry": { "type": "Polygon", "coordinates": [ [ [ 103.0962, 11.2044 ], [ 103.0986, 11.1949 ], [ 103.0913, 11.2119 ], [ 103.0982, 11.2078 ], [ 103.0962, 11.2044 ] ] ] } },
{ "type": "Feature", "properties": { "to": "Baren land", "kh": "ដីទំនេរ", "ha": 56360 }, "geometry": { "type": "Polygon", "coordinates": [ [ [ 103.0883, 11.2204 ], [ 103.094, 11.2249 ], [ 103.0935, 11.2279 ], [ 103.0948, 11.2254 ], [ 103.0978, 11.2287 ], [ 103.0953, 11.2246 ], [ 103.0988, 11.226 ], [ 103.0983, 11.2244 ], [ 103.1024, 11.2238 ], [ 103.1034, 11.2211 ], [ 103.1069, 11.2211 ], [ 103.1067, 11.2187 ], [ 103.1096, 11.219 ], [ 103.1088, 11.2146 ], [ 103.1029, 11.2168 ], [ 103.1026, 11.2222 ], [ 103.0983, 11.2217 ], [ 103.0975, 11.2246 ], [ 103.0926, 11.2227 ], [ 103.0924, 11.219 ], [ 103.0883, 11.2204 ] ] ] } },
{ "type": "Feature", "properties": { "to": "Baren land", "kh": "ដីទំនេរ", "ha": 56360 }, "geometry": { "type": "Polygon", "coordinates": [ [ [ 103.0846, 11.2438 ], [ 103.0762, 11.2378 ], [ 103.0789, 11.2365 ], [ 103.0735, 11.236 ], [ 103.0773, 11.244 ], [ 103.0797, 11.2449 ], [ 103.0783, 11.2432 ], [ 103.0816, 11.2422 ], [ 103.0846, 11.2438 ] ] ] } },
{ "type": "Feature", "properties": { "to": "Baren land", "kh": "ដីទំនេរ", "ha": 56360 }, "geometry": { "type": "Polygon", "coordinates": [ [ [ 103.0932, 11.2473 ], [ 103.1053, 11.2395 ], [ 103.094, 11.2403 ], [ 103.0889, 11.2343 ], [ 103.0913, 11.2424 ], [ 103.0945, 11.2438 ], [ 103.0926, 11.244 ], [ 103.0932, 11.2473 ] ] ] } },
{ "type": "Feature", "properties": { "to": "Baren land", "kh": "ដីទំនេរ", "ha": 56360 }, "geometry": { "type": "Polygon", "coordinates": [ [ [ 103.0997, 11.2853 ], [ 103.0983, 11.2934 ], [ 103.104, 11.2942 ], [ 103.1078, 11.2905 ], [ 103.1029, 11.288 ], [ 103.1061, 11.288 ], [ 103.1042, 11.2853 ], [ 103.104, 11.2872 ], [ 103.0997, 11.2853 ] ] ] } },
{ "type": "Feature", "properties": { "to": "Baren land", "kh": "ដីទំនេរ", "ha": 56360 }, "geometry": { "type": "Polygon", "coordinates": [ [ [ 103.1134, 11.3695 ], [ 103.1118, 11.3593 ], [ 103.1094, 11.3611 ], [ 103.108, 11.3593 ], [ 103.1115, 11.3574 ], [ 103.1134, 11.3601 ], [ 103.1118, 11.3574 ], [ 103.1185, 11.3584 ], [ 103.1191, 11.3563 ], [ 103.1083, 11.3433 ], [ 103.1069, 11.3474 ], [ 103.1096, 11.3487 ], [ 103.1059, 11.3509 ], [ 103.1064, 11.3549 ], [ 103.1048, 11.3517 ], [ 103.0994, 11.3528 ], [ 103.0997, 11.3514 ], [ 103.0979, 11.3503 ], [ 103.0961, 11.3517 ], [ 103.1013, 11.3549 ], [ 103.1045, 11.3614 ], [ 103.1018, 11.3633 ], [ 103.1064, 11.3663 ], [ 103.1053, 11.3709 ], [ 103.1072, 11.3714 ], [ 103.1013, 11.3706 ], [ 103.1029, 11.3744 ], [ 103.0991, 11.3746 ], [ 103.0972, 11.3684 ], [ 103.0991, 11.3676 ], [ 103.0937, 11.3668 ], [ 103.1015, 11.3655 ], [ 103.0937, 11.3636 ], [ 103.0932, 11.3673 ], [ 103.0964, 11.3695 ], [ 103.0897, 11.37 ], [ 103.0891, 11.3738 ], [ 103.0921, 11.3744 ], [ 103.0889, 11.3752 ], [ 103.0921, 11.3792 ], [ 103.0905, 11.383 ], [ 103.097, 11.3852 ], [ 103.1007, 11.3827 ], [ 103.098, 11.38 ], [ 103.104, 11.3816 ], [ 103.0988, 11.3771 ], [ 103.1056, 11.3776 ], [ 103.1059, 11.3757 ], [ 103.1107, 11.3757 ], [ 103.1102, 11.3773 ], [ 103.1129, 11.3787 ], [ 103.1115, 11.3738 ], [ 103.1083, 11.3738 ], [ 103.1134, 11.3695 ] ] ] } },
{ "type": "Feature", "properties": { "to": "Baren land", "kh": "ដីទំនេរ", "ha": 56360 }, "geometry": { "type": "Polygon", "coordinates": [ [ [ 103.084, 11.4979 ], [ 103.0872, 11.5014 ], [ 103.0924, 11.4998 ], [ 103.0929, 11.4971 ], [ 103.0962, 11.4979 ], [ 103.0926, 11.5004 ], [ 103.0964, 11.502 ], [ 103.0988, 11.4985 ], [ 103.1013, 11.5036 ], [ 103.1029, 11.502 ], [ 103.101, 11.4974 ], [ 103.1045, 11.4968 ], [ 103.1013, 11.4939 ], [ 103.1045, 11.4923 ], [ 103.101, 11.4931 ], [ 103.1005, 11.4944 ], [ 103.0956, 11.4925 ], [ 103.097, 11.496 ], [ 103.0929, 11.4931 ], [ 103.0921, 11.496 ], [ 103.0899, 11.4942 ], [ 103.0881, 11.4966 ], [ 103.087, 11.4912 ], [ 103.0908, 11.4931 ], [ 103.0905, 11.4896 ], [ 103.084, 11.4898 ], [ 103.084, 11.4979 ] ] ] } },
{ "type": "Feature", "properties": { "to": "Baren land", "kh": "ដីទំនេរ", "ha": 56360 }, "geometry": { "type": "Polygon", "coordinates": [ [ [ 103.0878, 11.5187 ], [ 103.0843, 11.5147 ], [ 103.0781, 11.5149 ], [ 103.0775, 11.5114 ], [ 103.0751, 11.5117 ], [ 103.0743, 11.5176 ], [ 103.077, 11.5182 ], [ 103.074, 11.5203 ], [ 103.0824, 11.5219 ], [ 103.0767, 11.5209 ], [ 103.0775, 11.5246 ], [ 103.084, 11.5244 ], [ 103.0878, 11.5187 ] ] ] } },
{ "type": "Feature", "properties": { "to": "Baren land", "kh": "ដីទំនេរ", "ha": 56360 }, "geometry": { "type": "Polygon", "coordinates": [ [ [ 103.0837, 11.5486 ], [ 103.07, 11.5411 ], [ 103.0886, 11.5557 ], [ 103.0837, 11.5486 ] ] ] } },
{ "type": "Feature", "properties": { "to": "Baren land", "kh": "ដីទំនេរ", "ha": 56360 }, "geometry": { "type": "Polygon", "coordinates": [ [ [ 103.0605, 11.6091 ], [ 103.0595, 11.6115 ], [ 103.0657, 11.6083 ], [ 103.0627, 11.6077 ], [ 103.0638, 11.6042 ], [ 103.0708, 11.6048 ], [ 103.0748, 11.5959 ], [ 103.0856, 11.5921 ], [ 103.0875, 11.5859 ], [ 103.087, 11.5802 ], [ 103.0913, 11.5794 ], [ 103.0918, 11.5727 ], [ 103.0953, 11.5737 ], [ 103.0956, 11.5772 ], [ 103.0926, 11.577 ], [ 103.0916, 11.5813 ], [ 103.094, 11.5791 ], [ 103.0935, 11.5837 ], [ 103.0913, 11.5826 ], [ 103.0935, 11.5843 ], [ 103.0921, 11.5894 ], [ 103.0948, 11.5913 ], [ 103.0929, 11.5883 ], [ 103.0975, 11.5853 ], [ 103.0967, 11.5778 ], [ 103.1032, 11.574 ], [ 103.1051, 11.5767 ], [ 103.1045, 11.5729 ], [ 103.1013, 11.5729 ], [ 103.1056, 11.5719 ], [ 103.1042, 11.5697 ], [ 103.0983, 11.5694 ], [ 103.097, 11.5729 ], [ 103.0894, 11.5719 ], [ 103.0902, 11.5745 ], [ 103.0859, 11.5808 ], [ 103.0851, 11.5918 ], [ 103.0765, 11.594 ], [ 103.074, 11.5961 ], [ 103.0713, 11.6018 ], [ 103.0659, 11.6015 ], [ 103.0549, 11.6072 ], [ 103.0605, 11.6091 ] ] ] } },
{ "type": "Feature", "properties": { "to": "Baren land", "kh": "ដីទំនេរ", "ha": 56360 }, "geometry": { "type": "Polygon", "coordinates": [ [ [ 103.0827, 11.6191 ], [ 103.0716, 11.6191 ], [ 103.0708, 11.6226 ], [ 103.0754, 11.6218 ], [ 103.0754, 11.6258 ], [ 103.0824, 11.6223 ], [ 103.0859, 11.6245 ], [ 103.0827, 11.6191 ] ] ] } },
{ "type": "Feature", "properties": { "to": "Baren land", "kh": "ដីទំនេរ", "ha": 56360 }, "geometry": { "type": "Polygon", "coordinates": [ [ [ 103.0988, 11.7332 ], [ 103.1018, 11.7294 ], [ 103.1024, 11.7313 ], [ 103.1072, 11.731 ], [ 103.1153, 11.7246 ], [ 103.1161, 11.7221 ], [ 103.1069, 11.7305 ], [ 103.1029, 11.7308 ], [ 103.1018, 11.7278 ], [ 103.0975, 11.7316 ], [ 103.097, 11.7286 ], [ 103.0913, 11.7337 ], [ 103.0889, 11.731 ], [ 103.0819, 11.7291 ], [ 103.0886, 11.7316 ], [ 103.0908, 11.7351 ], [ 103.0964, 11.7308 ], [ 103.0988, 11.7332 ] ] ] } },
{ "type": "Feature", "properties": { "to": "Baren land", "kh": "ដីទំនេរ", "ha": 56360 }, "geometry": { "type": "Polygon", "coordinates": [ [ [ 103.1007, 11.8257 ], [ 103.0937, 11.8201 ], [ 103.0978, 11.816 ], [ 103.0975, 11.8109 ], [ 103.0929, 11.8036 ], [ 103.0878, 11.8006 ], [ 103.0875, 11.7974 ], [ 103.0816, 11.7947 ], [ 103.0832, 11.7898 ], [ 103.081, 11.7925 ], [ 103.0797, 11.7912 ], [ 103.0759, 11.7912 ], [ 103.0743, 11.7893 ], [ 103.0694, 11.789 ], [ 103.0689, 11.7839 ], [ 103.0654, 11.7791 ], [ 103.0611, 11.7782 ], [ 103.0654, 11.7799 ], [ 103.0692, 11.7896 ], [ 103.0778, 11.7925 ], [ 103.0797, 11.7917 ], [ 103.0805, 11.7952 ], [ 103.0867, 11.7974 ], [ 103.087, 11.8004 ], [ 103.0956, 11.8085 ], [ 103.0975, 11.8141 ], [ 103.0918, 11.8152 ], [ 103.0972, 11.816 ], [ 103.0899, 11.8174 ], [ 103.0899, 11.8139 ], [ 103.0872, 11.816 ], [ 103.0899, 11.8168 ], [ 103.0835, 11.8209 ], [ 103.0908, 11.8176 ], [ 103.0964, 11.8279 ], [ 103.0994, 11.8265 ], [ 103.0991, 11.8296 ], [ 103.1003, 11.8271 ], [ 103.101, 11.8293 ], [ 103.1007, 11.8257 ] ] ] } },
{ "type": "Feature", "properties": { "to": "Baren land", "kh": "ដីទំនេរ", "ha": 56360 }, "geometry": { "type": "Polygon", "coordinates": [ [ [ 103.07, 11.8414 ], [ 103.0716, 11.8198 ], [ 103.0754, 11.823 ], [ 103.0819, 11.8217 ], [ 103.0808, 11.8198 ], [ 103.0754, 11.8217 ], [ 103.0713, 11.8187 ], [ 103.07, 11.8247 ], [ 103.0676, 11.8244 ], [ 103.0705, 11.8284 ], [ 103.07, 11.8414 ] ] ] } },
{ "type": "Feature", "properties": { "to": "Baren land", "kh": "ដីទំនេរ", "ha": 56360 }, "geometry": { "type": "Polygon", "coordinates": [ [ [ 103.1036, 11.8432 ], [ 103.094, 11.8387 ], [ 103.0943, 11.8338 ], [ 103.1002, 11.8317 ], [ 103.0975, 11.8303 ], [ 103.0935, 11.8344 ], [ 103.0924, 11.8414 ], [ 103.0864, 11.8408 ], [ 103.0859, 11.8465 ], [ 103.0956, 11.8454 ], [ 103.0921, 11.843 ], [ 103.0953, 11.84 ], [ 103.1048, 11.8487 ], [ 103.1021, 11.8549 ], [ 103.1048, 11.85 ], [ 103.1048, 11.8524 ], [ 103.1107, 11.8511 ], [ 103.111, 11.8489 ], [ 103.1058, 11.8483 ], [ 103.1036, 11.8432 ] ] ] } },
{ "type": "Feature", "properties": { "to": "Baren land", "kh": "ដីទំនេរ", "ha": 56360 }, "geometry": { "type": "Polygon", "coordinates": [ [ [ 103.1315, 10.8793 ], [ 103.1339, 10.8952 ], [ 103.1364, 10.8804 ], [ 103.1377, 10.8898 ], [ 103.1355, 10.8928 ], [ 103.1377, 10.8951 ], [ 103.1378, 10.8812 ], [ 103.1356, 10.8769 ], [ 103.1364, 10.879 ], [ 103.1339, 10.8796 ], [ 103.1334, 10.8774 ], [ 103.1315, 10.8793 ] ] ] } },
{ "type": "Feature", "properties": { "to": "Baren land", "kh": "ដីទំនេរ", "ha": 56360 }, "geometry": { "type": "Polygon", "coordinates": [ [ [ 103.1407, 10.9001 ], [ 103.1428, 10.9022 ], [ 103.1277, 10.8982 ], [ 103.1245, 10.9071 ], [ 103.1226, 10.9076 ], [ 103.1232, 10.9057 ], [ 103.1185, 10.9109 ], [ 103.1071, 10.9162 ], [ 103.1129, 10.9157 ], [ 103.1069, 10.9192 ], [ 103.1045, 10.919 ], [ 103.1053, 10.9171 ], [ 103.1029, 10.9182 ], [ 103.1065, 10.922 ], [ 103.1111, 10.9188 ], [ 103.1149, 10.9205 ], [ 103.1061, 10.9277 ], [ 103.1113, 10.9303 ], [ 103.1048, 10.9314 ], [ 103.1059, 10.9332 ], [ 103.1024, 10.9362 ], [ 103.1102, 10.9334 ], [ 103.1266, 10.9368 ], [ 103.1283, 10.9311 ], [ 103.1266, 10.9335 ], [ 103.1199, 10.9343 ], [ 103.1172, 10.9327 ], [ 103.1175, 10.9295 ], [ 103.1207, 10.9308 ], [ 103.1185, 10.9268 ], [ 103.1237, 10.9292 ], [ 103.1342, 10.9254 ], [ 103.1355, 10.93 ], [ 103.1377, 10.926 ], [ 103.1345, 10.9243 ], [ 103.1409, 10.9257 ], [ 103.1428, 10.9243 ], [ 103.1409, 10.9219 ], [ 103.1442, 10.9233 ], [ 103.1482, 10.9203 ], [ 103.1409, 10.9154 ], [ 103.1423, 10.913 ], [ 103.1439, 10.9149 ], [ 103.1469, 10.9133 ], [ 103.1471, 10.9106 ], [ 103.1434, 10.9106 ], [ 103.1439, 10.9117 ], [ 103.1404, 10.9144 ], [ 103.1434, 10.91 ], [ 103.139, 10.9103 ], [ 103.1455, 10.9055 ], [ 103.1461, 10.9019 ], [ 103.143, 10.9008 ], [ 103.149, 10.8974 ], [ 103.1482, 10.8955 ], [ 103.152, 10.8952 ], [ 103.1493, 10.892 ], [ 103.153, 10.8897 ], [ 103.1483, 10.8889 ], [ 103.1407, 10.9001 ] ], [ [ 103.1237, 10.9189 ], [ 103.1169, 10.9276 ], [ 103.1194, 10.9208 ], [ 103.1223, 10.9187 ], [ 103.128, 10.9176 ], [ 103.1273, 10.9124 ], [ 103.1298, 10.914 ], [ 103.1318, 10.9171 ], [ 103.1277, 10.9203 ], [ 103.1291, 10.9233 ], [ 103.1237, 10.9189 ] ], [ [ 103.1164, 10.9181 ], [ 103.1185, 10.9162 ], [ 103.1131, 10.9152 ], [ 103.1272, 10.907 ], [ 103.1304, 10.9027 ], [ 103.1226, 10.9165 ], [ 103.1164, 10.9181 ] ] ] } },
{ "type": "Feature", "properties": { "to": "Baren land", "kh": "ដីទំនេរ", "ha": 56360 }, "geometry": { "type": "Polygon", "coordinates": [ [ [ 103.1221, 10.9494 ], [ 103.121, 10.9535 ], [ 103.1245, 10.9535 ], [ 103.1234, 10.9562 ], [ 103.1266, 10.9591 ], [ 103.1212, 10.9591 ], [ 103.1196, 10.9616 ], [ 103.1261, 10.9621 ], [ 103.1299, 10.9567 ], [ 103.1299, 10.9514 ], [ 103.126, 10.9479 ], [ 103.1221, 10.9494 ] ] ] } },
{ "type": "Feature", "properties": { "to": "Baren land", "kh": "ដីទំនេរ", "ha": 56360 }, "geometry": { "type": "Polygon", "coordinates": [ [ [ 103.1328, 10.9786 ], [ 103.131, 10.981 ], [ 103.1342, 10.9807 ], [ 103.1364, 10.9729 ], [ 103.1326, 10.9767 ], [ 103.1258, 10.9718 ], [ 103.1253, 10.9745 ], [ 103.1212, 10.974 ], [ 103.1256, 10.9761 ], [ 103.1223, 10.9802 ], [ 103.1207, 10.9786 ], [ 103.121, 10.981 ], [ 103.1328, 10.9786 ] ] ] } },
{ "type": "Feature", "properties": { "to": "Baren land", "kh": "ដីទំនេរ", "ha": 56360 }, "geometry": { "type": "Polygon", "coordinates": [ [ [ 103.1082, 11.0191 ], [ 103.1105, 11.0139 ], [ 103.1118, 11.0171 ], [ 103.1126, 11.0142 ], [ 103.1164, 11.0155 ], [ 103.1131, 11.0136 ], [ 103.115, 10.9977 ], [ 103.1126, 10.9875 ], [ 103.1147, 10.989 ], [ 103.1145, 10.9869 ], [ 103.1188, 10.9869 ], [ 103.1212, 10.9856 ], [ 103.1245, 10.9888 ], [ 103.1261, 10.9856 ], [ 103.1234, 10.9837 ], [ 103.1264, 10.9848 ], [ 103.1285, 10.9823 ], [ 103.1261, 10.984 ], [ 103.1159, 10.9813 ], [ 103.1186, 10.984 ], [ 103.1169, 10.9866 ], [ 103.1134, 10.9844 ], [ 103.1102, 10.9868 ], [ 103.1102, 10.9837 ], [ 103.1082, 11.0191 ] ] ] } },
{ "type": "Feature", "properties": { "to": "Baren land", "kh": "ដីទំនេរ", "ha": 56360 }, "geometry": { "type": "Polygon", "coordinates": [ [ [ 103.1339, 11.0039 ], [ 103.128, 11.0037 ], [ 103.1283, 11.0012 ], [ 103.1223, 11.002 ], [ 103.1258, 11.0072 ], [ 103.1304, 11.0058 ], [ 103.1304, 11.008 ], [ 103.1366, 11.0015 ], [ 103.1337, 11.0012 ], [ 103.1339, 11.0039 ] ] ] } },
{ "type": "Feature", "properties": { "to": "Baren land", "kh": "ដីទំនេរ", "ha": 56360 }, "geometry": { "type": "Polygon", "coordinates": [ [ [ 103.1072, 11.025 ], [ 103.1091, 11.0301 ], [ 103.1137, 11.0304 ], [ 103.1158, 11.0347 ], [ 103.114, 11.0358 ], [ 103.115, 11.0341 ], [ 103.1113, 11.0312 ], [ 103.1107, 11.0344 ], [ 103.1072, 11.0328 ], [ 103.1102, 11.0363 ], [ 103.1064, 11.0382 ], [ 103.1078, 11.0409 ], [ 103.1212, 11.0325 ], [ 103.1258, 11.0371 ], [ 103.1293, 11.0368 ], [ 103.1307, 11.0422 ], [ 103.1334, 11.0414 ], [ 103.1293, 11.0336 ], [ 103.1283, 11.0358 ], [ 103.1288, 11.0328 ], [ 103.1272, 11.0341 ], [ 103.1277, 11.0298 ], [ 103.1231, 11.0325 ], [ 103.1207, 11.029 ], [ 103.1142, 11.0293 ], [ 103.1107, 11.0271 ], [ 103.1142, 11.0269 ], [ 103.1088, 11.0263 ], [ 103.1075, 11.0207 ], [ 103.1056, 11.0309 ], [ 103.1072, 11.025 ] ] ] } },
{ "type": "Feature", "properties": { "to": "Baren land", "kh": "ដីទំនេរ", "ha": 56360 }, "geometry": { "type": "Polygon", "coordinates": [ [ [ 103.1017, 11.071 ], [ 103.1099, 11.0752 ], [ 103.1094, 11.0684 ], [ 103.1129, 11.069 ], [ 103.1102, 11.0598 ], [ 103.1164, 11.0598 ], [ 103.1153, 11.0541 ], [ 103.1123, 11.0547 ], [ 103.1134, 11.0579 ], [ 103.108, 11.0568 ], [ 103.1067, 11.0625 ], [ 103.1091, 11.0614 ], [ 103.1105, 11.0681 ], [ 103.1075, 11.0627 ], [ 103.1056, 11.0657 ], [ 103.1059, 11.0622 ], [ 103.1026, 11.0622 ], [ 103.0978, 11.0571 ], [ 103.1012, 11.0624 ], [ 103.1017, 11.071 ] ] ] } },
{ "type": "Feature", "properties": { "to": "Baren land", "kh": "ដីទំនេរ", "ha": 56360 }, "geometry": { "type": "Polygon", "coordinates": [ [ [ 103.1301, 11.0735 ], [ 103.1274, 11.073 ], [ 103.1315, 11.0719 ], [ 103.1318, 11.0692 ], [ 103.1342, 11.0735 ], [ 103.1347, 11.0687 ], [ 103.1304, 11.0676 ], [ 103.1272, 11.0711 ], [ 103.1253, 11.0657 ], [ 103.1229, 11.0668 ], [ 103.1266, 11.0698 ], [ 103.1185, 11.0708 ], [ 103.1156, 11.0681 ], [ 103.111, 11.0706 ], [ 103.118, 11.0722 ], [ 103.1196, 11.0803 ], [ 103.1221, 11.0784 ], [ 103.1199, 11.0781 ], [ 103.1207, 11.076 ], [ 103.1239, 11.0787 ], [ 103.1239, 11.0762 ], [ 103.1261, 11.0762 ], [ 103.1264, 11.0784 ], [ 103.1283, 11.0754 ], [ 103.1266, 11.0752 ], [ 103.1301, 11.0735 ] ] ] } },
{ "type": "Feature", "properties": { "to": "Baren land", "kh": "ដីទំនេរ", "ha": 56360 }, "geometry": { "type": "Polygon", "coordinates": [ [ [ 103.118, 11.0851 ], [ 103.1131, 11.0851 ], [ 103.1169, 11.0897 ], [ 103.1245, 11.0895 ], [ 103.1269, 11.0932 ], [ 103.1272, 11.0881 ], [ 103.1285, 11.0908 ], [ 103.1288, 11.0878 ], [ 103.1326, 11.0895 ], [ 103.1293, 11.0862 ], [ 103.1239, 11.0892 ], [ 103.1171, 11.0882 ], [ 103.118, 11.0851 ] ] ] } },
{ "type": "Feature", "properties": { "to": "Baren land", "kh": "ដីទំនេរ", "ha": 56360 }, "geometry": { "type": "Polygon", "coordinates": [ [ [ 103.108, 11.1593 ], [ 103.1067, 11.1564 ], [ 103.1042, 11.1647 ], [ 103.1083, 11.1658 ], [ 103.1042, 11.1674 ], [ 103.1056, 11.1715 ], [ 103.1088, 11.1669 ], [ 103.1121, 11.1514 ], [ 103.1073, 11.1549 ], [ 103.108, 11.1593 ] ] ] } },
{ "type": "Feature", "properties": { "to": "Baren land", "kh": "ដីទំនេរ", "ha": 56360 }, "geometry": { "type": "Polygon", "coordinates": [ [ [ 103.1105, 11.1971 ], [ 103.1055, 11.203 ], [ 103.1115, 11.203 ], [ 103.108, 11.2047 ], [ 103.1105, 11.2071 ], [ 103.104, 11.2098 ], [ 103.1026, 11.2078 ], [ 103.0999, 11.2119 ], [ 103.1156, 11.2117 ], [ 103.1194, 11.2082 ], [ 103.1191, 11.2047 ], [ 103.1218, 11.2049 ], [ 103.1194, 11.2028 ], [ 103.121, 11.1987 ], [ 103.1285, 11.2003 ], [ 103.1307, 11.1987 ], [ 103.131, 11.2009 ], [ 103.1334, 11.202 ], [ 103.1307, 11.1963 ], [ 103.1259, 11.1994 ], [ 103.1242, 11.1963 ], [ 103.126, 11.1893 ], [ 103.1239, 11.1866 ], [ 103.1277, 11.185 ], [ 103.1237, 11.1796 ], [ 103.1247, 11.1709 ], [ 103.12, 11.1715 ], [ 103.1242, 11.1719 ], [ 103.1208, 11.1795 ], [ 103.1172, 11.1802 ], [ 103.1105, 11.1971 ] ] ] } },
{ "type": "Feature", "properties": { "to": "Baren land", "kh": "ដីទំនេរ", "ha": 56360 }, "geometry": { "type": "Polygon", "coordinates": [ [ [ 103.0983, 11.2368 ], [ 103.1013, 11.2335 ], [ 103.0991, 11.2319 ], [ 103.103, 11.2319 ], [ 103.1088, 11.2273 ], [ 103.1267, 11.2211 ], [ 103.1266, 11.219 ], [ 103.1064, 11.2265 ], [ 103.1018, 11.2314 ], [ 103.0962, 11.2314 ], [ 103.0989, 11.2322 ], [ 103.0937, 11.2351 ], [ 103.0983, 11.2368 ] ] ] } },
{ "type": "Feature", "properties": { "to": "Baren land", "kh": "ដីទំនេរ", "ha": 56360 }, "geometry": { "type": "Polygon", "coordinates": [ [ [ 103.1212, 11.236 ], [ 103.1172, 11.2306 ], [ 103.111, 11.233 ], [ 103.1148, 11.2335 ], [ 103.1169, 11.237 ], [ 103.1231, 11.237 ], [ 103.1247, 11.2351 ], [ 103.1212, 11.2327 ], [ 103.1212, 11.236 ] ] ] } },
{ "type": "Feature", "properties": { "to": "Baren land", "kh": "ដីទំនេរ", "ha": 56360 }, "geometry": { "type": "Polygon", "coordinates": [ [ [ 103.125, 11.2414 ], [ 103.1142, 11.2476 ], [ 103.1167, 11.2481 ], [ 103.1145, 11.2521 ], [ 103.1164, 11.2546 ], [ 103.1164, 11.2519 ], [ 103.1188, 11.2519 ], [ 103.1172, 11.2494 ], [ 103.1231, 11.2516 ], [ 103.1247, 11.2457 ], [ 103.1285, 11.2462 ], [ 103.125, 11.2414 ] ] ] } },
{ "type": "Feature", "properties": { "to": "Baren land", "kh": "ដីទំនេរ", "ha": 56360 }, "geometry": { "type": "Polygon", "coordinates": [ [ [ 103.111, 11.2538 ], [ 103.1021, 11.2573 ], [ 103.1015, 11.2519 ], [ 103.1015, 11.2619 ], [ 103.1056, 11.2635 ], [ 103.1064, 11.2581 ], [ 103.1096, 11.2565 ], [ 103.1078, 11.2551 ], [ 103.111, 11.2538 ] ] ] } },
{ "type": "Feature", "properties": { "to": "Baren land", "kh": "ដីទំនេរ", "ha": 56360 }, "geometry": { "type": "Polygon", "coordinates": [ [ [ 103.1153, 11.2853 ], [ 103.1169, 11.2832 ], [ 103.1118, 11.2802 ], [ 103.1131, 11.2767 ], [ 103.1072, 11.2729 ], [ 103.1091, 11.2753 ], [ 103.1078, 11.2802 ], [ 103.1113, 11.2834 ], [ 103.1075, 11.2805 ], [ 103.104, 11.2821 ], [ 103.108, 11.2845 ], [ 103.1072, 11.2875 ], [ 103.1118, 11.2905 ], [ 103.1091, 11.2867 ], [ 103.1113, 11.2875 ], [ 103.1121, 11.2842 ], [ 103.114, 11.2891 ], [ 103.1199, 11.2891 ], [ 103.1177, 11.2929 ], [ 103.1218, 11.2937 ], [ 103.1223, 11.2905 ], [ 103.1153, 11.2853 ] ] ] } },
{ "type": "Feature", "properties": { "to": "Baren land", "kh": "ដីទំនេរ", "ha": 56360 }, "geometry": { "type": "Polygon", "coordinates": [ [ [ 103.1164, 11.3042 ], [ 103.1189, 11.3022 ], [ 103.125, 11.3058 ], [ 103.1293, 11.3037 ], [ 103.134, 11.3083 ], [ 103.1312, 11.3023 ], [ 103.1277, 11.3018 ], [ 103.1301, 11.2999 ], [ 103.1293, 11.2956 ], [ 103.1358, 11.2996 ], [ 103.1409, 11.298 ], [ 103.1409, 11.3061 ], [ 103.1429, 11.3061 ], [ 103.1436, 11.295 ], [ 103.1377, 11.2875 ], [ 103.1326, 11.2886 ], [ 103.1296, 11.2918 ], [ 103.1347, 11.2934 ], [ 103.1369, 11.288 ], [ 103.142, 11.2969 ], [ 103.1345, 11.2985 ], [ 103.1323, 11.2956 ], [ 103.1372, 11.2967 ], [ 103.1388, 11.294 ], [ 103.1339, 11.2953 ], [ 103.1291, 11.2929 ], [ 103.1261, 11.2961 ], [ 103.1285, 11.3007 ], [ 103.1234, 11.2988 ], [ 103.1239, 11.3015 ], [ 103.125, 11.3004 ], [ 103.1274, 11.3015 ], [ 103.1261, 11.3037 ], [ 103.1264, 11.3015 ], [ 103.1229, 11.3037 ], [ 103.1226, 11.2999 ], [ 103.1194, 11.2999 ], [ 103.1256, 11.2969 ], [ 103.1223, 11.2953 ], [ 103.1242, 11.2937 ], [ 103.121, 11.2942 ], [ 103.1215, 11.298 ], [ 103.1161, 11.3007 ], [ 103.1115, 11.2991 ], [ 103.115, 11.2988 ], [ 103.1145, 11.2961 ], [ 103.1105, 11.2975 ], [ 103.1107, 11.2958 ], [ 103.1088, 11.2956 ], [ 103.1096, 11.2994 ], [ 103.1072, 11.3014 ], [ 103.1164, 11.3042 ] ] ] } },
{ "type": "Feature", "properties": { "to": "Baren land", "kh": "ដីទំនេរ", "ha": 56360 }, "geometry": { "type": "Polygon", "coordinates": [ [ [ 103.1256, 11.373 ], [ 103.1253, 11.3687 ], [ 103.1237, 11.3719 ], [ 103.1212, 11.3706 ], [ 103.1229, 11.366 ], [ 103.1204, 11.362 ], [ 103.1194, 11.3682 ], [ 103.1177, 11.3665 ], [ 103.1158, 11.3682 ], [ 103.1194, 11.3698 ], [ 103.1183, 11.3741 ], [ 103.1221, 11.3727 ], [ 103.1261, 11.3765 ], [ 103.1245, 11.3787 ], [ 103.1288, 11.3752 ], [ 103.1256, 11.373 ] ] ] } },
{ "type": "Feature", "properties": { "to": "Baren land", "kh": "ដីទំនេរ", "ha": 56360 }, "geometry": { "type": "Polygon", "coordinates": [ [ [ 103.1199, 11.4772 ], [ 103.1158, 11.4731 ], [ 103.1137, 11.4736 ], [ 103.1123, 11.4761 ], [ 103.1083, 11.4723 ], [ 103.1037, 11.4742 ], [ 103.1086, 11.4734 ], [ 103.1096, 11.4793 ], [ 103.1134, 11.475 ], [ 103.1161, 11.4755 ], [ 103.118, 11.4772 ], [ 103.1161, 11.4796 ], [ 103.1194, 11.4804 ], [ 103.1196, 11.4852 ], [ 103.1218, 11.4861 ], [ 103.1199, 11.4772 ] ] ] } },
{ "type": "Feature", "properties": { "to": "Baren land", "kh": "ដីទំនេរ", "ha": 56360 }, "geometry": { "type": "Polygon", "coordinates": [ [ [ 103.1141, 11.6555 ], [ 103.1029, 11.6552 ], [ 103.0983, 11.6609 ], [ 103.0937, 11.6606 ], [ 103.0943, 11.6582 ], [ 103.0913, 11.6595 ], [ 103.097, 11.6625 ], [ 103.101, 11.662 ], [ 103.1015, 11.6598 ], [ 103.108, 11.6598 ], [ 103.1105, 11.6558 ], [ 103.1161, 11.6628 ], [ 103.1153, 11.6666 ], [ 103.1212, 11.6682 ], [ 103.1172, 11.6617 ], [ 103.1194, 11.6605 ], [ 103.1141, 11.6555 ] ] ] } },
{ "type": "Feature", "properties": { "to": "Baren land", "kh": "ដីទំនេរ", "ha": 56360 }, "geometry": { "type": "Polygon", "coordinates": [ [ [ 103.1177, 11.9083 ], [ 103.1212, 11.8978 ], [ 103.1188, 11.8961 ], [ 103.1123, 11.8986 ], [ 103.1034, 11.8845 ], [ 103.101, 11.8867 ], [ 103.1037, 11.8897 ], [ 103.1034, 11.8948 ], [ 103.1083, 11.8926 ], [ 103.1118, 11.9024 ], [ 103.115, 11.9015 ], [ 103.1153, 11.8986 ], [ 103.118, 11.8991 ], [ 103.1172, 11.9053 ], [ 103.1134, 11.9075 ], [ 103.1137, 11.9142 ], [ 103.1167, 11.9193 ], [ 103.1207, 11.9185 ], [ 103.1221, 11.9207 ], [ 103.1212, 11.9187 ], [ 103.1193, 11.9178 ], [ 103.1177, 11.9083 ] ] ] } },
{ "type": "Feature", "properties": { "to": "Baren land", "kh": "ដីទំនេរ", "ha": 56360 }, "geometry": { "type": "Polygon", "coordinates": [ [ [ 103.1698, 10.8679 ], [ 103.1654, 10.8673 ], [ 103.1621, 10.8732 ], [ 103.155, 10.875 ], [ 103.1535, 10.8787 ], [ 103.1625, 10.8747 ], [ 103.1644, 10.8796 ], [ 103.1698, 10.8679 ] ] ] } },
{ "type": "Feature", "properties": { "to": "Baren land", "kh": "ដីទំនេរ", "ha": 56360 }, "geometry": { "type": "Polygon", "coordinates": [ [ [ 103.1533, 10.9179 ], [ 103.1523, 10.9146 ], [ 103.1533, 10.9173 ], [ 103.156, 10.9152 ], [ 103.1531, 10.9138 ], [ 103.1533, 10.9103 ], [ 103.1471, 10.909 ], [ 103.1488, 10.9146 ], [ 103.1434, 10.9165 ], [ 103.1512, 10.9157 ], [ 103.1453, 10.9173 ], [ 103.1533, 10.9179 ] ] ] } },
{ "type": "Feature", "properties": { "to": "Baren land", "kh": "ដីទំនេរ", "ha": 56360 }, "geometry": { "type": "Polygon", "coordinates": [ [ [ 103.1612, 10.9179 ], [ 103.1596, 10.9133 ], [ 103.1587, 10.9181 ], [ 103.1552, 10.9195 ], [ 103.1628, 10.9233 ], [ 103.1666, 10.9157 ], [ 103.1633, 10.9133 ], [ 103.1612, 10.9179 ] ] ] } },
{ "type": "Feature", "properties": { "to": "Baren land", "kh": "ដីទំនេរ", "ha": 56360 }, "geometry": { "type": "Polygon", "coordinates": [ [ [ 103.1423, 10.9478 ], [ 103.1453, 10.947 ], [ 103.1444, 10.944 ], [ 103.1488, 10.9427 ], [ 103.152, 10.9465 ], [ 103.1536, 10.9454 ], [ 103.1542, 10.9419 ], [ 103.152, 10.9443 ], [ 103.1485, 10.9416 ], [ 103.1469, 10.9427 ], [ 103.1485, 10.9384 ], [ 103.145, 10.9381 ], [ 103.1482, 10.9351 ], [ 103.1471, 10.93 ], [ 103.1512, 10.93 ], [ 103.1482, 10.9211 ], [ 103.1463, 10.9246 ], [ 103.1488, 10.9262 ], [ 103.145, 10.9319 ], [ 103.1366, 10.9292 ], [ 103.1401, 10.9335 ], [ 103.1355, 10.9378 ], [ 103.1401, 10.9389 ], [ 103.1401, 10.9435 ], [ 103.1358, 10.9446 ], [ 103.1291, 10.9408 ], [ 103.1301, 10.9443 ], [ 103.1277, 10.9446 ], [ 103.1317, 10.9514 ], [ 103.1355, 10.9494 ], [ 103.1382, 10.9519 ], [ 103.138, 10.9465 ], [ 103.142, 10.9473 ], [ 103.1404, 10.9521 ], [ 103.1466, 10.9497 ], [ 103.1423, 10.9478 ] ] ] } },
{ "type": "Feature", "properties": { "to": "Baren land", "kh": "ដីទំនេរ", "ha": 56360 }, "geometry": { "type": "Polygon", "coordinates": [ [ [ 103.1606, 11.0722 ], [ 103.1653, 11.0661 ], [ 103.1663, 11.0549 ], [ 103.1693, 11.0528 ], [ 103.1698, 11.0495 ], [ 103.166, 11.0401 ], [ 103.1512, 11.0239 ], [ 103.1544, 11.0244 ], [ 103.1649, 11.0185 ], [ 103.1722, 11.0255 ], [ 103.1655, 11.0169 ], [ 103.159, 11.0215 ], [ 103.1569, 11.0193 ], [ 103.1579, 11.022 ], [ 103.1547, 11.0236 ], [ 103.1464, 11.0225 ], [ 103.1639, 11.0382 ], [ 103.169, 11.0495 ], [ 103.1651, 11.0544 ], [ 103.1645, 11.065 ], [ 103.1595, 11.0723 ], [ 103.1567, 11.0796 ], [ 103.1577, 11.0833 ], [ 103.1606, 11.0722 ] ] ] } },
{ "type": "Feature", "properties": { "to": "Baren land", "kh": "ដីទំនេរ", "ha": 56360 }, "geometry": { "type": "Polygon", "coordinates": [ [ [ 103.1641, 11.0922 ], [ 103.1617, 11.0873 ], [ 103.1596, 11.0886 ], [ 103.1606, 11.0911 ], [ 103.1585, 11.0881 ], [ 103.156, 11.0903 ], [ 103.1606, 11.0913 ], [ 103.1601, 11.0959 ], [ 103.1628, 11.0989 ], [ 103.1671, 11.0989 ], [ 103.1652, 11.097 ], [ 103.1693, 11.0962 ], [ 103.1695, 11.094 ], [ 103.1652, 11.0959 ], [ 103.1639, 11.094 ], [ 103.1647, 11.0965 ], [ 103.1625, 11.0967 ], [ 103.1628, 11.0935 ], [ 103.1606, 11.0932 ], [ 103.1641, 11.0922 ] ] ] } },
{ "type": "Feature", "properties": { "to": "Baren land", "kh": "ដីទំនេរ", "ha": 56360 }, "geometry": { "type": "Polygon", "coordinates": [ [ [ 103.1396, 11.1315 ], [ 103.1423, 11.1377 ], [ 103.1442, 11.1364 ], [ 103.1423, 11.1391 ], [ 103.1512, 11.138 ], [ 103.1533, 11.1353 ], [ 103.1498, 11.1305 ], [ 103.1471, 11.1356 ], [ 103.1469, 11.1272 ], [ 103.142, 11.1267 ], [ 103.1399, 11.1189 ], [ 103.138, 11.1197 ], [ 103.1404, 11.1172 ], [ 103.1355, 11.114 ], [ 103.1285, 11.121 ], [ 103.1318, 11.1221 ], [ 103.1361, 11.1302 ], [ 103.1374, 11.1283 ], [ 103.1353, 11.127 ], [ 103.1399, 11.1294 ], [ 103.1396, 11.1253 ], [ 103.1412, 11.1288 ], [ 103.1396, 11.1315 ] ] ] } },
{ "type": "Feature", "properties": { "to": "Baren land", "kh": "ដីទំនេរ", "ha": 56360 }, "geometry": { "type": "Polygon", "coordinates": [ [ [ 103.1593, 11.1334 ], [ 103.1574, 11.128 ], [ 103.1547, 11.1278 ], [ 103.1552, 11.1245 ], [ 103.1523, 11.1243 ], [ 103.1523, 11.1324 ], [ 103.1552, 11.1332 ], [ 103.1539, 11.1386 ], [ 103.1585, 11.1359 ], [ 103.1623, 11.1391 ], [ 103.1639, 11.1334 ], [ 103.1593, 11.1334 ] ] ] } },
{ "type": "Feature", "properties": { "to": "Baren land", "kh": "ដីទំនេរ", "ha": 56360 }, "geometry": { "type": "Polygon", "coordinates": [ [ [ 103.1596, 11.1523 ], [ 103.1563, 11.1488 ], [ 103.1606, 11.1437 ], [ 103.1601, 11.1372 ], [ 103.1585, 11.1413 ], [ 103.1566, 11.1386 ], [ 103.156, 11.1431 ], [ 103.1539, 11.1421 ], [ 103.1577, 11.144 ], [ 103.1536, 11.1461 ], [ 103.1536, 11.1521 ], [ 103.1596, 11.1523 ] ] ] } },
{ "type": "Feature", "properties": { "to": "Baren land", "kh": "ដីទំនេរ", "ha": 56360 }, "geometry": { "type": "Polygon", "coordinates": [ [ [ 103.1412, 11.3339 ], [ 103.1444, 11.3336 ], [ 103.1485, 11.3282 ], [ 103.1466, 11.3255 ], [ 103.1485, 11.3234 ], [ 103.1439, 11.3247 ], [ 103.1412, 11.3339 ] ] ] } },
{ "type": "Feature", "properties": { "to": "Baren land", "kh": "ដីទំនេរ", "ha": 56360 }, "geometry": { "type": "Polygon", "coordinates": [ [ [ 103.1533, 11.356 ], [ 103.159, 11.3587 ], [ 103.1582, 11.3557 ], [ 103.1612, 11.3555 ], [ 103.1566, 11.3533 ], [ 103.162, 11.3522 ], [ 103.1631, 11.3489 ], [ 103.1604, 11.352 ], [ 103.1577, 11.3468 ], [ 103.1531, 11.346 ], [ 103.152, 11.3568 ], [ 103.145, 11.3566 ], [ 103.1444, 11.3628 ], [ 103.1512, 11.3657 ], [ 103.149, 11.3628 ], [ 103.1528, 11.3625 ], [ 103.1528, 11.3587 ], [ 103.156, 11.3593 ], [ 103.1533, 11.356 ] ] ] } },
{ "type": "Feature", "properties": { "to": "Baren land", "kh": "ដីទំនេរ", "ha": 56360 }, "geometry": { "type": "Polygon", "coordinates": [ [ [ 103.1531, 11.3633 ], [ 103.1539, 11.3657 ], [ 103.1585, 11.3646 ], [ 103.1596, 11.3692 ], [ 103.1612, 11.366 ], [ 103.1649, 11.3673 ], [ 103.1668, 11.3725 ], [ 103.162, 11.373 ], [ 103.1658, 11.3749 ], [ 103.1652, 11.3779 ], [ 103.1741, 11.3706 ], [ 103.1703, 11.3679 ], [ 103.1701, 11.3646 ], [ 103.166, 11.3665 ], [ 103.1663, 11.3641 ], [ 103.1531, 11.3633 ] ] ] } },
{ "type": "Feature", "properties": { "to": "Baren land", "kh": "ដីទំនេរ", "ha": 56360 }, "geometry": { "type": "Polygon", "coordinates": [ [ [ 103.1334, 11.3795 ], [ 103.1299, 11.3768 ], [ 103.1296, 11.3795 ], [ 103.1237, 11.38 ], [ 103.1339, 11.3819 ], [ 103.1342, 11.3792 ], [ 103.1374, 11.3787 ], [ 103.1374, 11.3771 ], [ 103.1404, 11.3752 ], [ 103.1417, 11.373 ], [ 103.1434, 11.3781 ], [ 103.1415, 11.3784 ], [ 103.1436, 11.3789 ], [ 103.1455, 11.3773 ], [ 103.1426, 11.3727 ], [ 103.1461, 11.3722 ], [ 103.1407, 11.3687 ], [ 103.1434, 11.3668 ], [ 103.1407, 11.3644 ], [ 103.1423, 11.359 ], [ 103.1393, 11.3579 ], [ 103.1312, 11.3598 ], [ 103.1277, 11.3633 ], [ 103.1285, 11.3679 ], [ 103.131, 11.3646 ], [ 103.131, 11.37 ], [ 103.1345, 11.3703 ], [ 103.1318, 11.3622 ], [ 103.1372, 11.3646 ], [ 103.1404, 11.363 ], [ 103.1401, 11.3663 ], [ 103.138, 11.3663 ], [ 103.1396, 11.369 ], [ 103.1358, 11.3687 ], [ 103.1404, 11.3703 ], [ 103.1409, 11.3741 ], [ 103.1377, 11.3765 ], [ 103.135, 11.3746 ], [ 103.1358, 11.3779 ], [ 103.1334, 11.3795 ] ] ] } },
{ "type": "Feature", "properties": { "to": "Baren land", "kh": "ដីទំនេរ", "ha": 56360 }, "geometry": { "type": "Polygon", "coordinates": [ [ [ 103.1498, 11.3744 ], [ 103.1555, 11.3746 ], [ 103.1533, 11.3738 ], [ 103.1574, 11.3727 ], [ 103.1582, 11.3695 ], [ 103.1544, 11.3714 ], [ 103.152, 11.3682 ], [ 103.1458, 11.3738 ], [ 103.1458, 11.3773 ], [ 103.1477, 11.3771 ], [ 103.1442, 11.3803 ], [ 103.1485, 11.3811 ], [ 103.1504, 11.3781 ], [ 103.149, 11.3757 ], [ 103.1504, 11.3722 ], [ 103.1498, 11.3744 ] ] ] } },
{ "type": "Feature", "properties": { "to": "Baren land", "kh": "ដីទំនេរ", "ha": 56360 }, "geometry": { "type": "Polygon", "coordinates": [ [ [ 103.138, 11.4224 ], [ 103.1364, 11.4156 ], [ 103.1358, 11.4186 ], [ 103.1328, 11.4151 ], [ 103.1299, 11.4224 ], [ 103.1323, 11.4224 ], [ 103.1331, 11.4267 ], [ 103.1361, 11.4259 ], [ 103.1353, 11.4208 ], [ 103.138, 11.4224 ] ] ] } },
{ "type": "Feature", "properties": { "to": "Baren land", "kh": "ដីទំនេរ", "ha": 56360 }, "geometry": { "type": "Polygon", "coordinates": [ [ [ 103.1488, 11.4299 ], [ 103.1636, 11.4248 ], [ 103.1604, 11.4194 ], [ 103.1525, 11.4191 ], [ 103.1458, 11.4243 ], [ 103.1507, 11.4229 ], [ 103.1493, 11.4254 ], [ 103.1444, 11.4262 ], [ 103.1488, 11.4299 ] ] ] } },
{ "type": "Feature", "properties": { "to": "Baren land", "kh": "ដីទំនេរ", "ha": 56360 }, "geometry": { "type": "Polygon", "coordinates": [ [ [ 103.1415, 11.465 ], [ 103.1498, 11.4656 ], [ 103.1507, 11.4639 ], [ 103.1504, 11.4664 ], [ 103.155, 11.4677 ], [ 103.1498, 11.4615 ], [ 103.1463, 11.4637 ], [ 103.139, 11.4631 ], [ 103.1434, 11.4696 ], [ 103.1415, 11.465 ] ] ] } },
{ "type": "Feature", "properties": { "to": "Baren land", "kh": "ដីទំនេរ", "ha": 56360 }, "geometry": { "type": "Polygon", "coordinates": [ [ [ 103.1458, 11.5411 ], [ 103.149, 11.5486 ], [ 103.148, 11.5532 ], [ 103.149, 11.5505 ], [ 103.1569, 11.553 ], [ 103.1509, 11.5468 ], [ 103.1523, 11.5424 ], [ 103.1493, 11.5438 ], [ 103.1458, 11.5411 ] ] ] } },
{ "type": "Feature", "properties": { "to": "Baren land", "kh": "ដីទំនេរ", "ha": 56360 }, "geometry": { "type": "Polygon", "coordinates": [ [ [ 103.128, 11.5857 ], [ 103.1274, 11.5772 ], [ 103.1264, 11.5754 ], [ 103.1253, 11.5878 ], [ 103.1272, 11.5915 ], [ 103.1334, 11.5948 ], [ 103.1318, 11.5926 ], [ 103.1372, 11.5948 ], [ 103.1385, 11.5926 ], [ 103.1411, 11.5959 ], [ 103.1382, 11.5913 ], [ 103.128, 11.5857 ] ] ] } },
{ "type": "Feature", "properties": { "to": "Baren land", "kh": "ដីទំនេរ", "ha": 56360 }, "geometry": { "type": "MultiPolygon", "coordinates": [ [ [ [ 103.1449, 11.6783 ], [ 103.1361, 11.6668 ], [ 103.138, 11.6746 ], [ 103.1439, 11.6784 ], [ 103.1436, 11.683 ], [ 103.1474, 11.6857 ], [ 103.1506, 11.6846 ], [ 103.1479, 11.6848 ], [ 103.1449, 11.6813 ], [ 103.1449, 11.6783 ] ] ], [ [ [ 103.1569, 11.6911 ], [ 103.1512, 11.6846 ], [ 103.1507, 11.6846 ], [ 103.1507, 11.6879 ], [ 103.1569, 11.6911 ] ] ] ] } },
{ "type": "Feature", "properties": { "to": "Baren land", "kh": "ដីទំនេរ", "ha": 56360 }, "geometry": { "type": "Polygon", "coordinates": [ [ [ 103.1665, 10.8315 ], [ 103.1729, 10.8293 ], [ 103.1809, 10.8323 ], [ 103.1771, 10.8251 ], [ 103.1739, 10.8269 ], [ 103.1728, 10.8242 ], [ 103.1698, 10.8256 ], [ 103.1712, 10.8288 ], [ 103.1689, 10.8269 ], [ 103.1665, 10.8315 ] ] ] } },
{ "type": "Feature", "properties": { "to": "Baren land", "kh": "ដីទំនេរ", "ha": 56360 }, "geometry": { "type": "Polygon", "coordinates": [ [ [ 103.1875, 10.8309 ], [ 103.1903, 10.8264 ], [ 103.1844, 10.8242 ], [ 103.1841, 10.8286 ], [ 103.1868, 10.8313 ], [ 103.1811, 10.8299 ], [ 103.1829, 10.836 ], [ 103.187, 10.833 ], [ 103.1875, 10.8309 ] ] ] } },
{ "type": "Feature", "properties": { "to": "Baren land", "kh": "ដីទំនេរ", "ha": 56360 }, "geometry": { "type": "Polygon", "coordinates": [ [ [ 103.1775, 10.8782 ], [ 103.1744, 10.8666 ], [ 103.1668, 10.8806 ], [ 103.1692, 10.8776 ], [ 103.1775, 10.8782 ] ] ] } },
{ "type": "Feature", "properties": { "to": "Baren land", "kh": "ដីទំនេរ", "ha": 56360 }, "geometry": { "type": "Polygon", "coordinates": [ [ [ 103.19, 10.8885 ], [ 103.1941, 10.8825 ], [ 103.1941, 10.889 ], [ 103.1836, 10.893 ], [ 103.1855, 10.8966 ], [ 103.1819, 10.8957 ], [ 103.1795, 10.9003 ], [ 103.1822, 10.9025 ], [ 103.189, 10.9014 ], [ 103.1895, 10.8982 ], [ 103.1927, 10.9011 ], [ 103.1938, 10.8941 ], [ 103.1981, 10.8912 ], [ 103.2014, 10.8949 ], [ 103.1992, 10.889 ], [ 103.2008, 10.8868 ], [ 103.1935, 10.8796 ], [ 103.1906, 10.8798 ], [ 103.1925, 10.8809 ], [ 103.1895, 10.8849 ], [ 103.1865, 10.8836 ], [ 103.1898, 10.8825 ], [ 103.1806, 10.8825 ], [ 103.1825, 10.8855 ], [ 103.1806, 10.8863 ], [ 103.1782, 10.882 ], [ 103.1741, 10.8823 ], [ 103.1728, 10.8852 ], [ 103.1784, 10.8887 ], [ 103.1771, 10.8917 ], [ 103.1733, 10.8866 ], [ 103.1644, 10.8952 ], [ 103.172, 10.8903 ], [ 103.1822, 10.8955 ], [ 103.1825, 10.892 ], [ 103.1868, 10.8906 ], [ 103.1865, 10.8879 ], [ 103.19, 10.8885 ] ] ] } },
{ "type": "Feature", "properties": { "to": "Baren land", "kh": "ដីទំនេរ", "ha": 56360 }, "geometry": { "type": "Polygon", "coordinates": [ [ [ 103.2047, 10.9077 ], [ 103.2081, 10.909 ], [ 103.2119, 10.9054 ], [ 103.2124, 10.9009 ], [ 103.2108, 10.9001 ], [ 103.2065, 10.9079 ], [ 103.2078, 10.9006 ], [ 103.2021, 10.8939 ], [ 103.2022, 10.898 ], [ 103.1985, 10.8955 ], [ 103.1995, 10.8982 ], [ 103.1967, 10.8995 ], [ 103.1954, 10.9044 ], [ 103.1979, 10.9063 ], [ 103.1973, 10.9015 ], [ 103.2017, 10.8987 ], [ 103.2047, 10.9077 ] ] ] } },
{ "type": "Feature", "properties": { "to": "Baren land", "kh": "ដីទំនេរ", "ha": 56360 }, "geometry": { "type": "Polygon", "coordinates": [ [ [ 103.1941, 10.9133 ], [ 103.1914, 10.91 ], [ 103.1879, 10.913 ], [ 103.1873, 10.9079 ], [ 103.1855, 10.9109 ], [ 103.1768, 10.9122 ], [ 103.1822, 10.9149 ], [ 103.1795, 10.9179 ], [ 103.1779, 10.9165 ], [ 103.1782, 10.9187 ], [ 103.1892, 10.913 ], [ 103.1884, 10.9152 ], [ 103.1941, 10.9133 ] ] ] } },
{ "type": "Feature", "properties": { "to": "Baren land", "kh": "ដីទំនេរ", "ha": 56360 }, "geometry": { "type": "Polygon", "coordinates": [ [ [ 103.2002, 10.9154 ], [ 103.1951, 10.9135 ], [ 103.1941, 10.9168 ], [ 103.193, 10.9144 ], [ 103.1903, 10.9169 ], [ 103.1871, 10.9149 ], [ 103.1857, 10.9189 ], [ 103.1828, 10.9176 ], [ 103.1833, 10.9225 ], [ 103.1914, 10.9162 ], [ 103.2, 10.9208 ], [ 103.1976, 10.9214 ], [ 103.1987, 10.9227 ], [ 103.2022, 10.9219 ], [ 103.2016, 10.9257 ], [ 103.207, 10.9233 ], [ 103.2072, 10.9176 ], [ 103.202, 10.9187 ], [ 103.2002, 10.9154 ] ] ] } },
{ "type": "Feature", "properties": { "to": "Baren land", "kh": "ដីទំនេរ", "ha": 56360 }, "geometry": { "type": "Polygon", "coordinates": [ [ [ 103.2019, 10.9448 ], [ 103.2025, 10.9305 ], [ 103.1997, 10.9308 ], [ 103.1996, 10.9334 ], [ 103.198, 10.9311 ], [ 103.1838, 10.9295 ], [ 103.1838, 10.9268 ], [ 103.1809, 10.9281 ], [ 103.1865, 10.9335 ], [ 103.1987, 10.9324 ], [ 103.2019, 10.9448 ] ] ] } },
{ "type": "Feature", "properties": { "to": "Baren land", "kh": "ដីទំនេរ", "ha": 56360 }, "geometry": { "type": "Polygon", "coordinates": [ [ [ 103.2081, 10.9338 ], [ 103.2051, 10.9381 ], [ 103.2081, 10.9392 ], [ 103.2084, 10.9362 ], [ 103.2111, 10.9378 ], [ 103.2065, 10.9424 ], [ 103.2103, 10.94 ], [ 103.2135, 10.9415 ], [ 103.2144, 10.9335 ], [ 103.2081, 10.9338 ] ] ] } },
{ "type": "Feature", "properties": { "to": "Baren land", "kh": "ដីទំនេរ", "ha": 56360 }, "geometry": { "type": "Polygon", "coordinates": [ [ [ 103.1655, 10.9826 ], [ 103.1623, 10.9802 ], [ 103.1674, 10.9842 ], [ 103.1911, 10.9852 ], [ 103.1809, 10.9837 ], [ 103.1809, 10.9799 ], [ 103.1784, 10.9837 ], [ 103.1655, 10.9826 ] ] ] } },
{ "type": "Feature", "properties": { "to": "Baren land", "kh": "ដីទំនេរ", "ha": 56360 }, "geometry": { "type": "Polygon", "coordinates": [ [ [ 103.1814, 10.9953 ], [ 103.1882, 11.0015 ], [ 103.1825, 11.0053 ], [ 103.1841, 11.0309 ], [ 103.1855, 11.0333 ], [ 103.1838, 11.0358 ], [ 103.1863, 11.0333 ], [ 103.1849, 11.0247 ], [ 103.1882, 11.0269 ], [ 103.1852, 11.0231 ], [ 103.1857, 11.0145 ], [ 103.1882, 11.0128 ], [ 103.1846, 11.0118 ], [ 103.1844, 11.0085 ], [ 103.183, 11.0112 ], [ 103.1833, 11.0066 ], [ 103.186, 11.0047 ], [ 103.1917, 11.0061 ], [ 103.197, 11.0012 ], [ 103.1911, 11.001 ], [ 103.1895, 10.998 ], [ 103.1814, 10.9953 ] ] ] } },
{ "type": "Feature", "properties": { "to": "Baren land", "kh": "ដីទំនេរ", "ha": 56360 }, "geometry": { "type": "Polygon", "coordinates": [ [ [ 103.1571, 11.1585 ], [ 103.1533, 11.1685 ], [ 103.1547, 11.1712 ], [ 103.1579, 11.1704 ], [ 103.1555, 11.1683 ], [ 103.1585, 11.1566 ], [ 103.1662, 11.1504 ], [ 103.1673, 11.1477 ], [ 103.1709, 11.1456 ], [ 103.1723, 11.1423 ], [ 103.1723, 11.1337 ], [ 103.1841, 11.1334 ], [ 103.1806, 11.1267 ], [ 103.1815, 11.1117 ], [ 103.1798, 11.1283 ], [ 103.1822, 11.1332 ], [ 103.1726, 11.1321 ], [ 103.172, 11.1331 ], [ 103.1717, 11.1423 ], [ 103.1668, 11.1448 ], [ 103.1676, 11.1472 ], [ 103.1555, 11.1581 ], [ 103.1571, 11.1585 ] ] ] } },
{ "type": "Feature", "properties": { "to": "Baren land", "kh": "ដីទំនេរ", "ha": 56360 }, "geometry": { "type": "Polygon", "coordinates": [ [ [ 103.1631, 11.3304 ], [ 103.1739, 11.3377 ], [ 103.1763, 11.336 ], [ 103.1679, 11.3315 ], [ 103.1717, 11.332 ], [ 103.1717, 11.3298 ], [ 103.1674, 11.3266 ], [ 103.1674, 11.3288 ], [ 103.1617, 11.3301 ], [ 103.1636, 11.332 ], [ 103.1631, 11.3304 ] ] ] } },
{ "type": "Feature", "properties": { "to": "Baren land", "kh": "ដីទំនេរ", "ha": 56360 }, "geometry": { "type": "Polygon", "coordinates": [ [ [ 103.1903, 11.3547 ], [ 103.1887, 11.3579 ], [ 103.1863, 11.3571 ], [ 103.1849, 11.3603 ], [ 103.1811, 11.3595 ], [ 103.1792, 11.362 ], [ 103.1814, 11.363 ], [ 103.1865, 11.3598 ], [ 103.1927, 11.363 ], [ 103.1957, 11.3566 ], [ 103.1903, 11.3547 ] ] ] } },
{ "type": "Feature", "properties": { "to": "Baren land", "kh": "ដីទំនេរ", "ha": 56360 }, "geometry": { "type": "Polygon", "coordinates": [ [ [ 103.1811, 11.3973 ], [ 103.1852, 11.3932 ], [ 103.1841, 11.3957 ], [ 103.1879, 11.3978 ], [ 103.1879, 11.3911 ], [ 103.1809, 11.3879 ], [ 103.1779, 11.3905 ], [ 103.1806, 11.3905 ], [ 103.1811, 11.3973 ] ] ] } },
{ "type": "Feature", "properties": { "to": "Baren land", "kh": "ដីទំនេរ", "ha": 56360 }, "geometry": { "type": "Polygon", "coordinates": [ [ [ 103.1976, 11.3914 ], [ 103.1952, 11.3922 ], [ 103.1973, 11.3949 ], [ 103.2025, 11.3935 ], [ 103.1973, 11.3884 ], [ 103.1925, 11.3905 ], [ 103.189, 11.3984 ], [ 103.1922, 11.3986 ], [ 103.1946, 11.3911 ], [ 103.1976, 11.3914 ] ] ] } },
{ "type": "Feature", "properties": { "to": "Baren land", "kh": "ដីទំនេរ", "ha": 56360 }, "geometry": { "type": "Polygon", "coordinates": [ [ [ 103.2076, 11.4677 ], [ 103.2027, 11.4661 ], [ 103.2068, 11.4629 ], [ 103.2043, 11.4572 ], [ 103.1968, 11.4558 ], [ 103.1968, 11.4623 ], [ 103.2014, 11.4645 ], [ 103.2016, 11.4674 ], [ 103.2092, 11.4699 ], [ 103.2089, 11.4658 ], [ 103.207, 11.4656 ], [ 103.2076, 11.4677 ] ] ] } },
{ "type": "Feature", "properties": { "to": "Baren land", "kh": "ដីទំនេរ", "ha": 56360 }, "geometry": { "type": "Polygon", "coordinates": [ [ [ 103.1882, 11.4631 ], [ 103.1865, 11.4591 ], [ 103.1844, 11.4615 ], [ 103.1828, 11.4591 ], [ 103.1792, 11.461 ], [ 103.183, 11.4612 ], [ 103.1819, 11.4658 ], [ 103.1849, 11.465 ], [ 103.1871, 11.4677 ], [ 103.1852, 11.4685 ], [ 103.1879, 11.4685 ], [ 103.1873, 11.472 ], [ 103.1892, 11.4723 ], [ 103.1879, 11.468 ], [ 103.1909, 11.4712 ], [ 103.1925, 11.4699 ], [ 103.1962, 11.4774 ], [ 103.1971, 11.4726 ], [ 103.1941, 11.4696 ], [ 103.196, 11.4672 ], [ 103.1882, 11.4645 ], [ 103.1941, 11.4596 ], [ 103.193, 11.4577 ], [ 103.1903, 11.4575 ], [ 103.1882, 11.4631 ] ] ] } },
{ "type": "Feature", "properties": { "to": "Baren land", "kh": "ដីទំនេរ", "ha": 56360 }, "geometry": { "type": "Polygon", "coordinates": [ [ [ 103.1976, 11.4844 ], [ 103.1954, 11.4815 ], [ 103.1957, 11.4842 ], [ 103.1935, 11.4828 ], [ 103.1917, 11.4861 ], [ 103.1873, 11.4839 ], [ 103.189, 11.485 ], [ 103.1873, 11.4879 ], [ 103.1922, 11.4869 ], [ 103.1949, 11.4896 ], [ 103.1938, 11.4869 ], [ 103.1976, 11.4844 ] ] ] } },
{ "type": "Feature", "properties": { "to": "Baren land", "kh": "ដីទំនេរ", "ha": 56360 }, "geometry": { "type": "Polygon", "coordinates": [ [ [ 103.1771, 11.5843 ], [ 103.1712, 11.5878 ], [ 103.1817, 11.5848 ], [ 103.1811, 11.5883 ], [ 103.1739, 11.5878 ], [ 103.1682, 11.5905 ], [ 103.1693, 11.5878 ], [ 103.1674, 11.5902 ], [ 103.169, 11.591 ], [ 103.1768, 11.5883 ], [ 103.1818, 11.5966 ], [ 103.1946, 11.5959 ], [ 103.196, 11.5926 ], [ 103.1927, 11.5926 ], [ 103.1925, 11.5891 ], [ 103.1892, 11.588 ], [ 103.186, 11.5902 ], [ 103.1882, 11.5916 ], [ 103.1865, 11.5942 ], [ 103.1825, 11.5948 ], [ 103.1833, 11.5848 ], [ 103.1771, 11.5843 ] ] ] } },
{ "type": "Feature", "properties": { "to": "Baren land", "kh": "ដីទំនេរ", "ha": 56360 }, "geometry": { "type": "Polygon", "coordinates": [ [ [ 103.1729, 11.695 ], [ 103.1639, 11.6957 ], [ 103.1639, 11.6916 ], [ 103.159, 11.6962 ], [ 103.1498, 11.6943 ], [ 103.1569, 11.6973 ], [ 103.173, 11.6957 ], [ 103.1779, 11.7005 ], [ 103.193, 11.7014 ], [ 103.1784, 11.6995 ], [ 103.1729, 11.695 ] ] ] } },
{ "type": "Feature", "properties": { "to": "Baren land", "kh": "ដីទំនេរ", "ha": 56360 }, "geometry": { "type": "Polygon", "coordinates": [ [ [ 103.1755, 11.7065 ], [ 103.1666, 11.7027 ], [ 103.1644, 11.7051 ], [ 103.166, 11.7068 ], [ 103.1685, 11.7057 ], [ 103.1671, 11.7041 ], [ 103.1695, 11.7046 ], [ 103.1701, 11.707 ], [ 103.1666, 11.707 ], [ 103.1695, 11.7116 ], [ 103.1749, 11.7089 ], [ 103.1755, 11.7065 ] ] ] } },
{ "type": "Feature", "properties": { "to": "Baren land", "kh": "ដីទំនេរ", "ha": 56360 }, "geometry": { "type": "Polygon", "coordinates": [ [ [ 103.1844, 11.7202 ], [ 103.1714, 11.724 ], [ 103.1776, 11.7243 ], [ 103.1806, 11.7278 ], [ 103.1857, 11.7273 ], [ 103.1855, 11.7302 ], [ 103.1833, 11.7281 ], [ 103.1814, 11.7305 ], [ 103.1863, 11.7321 ], [ 103.1906, 11.7294 ], [ 103.1868, 11.7259 ], [ 103.1903, 11.7246 ], [ 103.1884, 11.7232 ], [ 103.1925, 11.7237 ], [ 103.1933, 11.7186 ], [ 103.1914, 11.7146 ], [ 103.1879, 11.7162 ], [ 103.189, 11.7116 ], [ 103.1836, 11.7105 ], [ 103.1825, 11.7127 ], [ 103.1857, 11.7138 ], [ 103.1806, 11.7138 ], [ 103.1844, 11.7202 ] ] ] } },
{ "type": "Feature", "properties": { "to": "Baren land", "kh": "ដីទំនេរ", "ha": 56360 }, "geometry": { "type": "Polygon", "coordinates": [ [ [ 103.2274, 10.9297 ], [ 103.2243, 10.9303 ], [ 103.2316, 10.9311 ], [ 103.2306, 10.9382 ], [ 103.227, 10.9378 ], [ 103.2284, 10.9462 ], [ 103.231, 10.9462 ], [ 103.231, 10.9421 ], [ 103.2356, 10.9457 ], [ 103.2459, 10.9427 ], [ 103.248, 10.9386 ], [ 103.2486, 10.9408 ], [ 103.2507, 10.94 ], [ 103.2486, 10.938 ], [ 103.2457, 10.9391 ], [ 103.2457, 10.9413 ], [ 103.2406, 10.9397 ], [ 103.2381, 10.9424 ], [ 103.2386, 10.9367 ], [ 103.234, 10.9325 ], [ 103.2351, 10.9306 ], [ 103.2428, 10.9308 ], [ 103.2433, 10.9252 ], [ 103.2497, 10.9254 ], [ 103.247, 10.9243 ], [ 103.2475, 10.9211 ], [ 103.2443, 10.9216 ], [ 103.2464, 10.9233 ], [ 103.2405, 10.9225 ], [ 103.2424, 10.926 ], [ 103.2388, 10.9246 ], [ 103.2349, 10.9293 ], [ 103.2348, 10.9255 ], [ 103.2316, 10.9245 ], [ 103.2262, 10.9279 ], [ 103.2274, 10.9297 ] ] ] } },
{ "type": "Feature", "properties": { "to": "Baren land", "kh": "ដីទំនេរ", "ha": 56360 }, "geometry": { "type": "Polygon", "coordinates": [ [ [ 103.275, 10.9332 ], [ 103.2642, 10.9368 ], [ 103.2675, 10.9392 ], [ 103.2669, 10.9421 ], [ 103.2642, 10.9427 ], [ 103.2661, 10.9408 ], [ 103.2626, 10.9381 ], [ 103.2564, 10.9411 ], [ 103.2556, 10.9454 ], [ 103.2677, 10.9444 ], [ 103.2764, 10.9357 ], [ 103.275, 10.9332 ] ] ] } },
{ "type": "Feature", "properties": { "to": "Baren land", "kh": "ដីទំនេរ", "ha": 56360 }, "geometry": { "type": "Polygon", "coordinates": [ [ [ 103.2618, 10.9524 ], [ 103.2623, 10.9467 ], [ 103.2588, 10.947 ], [ 103.2602, 10.9502 ], [ 103.2548, 10.9497 ], [ 103.2551, 10.9465 ], [ 103.2524, 10.9475 ], [ 103.2532, 10.9421 ], [ 103.247, 10.9451 ], [ 103.2502, 10.95 ], [ 103.2467, 10.9457 ], [ 103.2429, 10.9467 ], [ 103.2445, 10.9554 ], [ 103.248, 10.9562 ], [ 103.2478, 10.9586 ], [ 103.2526, 10.9575 ], [ 103.2543, 10.9608 ], [ 103.2561, 10.9578 ], [ 103.2537, 10.9573 ], [ 103.257, 10.957 ], [ 103.2563, 10.9513 ], [ 103.2618, 10.9524 ] ] ] } },
{ "type": "Feature", "properties": { "to": "Baren land", "kh": "ដីទំនេរ", "ha": 56360 }, "geometry": { "type": "Polygon", "coordinates": [ [ [ 103.2935, 11.0406 ], [ 103.2842, 11.0333 ], [ 103.2842, 11.0177 ], [ 103.2899, 11.0182 ], [ 103.2901, 11.0153 ], [ 103.2936, 11.0139 ], [ 103.2893, 11.0147 ], [ 103.2885, 11.0123 ], [ 103.2839, 11.0118 ], [ 103.2831, 11.0047 ], [ 103.2775, 10.9966 ], [ 103.2667, 10.9931 ], [ 103.2677, 10.991 ], [ 103.2575, 10.9888 ], [ 103.2273, 10.9926 ], [ 103.2302, 10.9912 ], [ 103.2287, 10.9867 ], [ 103.224, 10.9886 ], [ 103.224, 10.9912 ], [ 103.2275, 10.9931 ], [ 103.2321, 10.9934 ], [ 103.2321, 10.9956 ], [ 103.2346, 10.9956 ], [ 103.2327, 10.9931 ], [ 103.2588, 10.9904 ], [ 103.2769, 10.9988 ], [ 103.2826, 11.0082 ], [ 103.2837, 11.0217 ], [ 103.2818, 11.0263 ], [ 103.2831, 11.0252 ], [ 103.2839, 11.0347 ], [ 103.288, 11.0398 ], [ 103.2935, 11.0406 ] ] ] } },
{ "type": "Feature", "properties": { "to": "Baren land", "kh": "ដីទំនេរ", "ha": 56360 }, "geometry": { "type": "Polygon", "coordinates": [ [ [ 103.2259, 11.2238 ], [ 103.2227, 11.2268 ], [ 103.2216, 11.2303 ], [ 103.2194, 11.2292 ], [ 103.2138, 11.2362 ], [ 103.2068, 11.2411 ], [ 103.2038, 11.2405 ], [ 103.207, 11.2416 ], [ 103.2141, 11.2368 ], [ 103.22, 11.2297 ], [ 103.2224, 11.2311 ], [ 103.2265, 11.2244 ], [ 103.2316, 11.2222 ], [ 103.2364, 11.2244 ], [ 103.2319, 11.2217 ], [ 103.2259, 11.2238 ] ] ] } },
{ "type": "Feature", "properties": { "to": "Baren land", "kh": "ដីទំនេរ", "ha": 56360 }, "geometry": { "type": "MultiPolygon", "coordinates": [ [ [ [ 103.2427, 11.3371 ], [ 103.2335, 11.3385 ], [ 103.2332, 11.3458 ], [ 103.2367, 11.346 ], [ 103.2367, 11.3398 ], [ 103.24, 11.3425 ], [ 103.2402, 11.3401 ], [ 103.2435, 11.3409 ], [ 103.2427, 11.3371 ] ] ], [ [ [ 103.2397, 11.3458 ], [ 103.24, 11.3425 ], [ 103.2373, 11.3433 ], [ 103.2373, 11.3458 ], [ 103.2397, 11.3458 ] ] ] ] } },
{ "type": "Feature", "properties": { "to": "Baren land", "kh": "ដីទំនេរ", "ha": 56360 }, "geometry": { "type": "Polygon", "coordinates": [ [ [ 103.2375, 11.3644 ], [ 103.2313, 11.3644 ], [ 103.2286, 11.3676 ], [ 103.227, 11.3655 ], [ 103.2254, 11.3665 ], [ 103.2294, 11.3709 ], [ 103.2329, 11.3673 ], [ 103.2362, 11.3687 ], [ 103.2367, 11.3655 ], [ 103.2389, 11.369 ], [ 103.2408, 11.3671 ], [ 103.2375, 11.3644 ] ] ] } },
{ "type": "Feature", "properties": { "to": "Baren land", "kh": "ដីទំនេរ", "ha": 56360 }, "geometry": { "type": "Polygon", "coordinates": [ [ [ 103.2439, 11.3765 ], [ 103.2494, 11.3673 ], [ 103.2475, 11.3695 ], [ 103.2464, 11.3673 ], [ 103.2453, 11.3692 ], [ 103.2432, 11.3679 ], [ 103.2443, 11.3709 ], [ 103.2391, 11.3719 ], [ 103.2383, 11.3741 ], [ 103.2418, 11.3746 ], [ 103.2383, 11.3771 ], [ 103.2439, 11.3765 ] ] ] } },
{ "type": "Feature", "properties": { "to": "Baren land", "kh": "ដីទំនេរ", "ha": 56360 }, "geometry": { "type": "Polygon", "coordinates": [ [ [ 103.2254, 11.3754 ], [ 103.2203, 11.3762 ], [ 103.2197, 11.3852 ], [ 103.2262, 11.3808 ], [ 103.2254, 11.3754 ] ] ] } },
{ "type": "Feature", "properties": { "to": "Baren land", "kh": "ដីទំនេរ", "ha": 56360 }, "geometry": { "type": "Polygon", "coordinates": [ [ [ 103.2152, 11.3973 ], [ 103.2208, 11.3943 ], [ 103.22, 11.3922 ], [ 103.2232, 11.3932 ], [ 103.2238, 11.3876 ], [ 103.2251, 11.3903 ], [ 103.227, 11.3889 ], [ 103.2251, 11.3849 ], [ 103.2146, 11.3907 ], [ 103.2141, 11.393 ], [ 103.2168, 11.393 ], [ 103.2152, 11.3973 ] ] ] } },
{ "type": "Feature", "properties": { "to": "Baren land", "kh": "ដីទំនេរ", "ha": 56360 }, "geometry": { "type": "Polygon", "coordinates": [ [ [ 103.2351, 11.4051 ], [ 103.2324, 11.3968 ], [ 103.2219, 11.4027 ], [ 103.23, 11.4097 ], [ 103.227, 11.4183 ], [ 103.234, 11.4138 ], [ 103.2351, 11.4051 ] ] ] } },
{ "type": "Feature", "properties": { "to": "Baren land", "kh": "ដីទំនេរ", "ha": 56360 }, "geometry": { "type": "Polygon", "coordinates": [ [ [ 103.2626, 11.4272 ], [ 103.2629, 11.4224 ], [ 103.2677, 11.4224 ], [ 103.2686, 11.4194 ], [ 103.2645, 11.4167 ], [ 103.2632, 11.4191 ], [ 103.2623, 11.4159 ], [ 103.2607, 11.42 ], [ 103.2544, 11.4213 ], [ 103.2648, 11.4297 ], [ 103.2618, 11.4375 ], [ 103.2653, 11.4378 ], [ 103.2677, 11.4287 ], [ 103.2626, 11.4272 ] ] ] } },
{ "type": "Feature", "properties": { "to": "Baren land", "kh": "ដីទំនេរ", "ha": 56360 }, "geometry": { "type": "Polygon", "coordinates": [ [ [ 103.2259, 11.4418 ], [ 103.2289, 11.4316 ], [ 103.2278, 11.4297 ], [ 103.231, 11.4291 ], [ 103.2329, 11.427 ], [ 103.2302, 11.4173 ], [ 103.2337, 11.4181 ], [ 103.2416, 11.4175 ], [ 103.2394, 11.421 ], [ 103.2413, 11.421 ], [ 103.2421, 11.4248 ], [ 103.2383, 11.4218 ], [ 103.2413, 11.4264 ], [ 103.2437, 11.4256 ], [ 103.2416, 11.4216 ], [ 103.2448, 11.4213 ], [ 103.2427, 11.4194 ], [ 103.2437, 11.4159 ], [ 103.2313, 11.4162 ], [ 103.2284, 11.4181 ], [ 103.2321, 11.4275 ], [ 103.2273, 11.4294 ], [ 103.2248, 11.4429 ], [ 103.2297, 11.445 ], [ 103.2259, 11.4418 ] ] ] } },
{ "type": "Feature", "properties": { "to": "Baren land", "kh": "ដីទំនេរ", "ha": 56360 }, "geometry": { "type": "Polygon", "coordinates": [ [ [ 103.2456, 11.4278 ], [ 103.2424, 11.427 ], [ 103.2443, 11.4289 ], [ 103.2346, 11.4353 ], [ 103.2397, 11.4351 ], [ 103.2397, 11.4386 ], [ 103.2416, 11.437 ], [ 103.2437, 11.4388 ], [ 103.2432, 11.4334 ], [ 103.241, 11.4329 ], [ 103.244, 11.4316 ], [ 103.2432, 11.4305 ], [ 103.2464, 11.4275 ], [ 103.2462, 11.4251 ], [ 103.2456, 11.4278 ] ] ] } },
{ "type": "Feature", "properties": { "to": "Baren land", "kh": "ដីទំនេរ", "ha": 56360 }, "geometry": { "type": "Polygon", "coordinates": [ [ [ 103.2321, 11.4486 ], [ 103.2351, 11.4545 ], [ 103.2297, 11.4561 ], [ 103.2265, 11.4631 ], [ 103.2297, 11.4583 ], [ 103.2389, 11.4575 ], [ 103.2375, 11.4545 ], [ 103.2445, 11.4588 ], [ 103.2418, 11.4542 ], [ 103.2491, 11.4523 ], [ 103.2427, 11.4515 ], [ 103.2418, 11.4521 ], [ 103.2418, 11.4529 ], [ 103.2443, 11.4526 ], [ 103.241, 11.454 ], [ 103.2381, 11.4518 ], [ 103.2364, 11.454 ], [ 103.2343, 11.4502 ], [ 103.2364, 11.4502 ], [ 103.2297, 11.445 ], [ 103.2289, 11.4475 ], [ 103.2321, 11.4486 ] ] ] } },
{ "type": "Feature", "properties": { "to": "Baren land", "kh": "ដីទំនេរ", "ha": 56360 }, "geometry": { "type": "Polygon", "coordinates": [ [ [ 103.2356, 11.512 ], [ 103.2332, 11.5103 ], [ 103.2324, 11.495 ], [ 103.2275, 11.489 ], [ 103.2297, 11.4801 ], [ 103.2281, 11.4761 ], [ 103.234, 11.4718 ], [ 103.2284, 11.4704 ], [ 103.2289, 11.4664 ], [ 103.2243, 11.4658 ], [ 103.2265, 11.4631 ], [ 103.2213, 11.4631 ], [ 103.2235, 11.4688 ], [ 103.2197, 11.4674 ], [ 103.2189, 11.4642 ], [ 103.2151, 11.4639 ], [ 103.2227, 11.4718 ], [ 103.2221, 11.4739 ], [ 103.2275, 11.4755 ], [ 103.2257, 11.4888 ], [ 103.2319, 11.4966 ], [ 103.2318, 11.5112 ], [ 103.2356, 11.512 ] ] ] } },
{ "type": "Feature", "properties": { "to": "Baren land", "kh": "ដីទំនេរ", "ha": 56360 }, "geometry": { "type": "Polygon", "coordinates": [ [ [ 103.2146, 11.4987 ], [ 103.2149, 11.4944 ], [ 103.2108, 11.4896 ], [ 103.2068, 11.4925 ], [ 103.2041, 11.4904 ], [ 103.2033, 11.4952 ], [ 103.2089, 11.4933 ], [ 103.2122, 11.4977 ], [ 103.2087, 11.5028 ], [ 103.2178, 11.5025 ], [ 103.2186, 11.4968 ], [ 103.2146, 11.4987 ] ] ] } },
{ "type": "Feature", "properties": { "to": "Baren land", "kh": "ដីទំនេរ", "ha": 56360 }, "geometry": { "type": "Polygon", "coordinates": [ [ [ 103.237, 11.537 ], [ 103.2327, 11.554 ], [ 103.2373, 11.5629 ], [ 103.2313, 11.5702 ], [ 103.2348, 11.5692 ], [ 103.2378, 11.5632 ], [ 103.2373, 11.5584 ], [ 103.2332, 11.554 ], [ 103.2378, 11.5376 ], [ 103.2348, 11.5322 ], [ 103.237, 11.537 ] ] ] } },
{ "type": "Feature", "properties": { "to": "Baren land", "kh": "ដីទំនេរ", "ha": 56360 }, "geometry": { "type": "Polygon", "coordinates": [ [ [ 103.2521, 11.6185 ], [ 103.2559, 11.6139 ], [ 103.2564, 11.6115 ], [ 103.2559, 11.6058 ], [ 103.2543, 11.6029 ], [ 103.264, 11.6029 ], [ 103.2683, 11.594 ], [ 103.2739, 11.5929 ], [ 103.2686, 11.5932 ], [ 103.2613, 11.6029 ], [ 103.2567, 11.6029 ], [ 103.2472, 11.5972 ], [ 103.2486, 11.5907 ], [ 103.2418, 11.5902 ], [ 103.2408, 11.5918 ], [ 103.2459, 11.5937 ], [ 103.2467, 11.598 ], [ 103.2553, 11.6061 ], [ 103.2559, 11.6129 ], [ 103.2513, 11.6185 ], [ 103.254, 11.6226 ], [ 103.2521, 11.6185 ] ] ] } },
{ "type": "Feature", "properties": { "to": "Baren land", "kh": "ដីទំនេរ", "ha": 56360 }, "geometry": { "type": "Polygon", "coordinates": [ [ [ 103.2756, 11.6779 ], [ 103.2756, 11.6765 ], [ 103.2734, 11.6746 ], [ 103.2472, 11.6711 ], [ 103.2678, 11.6763 ], [ 103.2742, 11.6755 ], [ 103.2755, 11.6782 ], [ 103.2715, 11.6803 ], [ 103.2753, 11.6798 ], [ 103.2756, 11.6779 ] ] ] } },
{ "type": "Feature", "properties": { "to": "Baren land", "kh": "ដីទំនេរ", "ha": 56360 }, "geometry": { "type": "Polygon", "coordinates": [ [ [ 103.244, 11.6798 ], [ 103.2381, 11.6779 ], [ 103.2381, 11.6811 ], [ 103.2418, 11.6825 ], [ 103.2367, 11.6822 ], [ 103.2354, 11.6887 ], [ 103.2445, 11.6846 ], [ 103.244, 11.6798 ] ] ] } },
{ "type": "Feature", "properties": { "to": "Baren land", "kh": "ដីទំនេរ", "ha": 56360 }, "geometry": { "type": "Polygon", "coordinates": [ [ [ 103.2486, 11.6764 ], [ 103.2478, 11.6862 ], [ 103.2451, 11.6844 ], [ 103.2467, 11.6879 ], [ 103.2478, 11.6865 ], [ 103.2472, 11.6916 ], [ 103.2578, 11.693 ], [ 103.2588, 11.6965 ], [ 103.2613, 11.6933 ], [ 103.2637, 11.6943 ], [ 103.2632, 11.6889 ], [ 103.2564, 11.6906 ], [ 103.2561, 11.6841 ], [ 103.251, 11.6884 ], [ 103.2486, 11.6764 ] ] ] } },
{ "type": "Feature", "properties": { "to": "Baren land", "kh": "ដីទំនេរ", "ha": 56360 }, "geometry": { "type": "Polygon", "coordinates": [ [ [ 103.2607, 11.7572 ], [ 103.2551, 11.7499 ], [ 103.2491, 11.7491 ], [ 103.2548, 11.7515 ], [ 103.2578, 11.7634 ], [ 103.2605, 11.7683 ], [ 103.2661, 11.7693 ], [ 103.265, 11.7726 ], [ 103.2675, 11.7772 ], [ 103.2702, 11.7742 ], [ 103.2675, 11.7718 ], [ 103.2704, 11.7718 ], [ 103.268, 11.7683 ], [ 103.2615, 11.7666 ], [ 103.2607, 11.7572 ] ] ] } },
{ "type": "Feature", "properties": { "to": "Baren land", "kh": "ដីទំនេរ", "ha": 56360 }, "geometry": { "type": "Polygon", "coordinates": [ [ [ 103.3106, 10.9151 ], [ 103.2932, 10.916 ], [ 103.2904, 10.9195 ], [ 103.2953, 10.916 ], [ 103.2982, 10.9192 ], [ 103.2947, 10.9184 ], [ 103.2928, 10.9225 ], [ 103.2988, 10.9243 ], [ 103.3001, 10.9203 ], [ 103.3047, 10.9168 ], [ 103.3058, 10.9203 ], [ 103.3106, 10.9151 ] ] ] } },
{ "type": "Feature", "properties": { "to": "Baren land", "kh": "ដីទំនេរ", "ha": 56360 }, "geometry": { "type": "Polygon", "coordinates": [ [ [ 103.3025, 10.9403 ], [ 103.2972, 10.9368 ], [ 103.2909, 10.9403 ], [ 103.2953, 10.944 ], [ 103.2945, 10.9475 ], [ 103.2976, 10.9442 ], [ 103.3009, 10.9441 ], [ 103.3015, 10.9467 ], [ 103.3015, 10.944 ], [ 103.3034, 10.9454 ], [ 103.3013, 10.9543 ], [ 103.3042, 10.9484 ], [ 103.3061, 10.9507 ], [ 103.3101, 10.9469 ], [ 103.305, 10.9462 ], [ 103.3019, 10.9432 ], [ 103.3025, 10.9403 ] ] ] } },
{ "type": "Feature", "properties": { "to": "Baren land", "kh": "ដីទំនេរ", "ha": 56360 }, "geometry": { "type": "Polygon", "coordinates": [ [ [ 103.2834, 10.947 ], [ 103.2841, 10.9403 ], [ 103.2874, 10.9405 ], [ 103.2831, 10.939 ], [ 103.2802, 10.9435 ], [ 103.2793, 10.9391 ], [ 103.2791, 10.9435 ], [ 103.2751, 10.9422 ], [ 103.2727, 10.9465 ], [ 103.2691, 10.9468 ], [ 103.2696, 10.9537 ], [ 103.2726, 10.9556 ], [ 103.2731, 10.9529 ], [ 103.2791, 10.9516 ], [ 103.282, 10.9551 ], [ 103.2869, 10.9465 ], [ 103.2834, 10.947 ] ] ] } },
{ "type": "Feature", "properties": { "to": "Baren land", "kh": "ដីទំនេរ", "ha": 56360 }, "geometry": { "type": "Polygon", "coordinates": [ [ [ 103.288, 10.9597 ], [ 103.285, 10.9608 ], [ 103.2923, 10.9616 ], [ 103.2928, 10.9591 ], [ 103.2977, 10.9589 ], [ 103.3007, 10.9549 ], [ 103.3001, 10.9519 ], [ 103.299, 10.9562 ], [ 103.295, 10.957 ], [ 103.2895, 10.9609 ], [ 103.2961, 10.9503 ], [ 103.2931, 10.9497 ], [ 103.2915, 10.9419 ], [ 103.2861, 10.9432 ], [ 103.2915, 10.9462 ], [ 103.2879, 10.9507 ], [ 103.2913, 10.9513 ], [ 103.2866, 10.9569 ], [ 103.288, 10.9597 ] ] ] } },
{ "type": "Feature", "properties": { "to": "Baren land", "kh": "ដីទំនេរ", "ha": 56360 }, "geometry": { "type": "Polygon", "coordinates": [ [ [ 103.2885, 10.9734 ], [ 103.2845, 10.9686 ], [ 103.2839, 10.9705 ], [ 103.2796, 10.9697 ], [ 103.281, 10.9737 ], [ 103.2766, 10.9724 ], [ 103.275, 10.9743 ], [ 103.2847, 10.9759 ], [ 103.2885, 10.9734 ] ] ] } },
{ "type": "Feature", "properties": { "to": "Baren land", "kh": "ដីទំនេរ", "ha": 56360 }, "geometry": { "type": "Polygon", "coordinates": [ [ [ 103.3082, 10.9727 ], [ 103.3063, 10.9702 ], [ 103.2993, 10.971 ], [ 103.2982, 10.9799 ], [ 103.3028, 10.9799 ], [ 103.3013, 10.9726 ], [ 103.3082, 10.9727 ] ] ] } },
{ "type": "Feature", "properties": { "to": "Baren land", "kh": "ដីទំនេរ", "ha": 56360 }, "geometry": { "type": "Polygon", "coordinates": [ [ [ 103.3044, 10.9829 ], [ 103.302, 10.981 ], [ 103.3061, 10.9904 ], [ 103.299, 10.9856 ], [ 103.2923, 10.9875 ], [ 103.2839, 10.984 ], [ 103.285, 10.9886 ], [ 103.2874, 10.988 ], [ 103.2845, 10.9896 ], [ 103.2923, 10.9907 ], [ 103.2977, 10.9953 ], [ 103.3069, 10.9939 ], [ 103.3082, 10.9985 ], [ 103.309, 10.9964 ], [ 103.3114, 10.9975 ], [ 103.312, 10.9921 ], [ 103.315, 10.9937 ], [ 103.3155, 10.9977 ], [ 103.3187, 10.9945 ], [ 103.3195, 10.9965 ], [ 103.3199, 10.9936 ], [ 103.3177, 10.9932 ], [ 103.3195, 10.9886 ], [ 103.315, 10.9896 ], [ 103.3168, 10.9856 ], [ 103.3193, 10.9872 ], [ 103.3164, 10.9807 ], [ 103.3141, 10.9802 ], [ 103.3123, 10.9853 ], [ 103.3114, 10.9824 ], [ 103.3077, 10.9867 ], [ 103.3104, 10.9813 ], [ 103.3034, 10.977 ], [ 103.3044, 10.9829 ] ] ] } },
{ "type": "Feature", "properties": { "to": "Baren land", "kh": "ដីទំនេរ", "ha": 56360 }, "geometry": { "type": "Polygon", "coordinates": [ [ [ 103.3017, 11.016 ], [ 103.295, 11.012 ], [ 103.2945, 11.0163 ], [ 103.2861, 11.0209 ], [ 103.2896, 11.0231 ], [ 103.288, 11.0255 ], [ 103.2904, 11.0273 ], [ 103.2899, 11.0236 ], [ 103.2934, 11.0231 ], [ 103.2918, 11.0261 ], [ 103.2972, 11.0244 ], [ 103.2974, 11.0266 ], [ 103.3042, 11.0266 ], [ 103.3039, 11.0285 ], [ 103.3109, 11.0301 ], [ 103.3101, 11.032 ], [ 103.316, 11.0314 ], [ 103.319, 11.0261 ], [ 103.3236, 11.0263 ], [ 103.3233, 11.0244 ], [ 103.3128, 11.0232 ], [ 103.3071, 11.0179 ], [ 103.2997, 11.0196 ], [ 103.3056, 11.0161 ], [ 103.3042, 11.0133 ], [ 103.3017, 11.016 ] ] ] } },
{ "type": "Feature", "properties": { "to": "Baren land", "kh": "ដីទំនេរ", "ha": 56360 }, "geometry": { "type": "Polygon", "coordinates": [ [ [ 103.3088, 11.052 ], [ 103.3031, 11.0474 ], [ 103.3031, 11.0447 ], [ 103.2961, 11.0448 ], [ 103.2931, 11.0482 ], [ 103.2939, 11.0521 ], [ 103.2946, 11.0488 ], [ 103.2997, 11.0492 ], [ 103.3016, 11.0453 ], [ 103.3055, 11.0531 ], [ 103.3112, 11.053 ], [ 103.3117, 11.0555 ], [ 103.3092, 11.0559 ], [ 103.3126, 11.0613 ], [ 103.2998, 11.0571 ], [ 103.3007, 11.0606 ], [ 103.2972, 11.0638 ], [ 103.2912, 11.0587 ], [ 103.2896, 11.0598 ], [ 103.2974, 11.066 ], [ 103.2996, 11.066 ], [ 103.2988, 11.0627 ], [ 103.3028, 11.0636 ], [ 103.3017, 11.0603 ], [ 103.305, 11.0641 ], [ 103.3082, 11.0619 ], [ 103.312, 11.0646 ], [ 103.3112, 11.0668 ], [ 103.3147, 11.0641 ], [ 103.3125, 11.0619 ], [ 103.316, 11.0598 ], [ 103.3146, 11.053 ], [ 103.3088, 11.052 ] ] ] } },
{ "type": "Feature", "properties": { "to": "Baren land", "kh": "ដីទំនេរ", "ha": 56360 }, "geometry": { "type": "Polygon", "coordinates": [ [ [ 103.2872, 11.189 ], [ 103.2853, 11.1893 ], [ 103.2864, 11.1914 ], [ 103.2904, 11.1914 ], [ 103.2939, 11.1836 ], [ 103.2988, 11.1831 ], [ 103.299, 11.1801 ], [ 103.2912, 11.1777 ], [ 103.2909, 11.1836 ], [ 103.2853, 11.1858 ], [ 103.2872, 11.189 ] ] ] } },
{ "type": "Feature", "properties": { "to": "Baren land", "kh": "ដីទំនេរ", "ha": 56360 }, "geometry": { "type": "Polygon", "coordinates": [ [ [ 103.2791, 11.1877 ], [ 103.2775, 11.1949 ], [ 103.2796, 11.1947 ], [ 103.2799, 11.1842 ], [ 103.2777, 11.1836 ], [ 103.2772, 11.1877 ], [ 103.2718, 11.1898 ], [ 103.2758, 11.1936 ], [ 103.2791, 11.1877 ] ] ] } },
{ "type": "Feature", "properties": { "to": "Baren land", "kh": "ដីទំនេរ", "ha": 56360 }, "geometry": { "type": "Polygon", "coordinates": [ [ [ 103.3104, 11.1976 ], [ 103.3066, 11.1936 ], [ 103.3109, 11.1877 ], [ 103.3128, 11.1893 ], [ 103.3131, 11.1825 ], [ 103.3128, 11.1858 ], [ 103.3093, 11.1858 ], [ 103.3052, 11.1931 ], [ 103.3015, 11.192 ], [ 103.3036, 11.1936 ], [ 103.3004, 11.1936 ], [ 103.299, 11.1952 ], [ 103.2877, 11.1944 ], [ 103.2969, 11.196 ], [ 103.2977, 11.199 ], [ 103.3012, 11.1944 ], [ 103.3058, 11.1939 ], [ 103.3004, 11.203 ], [ 103.3031, 11.2038 ], [ 103.3031, 11.2068 ], [ 103.3066, 11.1966 ], [ 103.3104, 11.1976 ] ] ] } },
{ "type": "Feature", "properties": { "to": "Baren land", "kh": "ដីទំនេរ", "ha": 56360 }, "geometry": { "type": "Polygon", "coordinates": [ [ [ 103.2756, 11.3412 ], [ 103.2731, 11.3398 ], [ 103.2677, 11.3436 ], [ 103.2653, 11.3566 ], [ 103.2694, 11.3568 ], [ 103.2707, 11.3598 ], [ 103.2712, 11.3547 ], [ 103.2737, 11.3525 ], [ 103.275, 11.3539 ], [ 103.2764, 11.3495 ], [ 103.2772, 11.3458 ], [ 103.2739, 11.3428 ], [ 103.2756, 11.3412 ] ] ] } },
{ "type": "Feature", "properties": { "to": "Baren land", "kh": "ដីទំនេរ", "ha": 56360 }, "geometry": { "type": "Polygon", "coordinates": [ [ [ 103.2648, 11.376 ], [ 103.265, 11.3876 ], [ 103.2691, 11.3895 ], [ 103.2731, 11.3811 ], [ 103.2648, 11.376 ] ] ] } },
{ "type": "Feature", "properties": { "to": "Baren land", "kh": "ដីទំនេរ", "ha": 56360 }, "geometry": { "type": "Polygon", "coordinates": [ [ [ 103.2683, 11.4266 ], [ 103.2691, 11.4334 ], [ 103.2742, 11.4359 ], [ 103.2742, 11.4291 ], [ 103.2715, 11.4254 ], [ 103.2683, 11.4266 ] ] ] } },
{ "type": "Feature", "properties": { "to": "Baren land", "kh": "ដីទំនេរ", "ha": 56360 }, "geometry": { "type": "Polygon", "coordinates": [ [ [ 103.2985, 11.4307 ], [ 103.2988, 11.4259 ], [ 103.2936, 11.4232 ], [ 103.2901, 11.4262 ], [ 103.2777, 11.4278 ], [ 103.2772, 11.431 ], [ 103.282, 11.4299 ], [ 103.2802, 11.4316 ], [ 103.2756, 11.4316 ], [ 103.2748, 11.4272 ], [ 103.2761, 11.4375 ], [ 103.2793, 11.4356 ], [ 103.2802, 11.4386 ], [ 103.2888, 11.4345 ], [ 103.2869, 11.4321 ], [ 103.2891, 11.4305 ], [ 103.2829, 11.431 ], [ 103.2839, 11.4294 ], [ 103.2985, 11.4307 ] ] ] } },
{ "type": "Feature", "properties": { "to": "Baren land", "kh": "ដីទំនេរ", "ha": 56360 }, "geometry": { "type": "Polygon", "coordinates": [ [ [ 103.2907, 11.4405 ], [ 103.2861, 11.4386 ], [ 103.2802, 11.4405 ], [ 103.2815, 11.4391 ], [ 103.2791, 11.4378 ], [ 103.2738, 11.438 ], [ 103.2731, 11.4453 ], [ 103.2785, 11.4459 ], [ 103.2772, 11.4415 ], [ 103.2756, 11.4432 ], [ 103.2745, 11.4415 ], [ 103.2766, 11.4394 ], [ 103.2793, 11.4429 ], [ 103.2861, 11.4391 ], [ 103.2869, 11.4426 ], [ 103.2907, 11.4405 ] ] ] } },
{ "type": "Feature", "properties": { "to": "Baren land", "kh": "ដីទំនេរ", "ha": 56360 }, "geometry": { "type": "Polygon", "coordinates": [ [ [ 103.2757, 11.6205 ], [ 103.2777, 11.611 ], [ 103.2795, 11.6181 ], [ 103.2812, 11.6184 ], [ 103.2772, 11.605 ], [ 103.275, 11.6193 ], [ 103.2672, 11.6201 ], [ 103.2672, 11.6234 ], [ 103.2757, 11.6205 ] ] ] } },
{ "type": "Feature", "properties": { "to": "Baren land", "kh": "ដីទំនេរ", "ha": 56360 }, "geometry": { "type": "Polygon", "coordinates": [ [ [ 103.2911, 11.6686 ], [ 103.292, 11.6622 ], [ 103.2788, 11.6528 ], [ 103.2786, 11.6452 ], [ 103.2686, 11.6476 ], [ 103.2629, 11.6446 ], [ 103.2615, 11.6411 ], [ 103.2643, 11.6411 ], [ 103.2654, 11.6369 ], [ 103.261, 11.6354 ], [ 103.262, 11.6324 ], [ 103.2646, 11.6335 ], [ 103.2696, 11.6305 ], [ 103.2685, 11.6237 ], [ 103.2667, 11.6307 ], [ 103.2623, 11.6312 ], [ 103.2632, 11.6277 ], [ 103.265, 11.6285 ], [ 103.2588, 11.6237 ], [ 103.2599, 11.6223 ], [ 103.2543, 11.6228 ], [ 103.2594, 11.6226 ], [ 103.258, 11.6239 ], [ 103.2629, 11.6272 ], [ 103.2588, 11.6301 ], [ 103.2605, 11.6326 ], [ 103.2564, 11.6301 ], [ 103.2518, 11.6312 ], [ 103.2545, 11.6334 ], [ 103.2467, 11.6331 ], [ 103.2483, 11.635 ], [ 103.251, 11.6336 ], [ 103.2569, 11.6337 ], [ 103.2494, 11.6366 ], [ 103.2527, 11.6383 ], [ 103.2556, 11.6485 ], [ 103.2591, 11.6458 ], [ 103.261, 11.6477 ], [ 103.2632, 11.6458 ], [ 103.268, 11.6482 ], [ 103.2766, 11.6474 ], [ 103.2799, 11.6574 ], [ 103.2896, 11.6612 ], [ 103.2909, 11.6628 ], [ 103.2904, 11.6679 ], [ 103.2912, 11.669 ], [ 103.2974, 11.6698 ], [ 103.2911, 11.6686 ] ] ] } },
{ "type": "Feature", "properties": { "to": "Baren land", "kh": "ដីទំនេរ", "ha": 56360 }, "geometry": { "type": "Polygon", "coordinates": [ [ [ 103.3034, 11.6728 ], [ 103.2942, 11.6606 ], [ 103.2963, 11.6566 ], [ 103.2923, 11.6558 ], [ 103.2891, 11.6582 ], [ 103.2834, 11.6547 ], [ 103.2845, 11.6471 ], [ 103.2812, 11.6431 ], [ 103.2694, 11.6436 ], [ 103.2677, 11.6417 ], [ 103.2718, 11.6401 ], [ 103.2726, 11.6328 ], [ 103.2775, 11.6247 ], [ 103.3031, 11.6258 ], [ 103.299, 11.6228 ], [ 103.2968, 11.625 ], [ 103.2897, 11.623 ], [ 103.2746, 11.6246 ], [ 103.2729, 11.6259 ], [ 103.272, 11.6357 ], [ 103.2657, 11.6405 ], [ 103.2667, 11.6439 ], [ 103.2791, 11.6439 ], [ 103.2827, 11.6477 ], [ 103.2805, 11.6482 ], [ 103.2799, 11.6528 ], [ 103.2928, 11.661 ], [ 103.2926, 11.6684 ], [ 103.2966, 11.6671 ], [ 103.3001, 11.6706 ], [ 103.2988, 11.6755 ], [ 103.3104, 11.6746 ], [ 103.3034, 11.6728 ] ] ] } },
{ "type": "Feature", "properties": { "to": "Baren land", "kh": "ដីទំនេរ", "ha": 56360 }, "geometry": { "type": "Polygon", "coordinates": [ [ [ 103.3438, 10.8952 ], [ 103.339, 10.8976 ], [ 103.3407, 10.9001 ], [ 103.3327, 10.9011 ], [ 103.3266, 10.9076 ], [ 103.3311, 10.9098 ], [ 103.3309, 10.9063 ], [ 103.3466, 10.8971 ], [ 103.3438, 10.8952 ] ] ] } },
{ "type": "Feature", "properties": { "to": "Baren land", "kh": "ដីទំនេរ", "ha": 56360 }, "geometry": { "type": "Polygon", "coordinates": [ [ [ 103.3247, 10.9297 ], [ 103.3221, 10.9282 ], [ 103.3228, 10.9327 ], [ 103.331, 10.9347 ], [ 103.3249, 10.9183 ], [ 103.3247, 10.9297 ] ] ] } },
{ "type": "Feature", "properties": { "to": "Baren land", "kh": "ដីទំនេរ", "ha": 56360 }, "geometry": { "type": "Polygon", "coordinates": [ [ [ 103.3104, 10.9386 ], [ 103.3169, 10.9399 ], [ 103.3143, 10.9371 ], [ 103.3074, 10.9373 ], [ 103.314, 10.9328 ], [ 103.3126, 10.9252 ], [ 103.3182, 10.9284 ], [ 103.315, 10.9209 ], [ 103.3178, 10.9196 ], [ 103.3162, 10.9162 ], [ 103.3136, 10.9168 ], [ 103.3136, 10.9222 ], [ 103.3076, 10.932 ], [ 103.3036, 10.9302 ], [ 103.302, 10.9343 ], [ 103.3082, 10.9408 ], [ 103.3112, 10.9411 ], [ 103.3104, 10.9386 ] ] ] } },
{ "type": "Feature", "properties": { "to": "Baren land", "kh": "ដីទំនេរ", "ha": 56360 }, "geometry": { "type": "Polygon", "coordinates": [ [ [ 103.3166, 10.9509 ], [ 103.327, 10.9447 ], [ 103.3235, 10.9447 ], [ 103.3128, 10.9497 ], [ 103.3166, 10.9509 ] ] ] } },
{ "type": "Feature", "properties": { "to": "Baren land", "kh": "ដីទំនេរ", "ha": 56360 }, "geometry": { "type": "Polygon", "coordinates": [ [ [ 103.3382, 10.957 ], [ 103.3333, 10.9548 ], [ 103.3357, 10.96 ], [ 103.3301, 10.9583 ], [ 103.3293, 10.9616 ], [ 103.3365, 10.9653 ], [ 103.3382, 10.957 ] ] ] } },
{ "type": "Feature", "properties": { "to": "Baren land", "kh": "ដីទំនេរ", "ha": 56360 }, "geometry": { "type": "Polygon", "coordinates": [ [ [ 103.3344, 10.9697 ], [ 103.332, 10.9672 ], [ 103.3338, 10.9653 ], [ 103.3301, 10.9648 ], [ 103.3284, 10.967 ], [ 103.3311, 10.9678 ], [ 103.3309, 10.971 ], [ 103.3282, 10.9672 ], [ 103.3276, 10.9699 ], [ 103.3257, 10.9689 ], [ 103.329, 10.9724 ], [ 103.3284, 10.9764 ], [ 103.3309, 10.9751 ], [ 103.329, 10.9778 ], [ 103.3317, 10.9826 ], [ 103.3317, 10.9721 ], [ 103.3344, 10.9697 ] ] ] } },
{ "type": "Feature", "properties": { "to": "Baren land", "kh": "ដីទំនេរ", "ha": 56360 }, "geometry": { "type": "Polygon", "coordinates": [ [ [ 103.3141, 10.9756 ], [ 103.3112, 10.9753 ], [ 103.3117, 10.9778 ], [ 103.3164, 10.9759 ], [ 103.3281, 11.0002 ], [ 103.322, 11.0033 ], [ 103.3206, 11.0118 ], [ 103.3179, 11.0112 ], [ 103.3168, 11.013 ], [ 103.3185, 11.016 ], [ 103.3171, 11.0128 ], [ 103.3228, 11.0158 ], [ 103.3233, 11.0093 ], [ 103.3314, 11.0188 ], [ 103.3317, 11.0155 ], [ 103.3363, 11.0136 ], [ 103.3317, 11.0136 ], [ 103.3314, 11.0099 ], [ 103.326, 11.0066 ], [ 103.3282, 11.0042 ], [ 103.3306, 11.0055 ], [ 103.3306, 11.0023 ], [ 103.3341, 11.0042 ], [ 103.3344, 10.9985 ], [ 103.3298, 10.998 ], [ 103.3274, 10.9937 ], [ 103.3363, 10.9907 ], [ 103.3371, 10.9961 ], [ 103.3403, 10.995 ], [ 103.3425, 10.9996 ], [ 103.3444, 10.9966 ], [ 103.3409, 10.9956 ], [ 103.34, 10.9923 ], [ 103.3427, 10.991 ], [ 103.339, 10.9915 ], [ 103.339, 10.988 ], [ 103.3373, 10.9902 ], [ 103.3363, 10.9886 ], [ 103.34, 10.9829 ], [ 103.333, 10.9883 ], [ 103.3341, 10.9864 ], [ 103.3309, 10.9832 ], [ 103.3268, 10.9832 ], [ 103.3266, 10.9859 ], [ 103.3222, 10.9848 ], [ 103.326, 10.9799 ], [ 103.3249, 10.9772 ], [ 103.3212, 10.9786 ], [ 103.3233, 10.9761 ], [ 103.3206, 10.9756 ], [ 103.3241, 10.9748 ], [ 103.3168, 10.9718 ], [ 103.3198, 10.9697 ], [ 103.3247, 10.9716 ], [ 103.3239, 10.967 ], [ 103.316, 10.9665 ], [ 103.3182, 10.9696 ], [ 103.3141, 10.9713 ], [ 103.3141, 10.9756 ] ] ] } },
{ "type": "Feature", "properties": { "to": "Baren land", "kh": "ដីទំនេរ", "ha": 56360 }, "geometry": { "type": "Polygon", "coordinates": [ [ [ 103.3187, 11.0358 ], [ 103.3276, 11.0377 ], [ 103.3231, 11.0344 ], [ 103.3247, 11.0314 ], [ 103.322, 11.0269 ], [ 103.3206, 11.0325 ], [ 103.3174, 11.0333 ], [ 103.3187, 11.0358 ] ] ] } },
{ "type": "Feature", "properties": { "to": "Baren land", "kh": "ដីទំនេរ", "ha": 56360 }, "geometry": { "type": "Polygon", "coordinates": [ [ [ 103.3147, 11.2794 ], [ 103.3212, 11.2805 ], [ 103.3252, 11.284 ], [ 103.3268, 11.2826 ], [ 103.3236, 11.2805 ], [ 103.3255, 11.2802 ], [ 103.3247, 11.2772 ], [ 103.3168, 11.277 ], [ 103.3147, 11.2794 ] ] ] } },
{ "type": "Feature", "properties": { "to": "Baren land", "kh": "ដីទំនេរ", "ha": 56360 }, "geometry": { "type": "Polygon", "coordinates": [ [ [ 103.3066, 11.3309 ], [ 103.3212, 11.3212 ], [ 103.3228, 11.3139 ], [ 103.322, 11.3099 ], [ 103.3257, 11.3058 ], [ 103.3249, 11.2964 ], [ 103.3225, 11.294 ], [ 103.3252, 11.3037 ], [ 103.3214, 11.3096 ], [ 103.3222, 11.3137 ], [ 103.3201, 11.3139 ], [ 103.3206, 11.3207 ], [ 103.3088, 11.3261 ], [ 103.3077, 11.3298 ], [ 103.3009, 11.3301 ], [ 103.3058, 11.328 ], [ 103.3066, 11.3255 ], [ 103.3039, 11.3255 ], [ 103.2977, 11.3317 ], [ 103.3066, 11.3309 ] ] ] } },
{ "type": "Feature", "properties": { "to": "Baren land", "kh": "ដីទំនេរ", "ha": 56360 }, "geometry": { "type": "Polygon", "coordinates": [ [ [ 103.3212, 11.4264 ], [ 103.3187, 11.4194 ], [ 103.3174, 11.4229 ], [ 103.3085, 11.4221 ], [ 103.3131, 11.427 ], [ 103.3182, 11.4245 ], [ 103.3212, 11.4264 ] ] ] } },
{ "type": "Feature", "properties": { "to": "Baren land", "kh": "ដីទំនេរ", "ha": 56360 }, "geometry": { "type": "Polygon", "coordinates": [ [ [ 103.3182, 11.4345 ], [ 103.3104, 11.4372 ], [ 103.3222, 11.4386 ], [ 103.3268, 11.4361 ], [ 103.3182, 11.4345 ] ] ] } },
{ "type": "Feature", "properties": { "to": "Baren land", "kh": "ដីទំនេរ", "ha": 56360 }, "geometry": { "type": "Polygon", "coordinates": [ [ [ 103.3363, 11.6145 ], [ 103.3301, 11.6255 ], [ 103.326, 11.6261 ], [ 103.3225, 11.6228 ], [ 103.3171, 11.6207 ], [ 103.3042, 11.622 ], [ 103.3023, 11.6153 ], [ 103.3052, 11.6126 ], [ 103.3009, 11.6145 ], [ 103.2988, 11.6204 ], [ 103.2855, 11.6185 ], [ 103.2952, 11.6228 ], [ 103.3015, 11.6191 ], [ 103.3032, 11.6239 ], [ 103.3197, 11.6219 ], [ 103.3224, 11.6238 ], [ 103.3212, 11.6255 ], [ 103.3263, 11.6273 ], [ 103.3348, 11.6233 ], [ 103.3363, 11.6145 ] ] ] } },
{ "type": "Feature", "properties": { "to": "Baren land", "kh": "ដីទំនេរ", "ha": 56360 }, "geometry": { "type": "Polygon", "coordinates": [ [ [ 103.3546, 11.6232 ], [ 103.3436, 11.622 ], [ 103.3414, 11.6255 ], [ 103.3341, 11.6244 ], [ 103.3266, 11.628 ], [ 103.3197, 11.624 ], [ 103.3065, 11.6242 ], [ 103.3031, 11.6293 ], [ 103.3055, 11.6304 ], [ 103.3077, 11.6247 ], [ 103.3193, 11.6247 ], [ 103.3255, 11.6307 ], [ 103.3333, 11.6269 ], [ 103.3425, 11.6288 ], [ 103.3452, 11.6234 ], [ 103.3519, 11.6245 ], [ 103.3643, 11.6205 ], [ 103.3546, 11.6232 ] ] ] } },
{ "type": "Feature", "properties": { "to": "Baren land", "kh": "ដីទំនេរ", "ha": 56360 }, "geometry": { "type": "Polygon", "coordinates": [ [ [ 103.349, 10.9419 ], [ 103.346, 10.9418 ], [ 103.3479, 10.9454 ], [ 103.3516, 10.9451 ], [ 103.3522, 10.9486 ], [ 103.3546, 10.9478 ], [ 103.3562, 10.9524 ], [ 103.3597, 10.954 ], [ 103.3525, 10.9537 ], [ 103.3546, 10.9613 ], [ 103.3576, 10.9546 ], [ 103.3641, 10.957 ], [ 103.3627, 10.9519 ], [ 103.36, 10.9532 ], [ 103.3603, 10.9502 ], [ 103.3584, 10.9516 ], [ 103.3554, 10.9484 ], [ 103.3595, 10.9459 ], [ 103.3519, 10.9453 ], [ 103.3498, 10.9417 ], [ 103.3479, 10.9432 ], [ 103.349, 10.9419 ] ] ] } },
{ "type": "Feature", "properties": { "to": "Baren land", "kh": "ដីទំនេរ", "ha": 56360 }, "geometry": { "type": "Polygon", "coordinates": [ [ [ 103.3449, 11.0037 ], [ 103.3373, 10.9977 ], [ 103.3373, 11.0034 ], [ 103.3411, 11.0093 ], [ 103.339, 11.0123 ], [ 103.3422, 11.0128 ], [ 103.3449, 11.0037 ] ] ] } },
{ "type": "Feature", "properties": { "to": "Baren land", "kh": "ដីទំនេរ", "ha": 56360 }, "geometry": { "type": "Polygon", "coordinates": [ [ [ 103.3727, 11.0385 ], [ 103.3668, 11.0355 ], [ 103.3689, 11.0344 ], [ 103.3649, 11.0263 ], [ 103.3614, 11.0304 ], [ 103.3516, 11.0323 ], [ 103.3525, 11.0341 ], [ 103.3449, 11.0314 ], [ 103.3452, 11.0277 ], [ 103.349, 11.0244 ], [ 103.3541, 11.0261 ], [ 103.3538, 11.0244 ], [ 103.3495, 11.0234 ], [ 103.3449, 11.0277 ], [ 103.3419, 11.0274 ], [ 103.3438, 11.0336 ], [ 103.3522, 11.0371 ], [ 103.3581, 11.0341 ], [ 103.3597, 11.036 ], [ 103.3611, 11.0317 ], [ 103.3641, 11.0347 ], [ 103.3614, 11.0417 ], [ 103.3646, 11.0425 ], [ 103.3657, 11.0404 ], [ 103.3649, 11.0439 ], [ 103.3681, 11.0457 ], [ 103.3689, 11.0436 ], [ 103.3654, 11.0425 ], [ 103.3727, 11.0385 ] ] ] } },
{ "type": "Feature", "properties": { "to": "Baren land", "kh": "ដីទំនេរ", "ha": 56360 }, "geometry": { "type": "Polygon", "coordinates": [ [ [ 103.3438, 11.0568 ], [ 103.3465, 11.0598 ], [ 103.3479, 11.0557 ], [ 103.3541, 11.0552 ], [ 103.3463, 11.0557 ], [ 103.3441, 11.0522 ], [ 103.3395, 11.0541 ], [ 103.34, 11.0663 ], [ 103.3444, 11.0636 ], [ 103.3438, 11.0592 ], [ 103.3406, 11.0579 ], [ 103.3438, 11.0568 ] ] ] } },
{ "type": "Feature", "properties": { "to": "Baren land", "kh": "ដីទំនេរ", "ha": 56360 }, "geometry": { "type": "Polygon", "coordinates": [ [ [ 103.3945, 11.0749 ], [ 103.384, 11.066 ], [ 103.3859, 11.0614 ], [ 103.3781, 11.0609 ], [ 103.377, 11.056 ], [ 103.3695, 11.052 ], [ 103.3703, 11.0479 ], [ 103.3691, 11.054 ], [ 103.3732, 11.0548 ], [ 103.3746, 11.0598 ], [ 103.3806, 11.0635 ], [ 103.3784, 11.0657 ], [ 103.3829, 11.0663 ], [ 103.3908, 11.0743 ], [ 103.3945, 11.0749 ] ] ] } },
{ "type": "Feature", "properties": { "to": "Baren land", "kh": "ដីទំនេរ", "ha": 56360 }, "geometry": { "type": "Polygon", "coordinates": [ [ [ 103.3508, 11.0803 ], [ 103.3538, 11.0846 ], [ 103.357, 11.0822 ], [ 103.3533, 11.0808 ], [ 103.3543, 11.076 ], [ 103.35, 11.0787 ], [ 103.3516, 11.0754 ], [ 103.3483, 11.076 ], [ 103.3462, 11.0812 ], [ 103.3508, 11.0803 ] ] ] } },
{ "type": "Feature", "properties": { "to": "Baren land", "kh": "ដីទំនេរ", "ha": 56360 }, "geometry": { "type": "Polygon", "coordinates": [ [ [ 103.36, 11.0924 ], [ 103.3713, 11.0873 ], [ 103.3708, 11.0927 ], [ 103.3722, 11.0862 ], [ 103.3681, 11.0851 ], [ 103.3692, 11.0819 ], [ 103.3638, 11.0795 ], [ 103.3603, 11.0841 ], [ 103.3616, 11.0868 ], [ 103.3651, 11.087 ], [ 103.36, 11.0924 ] ] ] } },
{ "type": "Feature", "properties": { "to": "Baren land", "kh": "ដីទំនេរ", "ha": 56360 }, "geometry": { "type": "Polygon", "coordinates": [ [ [ 103.3697, 11.0981 ], [ 103.3738, 11.1011 ], [ 103.3681, 11.1005 ], [ 103.3697, 11.1043 ], [ 103.3662, 11.1046 ], [ 103.3695, 11.1089 ], [ 103.3643, 11.1067 ], [ 103.3643, 11.104 ], [ 103.3611, 11.1043 ], [ 103.3635, 11.1075 ], [ 103.3595, 11.1127 ], [ 103.3608, 11.1145 ], [ 103.3635, 11.1135 ], [ 103.3633, 11.1156 ], [ 103.3657, 11.1097 ], [ 103.3719, 11.11 ], [ 103.3767, 11.1116 ], [ 103.3813, 11.1183 ], [ 103.3873, 11.1154 ], [ 103.3821, 11.1202 ], [ 103.3838, 11.1221 ], [ 103.391, 11.1194 ], [ 103.3878, 11.1145 ], [ 103.3846, 11.1156 ], [ 103.3846, 11.1097 ], [ 103.3738, 11.1102 ], [ 103.3692, 11.1048 ], [ 103.3824, 11.1024 ], [ 103.3802, 11.1013 ], [ 103.3819, 11.1002 ], [ 103.3746, 11.1019 ], [ 103.3757, 11.0957 ], [ 103.3784, 11.0975 ], [ 103.3754, 11.0938 ], [ 103.3784, 11.0913 ], [ 103.3824, 11.0924 ], [ 103.3821, 11.0954 ], [ 103.3767, 11.0946 ], [ 103.3813, 11.0967 ], [ 103.3832, 11.0943 ], [ 103.3824, 11.0892 ], [ 103.3859, 11.087 ], [ 103.3811, 11.0881 ], [ 103.3808, 11.0908 ], [ 103.3781, 11.0881 ], [ 103.373, 11.0889 ], [ 103.3738, 11.094 ], [ 103.3706, 11.0935 ], [ 103.3731, 11.0968 ], [ 103.3697, 11.0981 ] ] ] } },
{ "type": "Feature", "properties": { "to": "Baren land", "kh": "ដីទំនេរ", "ha": 56360 }, "geometry": { "type": "Polygon", "coordinates": [ [ [ 103.3827, 11.1019 ], [ 103.3846, 11.1029 ], [ 103.3827, 11.1056 ], [ 103.3851, 11.1054 ], [ 103.3829, 11.1089 ], [ 103.3908, 11.1097 ], [ 103.3873, 11.1075 ], [ 103.3883, 11.1019 ], [ 103.3827, 11.1019 ] ] ] } },
{ "type": "Feature", "properties": { "to": "Baren land", "kh": "ដីទំនេរ", "ha": 56360 }, "geometry": { "type": "Polygon", "coordinates": [ [ [ 103.3452, 11.1553 ], [ 103.3441, 11.1504 ], [ 103.3338, 11.1523 ], [ 103.3349, 11.1556 ], [ 103.3379, 11.1529 ], [ 103.3452, 11.1553 ] ] ] } },
{ "type": "Feature", "properties": { "to": "Baren land", "kh": "ដីទំនេរ", "ha": 56360 }, "geometry": { "type": "Polygon", "coordinates": [ [ [ 103.3581, 11.1591 ], [ 103.3579, 11.1537 ], [ 103.353, 11.1504 ], [ 103.3546, 11.1545 ], [ 103.3522, 11.1545 ], [ 103.3527, 11.162 ], [ 103.3592, 11.1615 ], [ 103.3562, 11.1574 ], [ 103.3581, 11.1591 ] ] ] } },
{ "type": "Feature", "properties": { "to": "Baren land", "kh": "ដីទំនេរ", "ha": 56360 }, "geometry": { "type": "Polygon", "coordinates": [ [ [ 103.3862, 11.202 ], [ 103.374, 11.2117 ], [ 103.367, 11.2203 ], [ 103.3665, 11.2227 ], [ 103.3635, 11.2254 ], [ 103.3614, 11.2376 ], [ 103.3584, 11.2403 ], [ 103.3619, 11.2376 ], [ 103.3641, 11.2287 ], [ 103.3689, 11.2273 ], [ 103.3641, 11.2254 ], [ 103.3668, 11.2233 ], [ 103.3697, 11.2173 ], [ 103.3862, 11.202 ] ] ] } },
{ "type": "Feature", "properties": { "to": "Baren land", "kh": "ដីទំនេរ", "ha": 56360 }, "geometry": { "type": "Polygon", "coordinates": [ [ [ 103.3854, 11.6083 ], [ 103.3808, 11.6045 ], [ 103.373, 11.6007 ], [ 103.3659, 11.601 ], [ 103.3484, 11.5934 ], [ 103.3382, 11.5924 ], [ 103.3516, 11.5953 ], [ 103.3584, 11.6013 ], [ 103.3608, 11.5999 ], [ 103.3657, 11.6031 ], [ 103.3722, 11.6015 ], [ 103.3824, 11.6061 ], [ 103.3859, 11.6102 ], [ 103.3894, 11.6234 ], [ 103.3935, 11.6304 ], [ 103.3902, 11.6342 ], [ 103.394, 11.6355 ], [ 103.3927, 11.6339 ], [ 103.3951, 11.6344 ], [ 103.3956, 11.6315 ], [ 103.3935, 11.628 ], [ 103.3954, 11.6274 ], [ 103.3902, 11.6242 ], [ 103.3854, 11.6083 ] ] ] } },
{ "type": "Feature", "properties": { "to": "Baren land", "kh": "ដីទំនេរ", "ha": 56360 }, "geometry": { "type": "Polygon", "coordinates": [ [ [ 103.3914, 10.8972 ], [ 103.3846, 10.8928 ], [ 103.3827, 10.889 ], [ 103.381, 10.8952 ], [ 103.3866, 10.9003 ], [ 103.3883, 10.8979 ], [ 103.3959, 10.8982 ], [ 103.3994, 10.8946 ], [ 103.3976, 10.893 ], [ 103.3914, 10.8972 ] ] ] } },
{ "type": "Feature", "properties": { "to": "Baren land", "kh": "ដីទំនេរ", "ha": 56360 }, "geometry": { "type": "Polygon", "coordinates": [ [ [ 103.407, 10.9179 ], [ 103.3992, 10.916 ], [ 103.3954, 10.9101 ], [ 103.3981, 10.9049 ], [ 103.4043, 10.903 ], [ 103.4036, 10.9009 ], [ 103.4002, 10.9022 ], [ 103.4034, 10.9003 ], [ 103.4026, 10.8982 ], [ 103.4018, 10.9001 ], [ 103.3975, 10.8987 ], [ 103.4021, 10.8972 ], [ 103.3964, 10.8979 ], [ 103.3964, 10.9019 ], [ 103.391, 10.8995 ], [ 103.3903, 10.9041 ], [ 103.3946, 10.9068 ], [ 103.3945, 10.9127 ], [ 103.4045, 10.92 ], [ 103.4026, 10.9235 ], [ 103.4067, 10.9249 ], [ 103.4102, 10.9149 ], [ 103.407, 10.9179 ] ] ] } },
{ "type": "Feature", "properties": { "to": "Baren land", "kh": "ដីទំនេរ", "ha": 56360 }, "geometry": { "type": "Polygon", "coordinates": [ [ [ 103.4107, 10.9133 ], [ 103.4105, 10.9235 ], [ 103.4132, 10.9249 ], [ 103.4191, 10.9197 ], [ 103.4171, 10.9192 ], [ 103.4168, 10.9135 ], [ 103.4107, 10.9133 ] ] ] } },
{ "type": "Feature", "properties": { "to": "Baren land", "kh": "ដីទំនេរ", "ha": 56360 }, "geometry": { "type": "Polygon", "coordinates": [ [ [ 103.4034, 10.9448 ], [ 103.4006, 10.9606 ], [ 103.3972, 10.9603 ], [ 103.4037, 10.968 ], [ 103.4029, 10.9716 ], [ 103.4059, 10.9721 ], [ 103.408, 10.971 ], [ 103.4072, 10.9672 ], [ 103.4094, 10.9686 ], [ 103.4029, 10.9578 ], [ 103.404, 10.9556 ], [ 103.4053, 10.9575 ], [ 103.4045, 10.9521 ], [ 103.4072, 10.9521 ], [ 103.4059, 10.951 ], [ 103.404, 10.9521 ], [ 103.4053, 10.9448 ], [ 103.4034, 10.9448 ] ] ] } },
{ "type": "Feature", "properties": { "to": "Baren land", "kh": "ដីទំនេរ", "ha": 56360 }, "geometry": { "type": "Polygon", "coordinates": [ [ [ 103.4164, 10.9912 ], [ 103.4091, 10.978 ], [ 103.4061, 10.9778 ], [ 103.4126, 10.9861 ], [ 103.414, 10.9942 ], [ 103.4164, 10.9912 ] ] ] } },
{ "type": "Feature", "properties": { "to": "Baren land", "kh": "ដីទំនេរ", "ha": 56360 }, "geometry": { "type": "Polygon", "coordinates": [ [ [ 103.3892, 10.984 ], [ 103.3932, 10.9853 ], [ 103.3892, 10.9815 ], [ 103.387, 10.9821 ], [ 103.3875, 10.9848 ], [ 103.3848, 10.9821 ], [ 103.3794, 10.9845 ], [ 103.3867, 10.9864 ], [ 103.3862, 10.9888 ], [ 103.3908, 10.9883 ], [ 103.3908, 10.9912 ], [ 103.3956, 10.9937 ], [ 103.3981, 10.9886 ], [ 103.3875, 10.9864 ], [ 103.3892, 10.984 ] ] ] } },
{ "type": "Feature", "properties": { "to": "Baren land", "kh": "ដីទំនេរ", "ha": 56360 }, "geometry": { "type": "Polygon", "coordinates": [ [ [ 103.424, 11.0261 ], [ 103.4307, 11.0286 ], [ 103.4366, 11.0286 ], [ 103.4331, 11.0269 ], [ 103.4342, 11.0223 ], [ 103.4288, 11.0139 ], [ 103.4242, 11.0134 ], [ 103.4275, 11.0142 ], [ 103.4264, 11.0158 ], [ 103.4331, 11.0231 ], [ 103.431, 11.0261 ], [ 103.4283, 11.0209 ], [ 103.4294, 11.0239 ], [ 103.424, 11.0261 ] ] ] } },
{ "type": "Feature", "properties": { "to": "Baren land", "kh": "ដីទំនេរ", "ha": 56360 }, "geometry": { "type": "Polygon", "coordinates": [ [ [ 103.4315, 11.066 ], [ 103.4269, 11.0668 ], [ 103.4291, 11.0644 ], [ 103.4272, 11.0582 ], [ 103.4323, 11.0576 ], [ 103.4264, 11.049 ], [ 103.4296, 11.049 ], [ 103.4299, 11.0463 ], [ 103.4226, 11.046 ], [ 103.4226, 11.0509 ], [ 103.4261, 11.0509 ], [ 103.4242, 11.0544 ], [ 103.4272, 11.0565 ], [ 103.4237, 11.0557 ], [ 103.4264, 11.0579 ], [ 103.425, 11.0619 ], [ 103.4277, 11.0622 ], [ 103.4258, 11.0679 ], [ 103.4296, 11.0697 ], [ 103.4315, 11.066 ] ] ] } },
{ "type": "Feature", "properties": { "to": "Baren land", "kh": "ដីទំនេរ", "ha": 56360 }, "geometry": { "type": "Polygon", "coordinates": [ [ [ 103.3959, 11.0993 ], [ 103.39, 11.0977 ], [ 103.3892, 11.1021 ], [ 103.39, 11.1 ], [ 103.3978, 11.1 ], [ 103.4032, 11.0949 ], [ 103.4091, 11.0981 ], [ 103.4078, 11.0954 ], [ 103.411, 11.0938 ], [ 103.4045, 11.0908 ], [ 103.4021, 11.0868 ], [ 103.4024, 11.093 ], [ 103.3959, 11.0993 ] ] ] } },
{ "type": "Feature", "properties": { "to": "Baren land", "kh": "ដីទំនេរ", "ha": 56360 }, "geometry": { "type": "Polygon", "coordinates": [ [ [ 103.3913, 11.1113 ], [ 103.3986, 11.1124 ], [ 103.3989, 11.1097 ], [ 103.3975, 11.1078 ], [ 103.3867, 11.1113 ], [ 103.3902, 11.1159 ], [ 103.3954, 11.1127 ], [ 103.3913, 11.1113 ] ] ] } },
{ "type": "Feature", "properties": { "to": "Baren land", "kh": "ដីទំនេរ", "ha": 56360 }, "geometry": { "type": "Polygon", "coordinates": [ [ [ 103.4172, 11.1272 ], [ 103.4126, 11.128 ], [ 103.4134, 11.1329 ], [ 103.4077, 11.131 ], [ 103.4088, 11.1337 ], [ 103.4118, 11.1329 ], [ 103.4113, 11.1359 ], [ 103.4145, 11.1357 ], [ 103.4169, 11.1318 ], [ 103.4188, 11.1337 ], [ 103.4156, 11.1353 ], [ 103.4172, 11.1358 ], [ 103.4217, 11.1316 ], [ 103.4264, 11.1321 ], [ 103.4299, 11.1394 ], [ 103.4331, 11.1396 ], [ 103.4339, 11.1453 ], [ 103.4364, 11.1448 ], [ 103.4364, 11.1485 ], [ 103.4289, 11.1488 ], [ 103.429, 11.1515 ], [ 103.4213, 11.1512 ], [ 103.4165, 11.1395 ], [ 103.4121, 11.1407 ], [ 103.4183, 11.1458 ], [ 103.4194, 11.1499 ], [ 103.414, 11.1491 ], [ 103.4145, 11.1512 ], [ 103.4347, 11.1569 ], [ 103.4334, 11.152 ], [ 103.4372, 11.1529 ], [ 103.4372, 11.1456 ], [ 103.4428, 11.1431 ], [ 103.4377, 11.1491 ], [ 103.4383, 11.1507 ], [ 103.4404, 11.148 ], [ 103.4431, 11.1523 ], [ 103.441, 11.1566 ], [ 103.4496, 11.1561 ], [ 103.4499, 11.1515 ], [ 103.4485, 11.155 ], [ 103.4439, 11.1556 ], [ 103.4488, 11.1491 ], [ 103.4534, 11.1537 ], [ 103.4504, 11.1553 ], [ 103.4536, 11.1557 ], [ 103.4547, 11.1467 ], [ 103.4504, 11.1488 ], [ 103.4474, 11.1437 ], [ 103.4453, 11.1458 ], [ 103.442, 11.1418 ], [ 103.4431, 11.1394 ], [ 103.4407, 11.1402 ], [ 103.4418, 11.1431 ], [ 103.4399, 11.1423 ], [ 103.4399, 11.1391 ], [ 103.445, 11.1361 ], [ 103.445, 11.1332 ], [ 103.4477, 11.1394 ], [ 103.4482, 11.1345 ], [ 103.4536, 11.1332 ], [ 103.4485, 11.1248 ], [ 103.4447, 11.1329 ], [ 103.437, 11.13 ], [ 103.4353, 11.1348 ], [ 103.4315, 11.134 ], [ 103.4347, 11.1326 ], [ 103.4327, 11.1305 ], [ 103.4291, 11.1321 ], [ 103.4316, 11.1286 ], [ 103.421, 11.1291 ], [ 103.4218, 11.1261 ], [ 103.4202, 11.127 ], [ 103.4211, 11.1248 ], [ 103.4177, 11.1218 ], [ 103.4151, 11.1264 ], [ 103.4172, 11.1272 ] ] ] } },
{ "type": "Feature", "properties": { "to": "Baren land", "kh": "ដីទំនេរ", "ha": 56360 }, "geometry": { "type": "Polygon", "coordinates": [ [ [ 103.4307, 11.1707 ], [ 103.4299, 11.1688 ], [ 103.4331, 11.1674 ], [ 103.4307, 11.1658 ], [ 103.4334, 11.1636 ], [ 103.431, 11.1588 ], [ 103.4242, 11.1587 ], [ 103.4175, 11.1615 ], [ 103.4218, 11.1628 ], [ 103.4204, 11.1612 ], [ 103.425, 11.1591 ], [ 103.4288, 11.1607 ], [ 103.4231, 11.1607 ], [ 103.424, 11.1639 ], [ 103.4159, 11.1663 ], [ 103.4151, 11.169 ], [ 103.4183, 11.1704 ], [ 103.4256, 11.1672 ], [ 103.421, 11.1717 ], [ 103.4177, 11.1707 ], [ 103.4199, 11.1723 ], [ 103.4167, 11.1744 ], [ 103.4188, 11.1758 ], [ 103.4172, 11.1777 ], [ 103.421, 11.1785 ], [ 103.4194, 11.1766 ], [ 103.4213, 11.1769 ], [ 103.4234, 11.1712 ], [ 103.4307, 11.1707 ] ] ] } },
{ "type": "Feature", "properties": { "to": "Baren land", "kh": "ដីទំនេរ", "ha": 56360 }, "geometry": { "type": "Polygon", "coordinates": [ [ [ 103.4396, 11.1746 ], [ 103.4442, 11.1704 ], [ 103.4388, 11.1704 ], [ 103.4369, 11.1658 ], [ 103.4361, 11.1688 ], [ 103.4331, 11.1693 ], [ 103.4377, 11.1699 ], [ 103.4377, 11.1734 ], [ 103.4347, 11.1746 ], [ 103.4396, 11.1746 ] ] ] } },
{ "type": "Feature", "properties": { "to": "Baren land", "kh": "ដីទំនេរ", "ha": 56360 }, "geometry": { "type": "Polygon", "coordinates": [ [ [ 103.3908, 11.1944 ], [ 103.3862, 11.202 ], [ 103.3913, 11.1958 ], [ 103.3894, 11.1874 ], [ 103.3932, 11.1874 ], [ 103.3948, 11.1839 ], [ 103.3962, 11.1874 ], [ 103.3962, 11.1844 ], [ 103.3999, 11.1825 ], [ 103.3935, 11.1831 ], [ 103.3932, 11.186 ], [ 103.3889, 11.1863 ], [ 103.3881, 11.1912 ], [ 103.3835, 11.1896 ], [ 103.3908, 11.1944 ] ] ] } },
{ "type": "Feature", "properties": { "to": "Baren land", "kh": "ដីទំនេរ", "ha": 56360 }, "geometry": { "type": "Polygon", "coordinates": [ [ [ 103.4029, 11.4572 ], [ 103.3991, 11.4534 ], [ 103.3846, 11.4531 ], [ 103.3886, 11.4564 ], [ 103.3916, 11.4553 ], [ 103.3897, 11.4585 ], [ 103.3932, 11.4569 ], [ 103.397, 11.4591 ], [ 103.3967, 11.4634 ], [ 103.3989, 11.462 ], [ 103.3986, 11.4572 ], [ 103.4029, 11.4572 ] ] ] } },
{ "type": "Feature", "properties": { "to": "Baren land", "kh": "ដីទំនេរ", "ha": 56360 }, "geometry": { "type": "Polygon", "coordinates": [ [ [ 103.4196, 11.6782 ], [ 103.4267, 11.6806 ], [ 103.4323, 11.6806 ], [ 103.431, 11.6744 ], [ 103.4272, 11.6741 ], [ 103.4237, 11.6776 ], [ 103.4248, 11.6736 ], [ 103.4194, 11.676 ], [ 103.4196, 11.6782 ] ] ] } },
{ "type": "Feature", "properties": { "to": "Baren land", "kh": "ដីទំនេរ", "ha": 56360 }, "geometry": { "type": "Polygon", "coordinates": [ [ [ 103.4513, 11.209 ], [ 103.4631, 11.1991 ], [ 103.4642, 11.1955 ], [ 103.466, 11.1963 ], [ 103.4644, 11.1944 ], [ 103.4671, 11.1944 ], [ 103.4682, 11.1906 ], [ 103.4615, 11.1931 ], [ 103.4561, 11.1914 ], [ 103.4534, 11.1944 ], [ 103.452, 11.1906 ], [ 103.4528, 11.1976 ], [ 103.4469, 11.202 ], [ 103.4493, 11.2074 ], [ 103.4501, 11.2028 ], [ 103.4534, 11.2022 ], [ 103.4501, 11.206 ], [ 103.4513, 11.209 ] ] ] } },
{ "type": "Feature", "properties": { "to": "Baren land", "kh": "ដីទំនេរ", "ha": 56360 }, "geometry": { "type": "Polygon", "coordinates": [ [ [ 103.4626, 11.2288 ], [ 103.4721, 11.2303 ], [ 103.4747, 11.2265 ], [ 103.4801, 11.2295 ], [ 103.4806, 11.2265 ], [ 103.4779, 11.2246 ], [ 103.4822, 11.2227 ], [ 103.4817, 11.2203 ], [ 103.4795, 11.2211 ], [ 103.4809, 11.2183 ], [ 103.4782, 11.223 ], [ 103.4747, 11.2198 ], [ 103.4752, 11.2254 ], [ 103.4733, 11.2217 ], [ 103.4663, 11.2233 ], [ 103.4685, 11.2254 ], [ 103.4658, 11.2279 ], [ 103.4625, 11.2246 ], [ 103.4526, 11.2265 ], [ 103.4542, 11.2292 ], [ 103.4566, 11.2281 ], [ 103.4566, 11.2315 ], [ 103.4626, 11.2288 ] ] ] } },
{ "type": "Feature", "properties": { "to": "Baren land", "kh": "ដីទំនេរ", "ha": 56360 }, "geometry": { "type": "Polygon", "coordinates": [ [ [ 103.5362, 11.2601 ], [ 103.5292, 11.2589 ], [ 103.53, 11.2546 ], [ 103.5219, 11.2559 ], [ 103.5216, 11.2605 ], [ 103.5362, 11.2601 ] ] ] } },
{ "type": "Feature", "properties": { "to": "Baren land", "kh": "ដីទំនេរ", "ha": 56360 }, "geometry": { "type": "Polygon", "coordinates": [ [ [ 103.5278, 11.2648 ], [ 103.5289, 11.2732 ], [ 103.5249, 11.2689 ], [ 103.5208, 11.2694 ], [ 103.5165, 11.2613 ], [ 103.5149, 11.2664 ], [ 103.5254, 11.2748 ], [ 103.5303, 11.2737 ], [ 103.53, 11.277 ], [ 103.5338, 11.2775 ], [ 103.5319, 11.274 ], [ 103.537, 11.2699 ], [ 103.5335, 11.2694 ], [ 103.5308, 11.274 ], [ 103.5305, 11.2655 ], [ 103.5278, 11.2648 ] ] ] } },
{ "type": "Feature", "properties": { "to": "Baren land", "kh": "ដីទំនេរ", "ha": 56360 }, "geometry": { "type": "Polygon", "coordinates": [ [ [ 103.4888, 11.3217 ], [ 103.485, 11.3093 ], [ 103.4836, 11.3093 ], [ 103.483, 11.3191 ], [ 103.4868, 11.322 ], [ 103.4855, 11.3258 ], [ 103.4922, 11.3234 ], [ 103.4888, 11.3217 ] ] ] } },
{ "type": "Feature", "properties": { "to": "Baren land", "kh": "ដីទំនេរ", "ha": 56360 }, "geometry": { "type": "Polygon", "coordinates": [ [ [ 103.4717, 11.3185 ], [ 103.4666, 11.3218 ], [ 103.4687, 11.3223 ], [ 103.4658, 11.3239 ], [ 103.4669, 11.3258 ], [ 103.4714, 11.3263 ], [ 103.4763, 11.3228 ], [ 103.4717, 11.3185 ] ] ] } },
{ "type": "Feature", "properties": { "to": "Baren land", "kh": "ដីទំនេរ", "ha": 56360 }, "geometry": { "type": "Polygon", "coordinates": [ [ [ 103.4874, 11.3313 ], [ 103.4949, 11.3322 ], [ 103.4941, 11.3301 ], [ 103.4968, 11.3287 ], [ 103.4996, 11.3311 ], [ 103.4917, 11.3369 ], [ 103.4933, 11.3458 ], [ 103.4903, 11.3473 ], [ 103.4941, 11.3501 ], [ 103.4955, 11.3477 ], [ 103.4949, 11.3514 ], [ 103.4968, 11.3517 ], [ 103.4995, 11.3509 ], [ 103.4945, 11.345 ], [ 103.4947, 11.3398 ], [ 103.4971, 11.3387 ], [ 103.4946, 11.3396 ], [ 103.4936, 11.3371 ], [ 103.4979, 11.3347 ], [ 103.4973, 11.3385 ], [ 103.5003, 11.3396 ], [ 103.4998, 11.3352 ], [ 103.5033, 11.3328 ], [ 103.506, 11.332 ], [ 103.5068, 11.3352 ], [ 103.5103, 11.3347 ], [ 103.5089, 11.3317 ], [ 103.5119, 11.3315 ], [ 103.5127, 11.3339 ], [ 103.5149, 11.3325 ], [ 103.5119, 11.3296 ], [ 103.5076, 11.3309 ], [ 103.5103, 11.329 ], [ 103.5081, 11.329 ], [ 103.5097, 11.3276 ], [ 103.5062, 11.3242 ], [ 103.5049, 11.3285 ], [ 103.4976, 11.3274 ], [ 103.503, 11.3266 ], [ 103.4979, 11.322 ], [ 103.5, 11.3207 ], [ 103.4933, 11.3223 ], [ 103.4928, 11.3253 ], [ 103.4884, 11.3258 ], [ 103.4855, 11.3293 ], [ 103.4838, 11.3266 ], [ 103.4836, 11.3301 ], [ 103.4814, 11.328 ], [ 103.4828, 11.3253 ], [ 103.4795, 11.3263 ], [ 103.4847, 11.335 ], [ 103.4874, 11.3341 ], [ 103.4874, 11.3313 ] ] ] } },
{ "type": "Feature", "properties": { "to": "Baren land", "kh": "ដីទំនេរ", "ha": 56360 }, "geometry": { "type": "Polygon", "coordinates": [ [ [ 103.5054, 11.3455 ], [ 103.5112, 11.3459 ], [ 103.5071, 11.3406 ], [ 103.5106, 11.3387 ], [ 103.5089, 11.3355 ], [ 103.5039, 11.3433 ], [ 103.5065, 11.3439 ], [ 103.5054, 11.3455 ] ] ] } },
{ "type": "Feature", "properties": { "to": "Baren land", "kh": "ដីទំនេរ", "ha": 56360 }, "geometry": { "type": "Polygon", "coordinates": [ [ [ 103.5195, 11.3687 ], [ 103.5208, 11.3725 ], [ 103.5178, 11.3727 ], [ 103.5224, 11.3733 ], [ 103.5265, 11.3684 ], [ 103.5284, 11.3703 ], [ 103.5292, 11.366 ], [ 103.5251, 11.3692 ], [ 103.5251, 11.3657 ], [ 103.5178, 11.3668 ], [ 103.5238, 11.3682 ], [ 103.5195, 11.3687 ] ] ] } },
{ "type": "Feature", "properties": { "to": "Baren land", "kh": "ដីទំនេរ", "ha": 56360 }, "geometry": { "type": "Polygon", "coordinates": [ [ [ 103.5219, 11.3736 ], [ 103.5197, 11.3757 ], [ 103.516, 11.3738 ], [ 103.5135, 11.3746 ], [ 103.5138, 11.3841 ], [ 103.5168, 11.3841 ], [ 103.5168, 11.3789 ], [ 103.5187, 11.3795 ], [ 103.5186, 11.3754 ], [ 103.5203, 11.3762 ], [ 103.5219, 11.3736 ] ] ] } },
{ "type": "Feature", "properties": { "to": "Baren land", "kh": "ដីទំនេរ", "ha": 56360 }, "geometry": { "type": "Polygon", "coordinates": [ [ [ 103.5114, 11.3957 ], [ 103.5143, 11.3922 ], [ 103.517, 11.393 ], [ 103.5127, 11.3884 ], [ 103.5138, 11.3919 ], [ 103.5108, 11.3916 ], [ 103.5116, 11.3868 ], [ 103.5138, 11.3889 ], [ 103.5138, 11.3862 ], [ 103.5176, 11.3879 ], [ 103.517, 11.3916 ], [ 103.5187, 11.3857 ], [ 103.5054, 11.3849 ], [ 103.5114, 11.3873 ], [ 103.5046, 11.3873 ], [ 103.51, 11.3879 ], [ 103.5097, 11.3946 ], [ 103.514, 11.3986 ], [ 103.5138, 11.3959 ], [ 103.5114, 11.3957 ] ] ] } },
{ "type": "Feature", "properties": { "to": "Baren land", "kh": "ដីទំនេរ", "ha": 56360 }, "geometry": { "type": "Polygon", "coordinates": [ [ [ 103.5084, 11.4214 ], [ 103.5073, 11.4194 ], [ 103.5052, 11.4232 ], [ 103.5076, 11.4251 ], [ 103.5054, 11.4251 ], [ 103.5008, 11.4194 ], [ 103.4938, 11.4213 ], [ 103.4936, 11.4183 ], [ 103.489, 11.4256 ], [ 103.4984, 11.4202 ], [ 103.5038, 11.4254 ], [ 103.5027, 11.427 ], [ 103.5068, 11.427 ], [ 103.5019, 11.4286 ], [ 103.5008, 11.4305 ], [ 103.5019, 11.4324 ], [ 103.5071, 11.4297 ], [ 103.5092, 11.4353 ], [ 103.5149, 11.4361 ], [ 103.513, 11.4316 ], [ 103.5073, 11.4291 ], [ 103.5084, 11.4214 ] ] ] } },
{ "type": "Feature", "properties": { "to": "Baren land", "kh": "ដីទំនេរ", "ha": 56360 }, "geometry": { "type": "Polygon", "coordinates": [ [ [ 103.5289, 11.6296 ], [ 103.5227, 11.625 ], [ 103.5251, 11.6261 ], [ 103.5294, 11.6223 ], [ 103.5251, 11.6199 ], [ 103.5243, 11.6158 ], [ 103.5216, 11.6166 ], [ 103.5211, 11.6121 ], [ 103.5197, 11.6185 ], [ 103.516, 11.6212 ], [ 103.5178, 11.6242 ], [ 103.5222, 11.6246 ], [ 103.5243, 11.63 ], [ 103.5289, 11.6296 ] ] ] } },
{ "type": "Feature", "properties": { "to": "Baren land", "kh": "ដីទំនេរ", "ha": 56360 }, "geometry": { "type": "Polygon", "coordinates": [ [ [ 103.465, 11.6898 ], [ 103.4604, 11.6865 ], [ 103.4604, 11.6911 ], [ 103.4569, 11.6908 ], [ 103.459, 11.6908 ], [ 103.4571, 11.6887 ], [ 103.4515, 11.6946 ], [ 103.4553, 11.6976 ], [ 103.4561, 11.6957 ], [ 103.4593, 11.697 ], [ 103.4577, 11.6925 ], [ 103.4612, 11.6957 ], [ 103.4598, 11.6987 ], [ 103.4636, 11.6946 ], [ 103.4609, 11.6906 ], [ 103.4631, 11.6922 ], [ 103.465, 11.6898 ] ] ] } },
{ "type": "Feature", "properties": { "to": "Baren land", "kh": "ដីទំនេរ", "ha": 56360 }, "geometry": { "type": "Polygon", "coordinates": [ [ [ 103.4979, 11.7963 ], [ 103.5022, 11.8001 ], [ 103.5049, 11.7985 ], [ 103.5014, 11.7952 ], [ 103.5017, 11.792 ], [ 103.5027, 11.7931 ], [ 103.5049, 11.7925 ], [ 103.5011, 11.7842 ], [ 103.5011, 11.7885 ], [ 103.4984, 11.7863 ], [ 103.5008, 11.7931 ], [ 103.4979, 11.7963 ] ] ] } },
{ "type": "Feature", "properties": { "to": "Baren land", "kh": "ដីទំនេរ", "ha": 56360 }, "geometry": { "type": "Polygon", "coordinates": [ [ [ 103.4803, 12.0996 ], [ 103.4806, 12.0928 ], [ 103.4739, 12.0939 ], [ 103.4801, 12.0901 ], [ 103.4776, 12.0899 ], [ 103.4795, 12.088 ], [ 103.4771, 12.0845 ], [ 103.4733, 12.0826 ], [ 103.4706, 12.0853 ], [ 103.4669, 12.0815 ], [ 103.4666, 12.085 ], [ 103.4714, 12.0899 ], [ 103.4744, 12.0885 ], [ 103.4733, 12.098 ], [ 103.476, 12.1025 ], [ 103.4803, 12.0996 ] ] ] } },
{ "type": "Feature", "properties": { "to": "Baren land", "kh": "ដីទំនេរ", "ha": 56360 }, "geometry": { "type": "Polygon", "coordinates": [ [ [ 103.4971, 12.1007 ], [ 103.5108, 12.1053 ], [ 103.5157, 12.1025 ], [ 103.5108, 12.098 ], [ 103.513, 12.1031 ], [ 103.5054, 12.098 ], [ 103.4971, 12.1007 ] ] ] } },
{ "type": "Feature", "properties": { "to": "Baren land", "kh": "ដីទំនេរ", "ha": 56360 }, "geometry": { "type": "Polygon", "coordinates": [ [ [ 103.4617, 12.1047 ], [ 103.4689, 12.1153 ], [ 103.4706, 12.1155 ], [ 103.469, 12.1112 ], [ 103.4712, 12.1085 ], [ 103.4674, 12.1093 ], [ 103.4677, 12.106 ], [ 103.4617, 12.1047 ] ] ] } },
{ "type": "Feature", "properties": { "to": "Baren land", "kh": "ដីទំនេរ", "ha": 56360 }, "geometry": { "type": "Polygon", "coordinates": [ [ [ 103.5448, 11.2012 ], [ 103.5418, 11.2068 ], [ 103.5464, 11.2036 ], [ 103.5437, 11.2055 ], [ 103.5448, 11.2079 ], [ 103.5497, 11.2068 ], [ 103.5524, 11.2095 ], [ 103.551, 11.203 ], [ 103.5556, 11.2101 ], [ 103.554, 11.1944 ], [ 103.5521, 11.1989 ], [ 103.5491, 11.1946 ], [ 103.5497, 11.1995 ], [ 103.5462, 11.1967 ], [ 103.5461, 11.1996 ], [ 103.5446, 11.1976 ], [ 103.5402, 11.2022 ], [ 103.5448, 11.2012 ] ] ] } },
{ "type": "Feature", "properties": { "to": "Baren land", "kh": "ដីទំនេរ", "ha": 56360 }, "geometry": { "type": "Polygon", "coordinates": [ [ [ 103.5394, 11.2484 ], [ 103.5332, 11.2446 ], [ 103.5324, 11.2492 ], [ 103.5392, 11.2489 ], [ 103.5392, 11.2511 ], [ 103.5467, 11.2543 ], [ 103.5459, 11.2565 ], [ 103.554, 11.2554 ], [ 103.5524, 11.2532 ], [ 103.5478, 11.2551 ], [ 103.5478, 11.2538 ], [ 103.5427, 11.2516 ], [ 103.5435, 11.2489 ], [ 103.5404, 11.2462 ], [ 103.5394, 11.2484 ] ] ] } },
{ "type": "Feature", "properties": { "to": "Baren land", "kh": "ដីទំនេរ", "ha": 56360 }, "geometry": { "type": "Polygon", "coordinates": [ [ [ 103.5726, 11.2878 ], [ 103.5767, 11.291 ], [ 103.5753, 11.2883 ], [ 103.5802, 11.2886 ], [ 103.5748, 11.2864 ], [ 103.575, 11.2832 ], [ 103.5729, 11.2813 ], [ 103.5696, 11.2821 ], [ 103.5702, 11.2859 ], [ 103.5669, 11.2848 ], [ 103.5659, 11.2813 ], [ 103.5664, 11.2842 ], [ 103.5645, 11.2837 ], [ 103.5661, 11.2772 ], [ 103.5651, 11.2797 ], [ 103.5618, 11.2797 ], [ 103.5613, 11.2826 ], [ 103.564, 11.2842 ], [ 103.5605, 11.2883 ], [ 103.5656, 11.2894 ], [ 103.5648, 11.2851 ], [ 103.5699, 11.2875 ], [ 103.5715, 11.2834 ], [ 103.5742, 11.2834 ], [ 103.5721, 11.2867 ], [ 103.5726, 11.2915 ], [ 103.5726, 11.2878 ] ] ] } },
{ "type": "Feature", "properties": { "to": "Baren land", "kh": "ដីទំនេរ", "ha": 56360 }, "geometry": { "type": "Polygon", "coordinates": [ [ [ 103.5416, 11.2869 ], [ 103.5413, 11.2845 ], [ 103.5463, 11.2854 ], [ 103.5419, 11.284 ], [ 103.5419, 11.2818 ], [ 103.5435, 11.2834 ], [ 103.5454, 11.2832 ], [ 103.5394, 11.2759 ], [ 103.5359, 11.2802 ], [ 103.5416, 11.2829 ], [ 103.5373, 11.2826 ], [ 103.5373, 11.2856 ], [ 103.5348, 11.2859 ], [ 103.5354, 11.2899 ], [ 103.537, 11.2891 ], [ 103.5378, 11.2842 ], [ 103.5405, 11.2867 ], [ 103.5373, 11.294 ], [ 103.5459, 11.2891 ], [ 103.5459, 11.2872 ], [ 103.5416, 11.2869 ] ] ] } },
{ "type": "Feature", "properties": { "to": "Baren land", "kh": "ដីទំនេរ", "ha": 56360 }, "geometry": { "type": "Polygon", "coordinates": [ [ [ 103.5661, 11.3057 ], [ 103.5661, 11.311 ], [ 103.5667, 11.3091 ], [ 103.5694, 11.3107 ], [ 103.5656, 11.3116 ], [ 103.5691, 11.3144 ], [ 103.5699, 11.3056 ], [ 103.5602, 11.3015 ], [ 103.5625, 11.3062 ], [ 103.5661, 11.3057 ] ] ] } },
{ "type": "Feature", "properties": { "to": "Baren land", "kh": "ដីទំនេរ", "ha": 56360 }, "geometry": { "type": "Polygon", "coordinates": [ [ [ 103.5551, 11.3312 ], [ 103.557, 11.3371 ], [ 103.5605, 11.3336 ], [ 103.5594, 11.3269 ], [ 103.5583, 11.3304 ], [ 103.5526, 11.3312 ], [ 103.5491, 11.3296 ], [ 103.5482, 11.3238 ], [ 103.5456, 11.3239 ], [ 103.5478, 11.3258 ], [ 103.5448, 11.3307 ], [ 103.5481, 11.3301 ], [ 103.5497, 11.3331 ], [ 103.5551, 11.3312 ] ] ] } },
{ "type": "Feature", "properties": { "to": "Baren land", "kh": "ដីទំនេរ", "ha": 56360 }, "geometry": { "type": "Polygon", "coordinates": [ [ [ 103.541, 11.3347 ], [ 103.5443, 11.328 ], [ 103.5394, 11.332 ], [ 103.5437, 11.3269 ], [ 103.5413, 11.3226 ], [ 103.5357, 11.322 ], [ 103.5362, 11.3255 ], [ 103.5319, 11.325 ], [ 103.5402, 11.328 ], [ 103.5381, 11.332 ], [ 103.5373, 11.3282 ], [ 103.5335, 11.3315 ], [ 103.5378, 11.3342 ], [ 103.5319, 11.3331 ], [ 103.5338, 11.3288 ], [ 103.5311, 11.3296 ], [ 103.5312, 11.3334 ], [ 103.5338, 11.3347 ], [ 103.5327, 11.338 ], [ 103.541, 11.3347 ] ] ] } },
{ "type": "Feature", "properties": { "to": "Baren land", "kh": "ដីទំនេរ", "ha": 56360 }, "geometry": { "type": "Polygon", "coordinates": [ [ [ 103.5626, 11.328 ], [ 103.5602, 11.3298 ], [ 103.5613, 11.3338 ], [ 103.558, 11.3358 ], [ 103.5645, 11.3347 ], [ 103.564, 11.3377 ], [ 103.5613, 11.3373 ], [ 103.5629, 11.3384 ], [ 103.5661, 11.3385 ], [ 103.5656, 11.3347 ], [ 103.5678, 11.3344 ], [ 103.5655, 11.3309 ], [ 103.5624, 11.3323 ], [ 103.5626, 11.328 ] ] ] } },
{ "type": "Feature", "properties": { "to": "Baren land", "kh": "ដីទំនេរ", "ha": 56360 }, "geometry": { "type": "Polygon", "coordinates": [ [ [ 103.5672, 11.3358 ], [ 103.5758, 11.3417 ], [ 103.5777, 11.3406 ], [ 103.575, 11.3385 ], [ 103.5802, 11.3393 ], [ 103.5734, 11.3339 ], [ 103.5737, 11.3371 ], [ 103.5721, 11.335 ], [ 103.5672, 11.3358 ] ] ] } },
{ "type": "Feature", "properties": { "to": "Baren land", "kh": "ដីទំនេរ", "ha": 56360 }, "geometry": { "type": "Polygon", "coordinates": [ [ [ 103.5448, 11.3371 ], [ 103.5454, 11.342 ], [ 103.5491, 11.3441 ], [ 103.5483, 11.3366 ], [ 103.5464, 11.3358 ], [ 103.5462, 11.3398 ], [ 103.5459, 11.3355 ], [ 103.5513, 11.3353 ], [ 103.5451, 11.3317 ], [ 103.5429, 11.3382 ], [ 103.5408, 11.3358 ], [ 103.5389, 11.3379 ], [ 103.5424, 11.3414 ], [ 103.5448, 11.3406 ], [ 103.5448, 11.3371 ] ] ] } },
{ "type": "Feature", "properties": { "to": "Baren land", "kh": "ដីទំនេរ", "ha": 56360 }, "geometry": { "type": "Polygon", "coordinates": [ [ [ 103.5656, 11.3544 ], [ 103.5613, 11.3636 ], [ 103.5629, 11.3606 ], [ 103.5664, 11.3611 ], [ 103.5664, 11.3544 ], [ 103.5694, 11.3512 ], [ 103.5742, 11.3514 ], [ 103.5715, 11.3471 ], [ 103.5764, 11.3469 ], [ 103.5667, 11.3436 ], [ 103.5707, 11.3455 ], [ 103.5661, 11.3503 ], [ 103.5645, 11.3485 ], [ 103.5656, 11.3512 ], [ 103.5624, 11.3528 ], [ 103.5656, 11.3544 ] ] ] } },
{ "type": "Feature", "properties": { "to": "Baren land", "kh": "ដីទំនេរ", "ha": 56360 }, "geometry": { "type": "Polygon", "coordinates": [ [ [ 103.5589, 11.5864 ], [ 103.5553, 11.5832 ], [ 103.5548, 11.5859 ], [ 103.5454, 11.5859 ], [ 103.554, 11.5899 ], [ 103.554, 11.5867 ], [ 103.5589, 11.5864 ] ] ] } },
{ "type": "Feature", "properties": { "to": "Baren land", "kh": "ដីទំនេរ", "ha": 56360 }, "geometry": { "type": "Polygon", "coordinates": [ [ [ 103.5402, 11.6118 ], [ 103.5294, 11.6153 ], [ 103.5427, 11.6177 ], [ 103.5402, 11.6118 ] ] ] } },
{ "type": "Feature", "properties": { "to": "Baren land", "kh": "ដីទំនេរ", "ha": 56360 }, "geometry": { "type": "Polygon", "coordinates": [ [ [ 103.5656, 11.6671 ], [ 103.5651, 11.662 ], [ 103.5637, 11.6641 ], [ 103.5624, 11.6617 ], [ 103.5626, 11.6639 ], [ 103.5599, 11.663 ], [ 103.5707, 11.676 ], [ 103.5686, 11.6639 ], [ 103.5656, 11.6671 ] ] ] } },
{ "type": "Feature", "properties": { "to": "Baren land", "kh": "ដីទំនេរ", "ha": 56360 }, "geometry": { "type": "Polygon", "coordinates": [ [ [ 103.5596, 12.0711 ], [ 103.5719, 12.0566 ], [ 103.5844, 12.0521 ], [ 103.5839, 12.0486 ], [ 103.5804, 12.0475 ], [ 103.5791, 12.0494 ], [ 103.5769, 12.0443 ], [ 103.5767, 12.0478 ], [ 103.5742, 12.0464 ], [ 103.5748, 12.0421 ], [ 103.5769, 12.0437 ], [ 103.5777, 12.0405 ], [ 103.5756, 12.0362 ], [ 103.5696, 12.0429 ], [ 103.5659, 12.0408 ], [ 103.5705, 12.0475 ], [ 103.5667, 12.0472 ], [ 103.5621, 12.0591 ], [ 103.557, 12.0607 ], [ 103.5562, 12.0575 ], [ 103.554, 12.0586 ], [ 103.5524, 12.0634 ], [ 103.5567, 12.0621 ], [ 103.5567, 12.0648 ], [ 103.5564, 12.0626 ], [ 103.5537, 12.0634 ], [ 103.5548, 12.0669 ], [ 103.5518, 12.0699 ], [ 103.554, 12.071 ], [ 103.5491, 12.0707 ], [ 103.5494, 12.0739 ], [ 103.5596, 12.0711 ] ] ] } },
{ "type": "Feature", "properties": { "to": "Baren land", "kh": "ដីទំនេរ", "ha": 56360 }, "geometry": { "type": "Polygon", "coordinates": [ [ [ 103.6303, 11.1013 ], [ 103.6268, 11.0957 ], [ 103.622, 11.0963 ], [ 103.6271, 11.1056 ], [ 103.6349, 11.1078 ], [ 103.6344, 11.1038 ], [ 103.6277, 11.1029 ], [ 103.6303, 11.1013 ] ] ] } },
{ "type": "Feature", "properties": { "to": "Baren land", "kh": "ដីទំនេរ", "ha": 56360 }, "geometry": { "type": "Polygon", "coordinates": [ [ [ 103.6522, 11.1237 ], [ 103.6511, 11.1191 ], [ 103.6541, 11.1181 ], [ 103.6517, 11.1143 ], [ 103.6544, 11.1105 ], [ 103.6511, 11.1097 ], [ 103.6463, 11.1162 ], [ 103.6522, 11.1237 ] ] ] } },
{ "type": "Feature", "properties": { "to": "Baren land", "kh": "ដីទំនេរ", "ha": 56360 }, "geometry": { "type": "Polygon", "coordinates": [ [ [ 103.5864, 11.1342 ], [ 103.5931, 11.1526 ], [ 103.5955, 11.152 ], [ 103.5918, 11.1394 ], [ 103.5888, 11.1337 ], [ 103.5864, 11.1342 ] ] ] } },
{ "type": "Feature", "properties": { "to": "Baren land", "kh": "ដីទំនេរ", "ha": 56360 }, "geometry": { "type": "Polygon", "coordinates": [ [ [ 103.6098, 11.1418 ], [ 103.6055, 11.1448 ], [ 103.6109, 11.1485 ], [ 103.6098, 11.1504 ], [ 103.6125, 11.1464 ], [ 103.6163, 11.1472 ], [ 103.6144, 11.1399 ], [ 103.612, 11.1431 ], [ 103.6098, 11.1418 ] ] ] } },
{ "type": "Feature", "properties": { "to": "Baren land", "kh": "ដីទំនេរ", "ha": 56360 }, "geometry": { "type": "Polygon", "coordinates": [ [ [ 103.6303, 11.2018 ], [ 103.6403, 11.2036 ], [ 103.6379, 11.2009 ], [ 103.6418, 11.1998 ], [ 103.6371, 11.199 ], [ 103.6371, 11.1955 ], [ 103.6325, 11.1971 ], [ 103.6314, 11.1941 ], [ 103.6303, 11.2018 ] ] ] } },
{ "type": "Feature", "properties": { "to": "Baren land", "kh": "ដីទំនេរ", "ha": 56360 }, "geometry": { "type": "Polygon", "coordinates": [ [ [ 103.653, 11.2006 ], [ 103.6589, 11.2038 ], [ 103.6606, 11.2033 ], [ 103.6571, 11.1998 ], [ 103.6533, 11.2001 ], [ 103.6509, 11.1947 ], [ 103.6473, 11.1952 ], [ 103.6495, 11.1971 ], [ 103.6479, 11.2025 ], [ 103.65, 11.1987 ], [ 103.6519, 11.2001 ], [ 103.649, 11.2038 ], [ 103.6504, 11.2057 ], [ 103.653, 11.2006 ] ] ] } },
{ "type": "Feature", "properties": { "to": "Baren land", "kh": "ដីទំនេរ", "ha": 56360 }, "geometry": { "type": "Polygon", "coordinates": [ [ [ 103.6293, 11.2235 ], [ 103.6314, 11.2265 ], [ 103.6306, 11.2233 ], [ 103.6344, 11.2233 ], [ 103.6349, 11.2265 ], [ 103.6352, 11.2233 ], [ 103.6384, 11.2217 ], [ 103.6409, 11.2235 ], [ 103.6409, 11.2211 ], [ 103.6487, 11.2206 ], [ 103.6379, 11.2203 ], [ 103.6285, 11.2227 ], [ 103.6199, 11.2206 ], [ 103.6293, 11.2235 ] ] ] } },
{ "type": "Feature", "properties": { "to": "Baren land", "kh": "ដីទំនេរ", "ha": 56360 }, "geometry": { "type": "Polygon", "coordinates": [ [ [ 103.5804, 11.3363 ], [ 103.5845, 11.339 ], [ 103.5848, 11.3355 ], [ 103.5869, 11.3355 ], [ 103.5864, 11.3387 ], [ 103.5877, 11.3366 ], [ 103.591, 11.3406 ], [ 103.5926, 11.3363 ], [ 103.5883, 11.3323 ], [ 103.5834, 11.3344 ], [ 103.5802, 11.3323 ], [ 103.5804, 11.3363 ] ] ] } },
{ "type": "Feature", "properties": { "to": "Baren land", "kh": "ដីទំនេរ", "ha": 56360 }, "geometry": { "type": "Polygon", "coordinates": [ [ [ 103.6552, 11.645 ], [ 103.6503, 11.6479 ], [ 103.6425, 11.6471 ], [ 103.6382, 11.6439 ], [ 103.6312, 11.6447 ], [ 103.6317, 11.6412 ], [ 103.6295, 11.6442 ], [ 103.6266, 11.6433 ], [ 103.6268, 11.6455 ], [ 103.6333, 11.6466 ], [ 103.6352, 11.6493 ], [ 103.6406, 11.6504 ], [ 103.6417, 11.6485 ], [ 103.6428, 11.6506 ], [ 103.6517, 11.6517 ], [ 103.6579, 11.6493 ], [ 103.6552, 11.645 ] ] ] } },
{ "type": "Feature", "properties": { "to": "Baren land", "kh": "ដីទំនេរ", "ha": 56360 }, "geometry": { "type": "Polygon", "coordinates": [ [ [ 103.6347, 11.6671 ], [ 103.6382, 11.6714 ], [ 103.6355, 11.6717 ], [ 103.6395, 11.6728 ], [ 103.6384, 11.6687 ], [ 103.6312, 11.6636 ], [ 103.6282, 11.6706 ], [ 103.6303, 11.6687 ], [ 103.6336, 11.6701 ], [ 103.6347, 11.6671 ] ] ] } },
{ "type": "Feature", "properties": { "to": "Baren land", "kh": "ដីទំនេរ", "ha": 56360 }, "geometry": { "type": "Polygon", "coordinates": [ [ [ 103.6282, 11.6806 ], [ 103.6258, 11.6787 ], [ 103.6287, 11.6814 ], [ 103.6349, 11.679 ], [ 103.6368, 11.6808 ], [ 103.6387, 11.6757 ], [ 103.6301, 11.6725 ], [ 103.6346, 11.678 ], [ 103.6282, 11.6806 ] ] ] } },
{ "type": "Feature", "properties": { "to": "Baren land", "kh": "ដីទំនេរ", "ha": 56360 }, "geometry": { "type": "Polygon", "coordinates": [ [ [ 103.6155, 11.6881 ], [ 103.6128, 11.6903 ], [ 103.6152, 11.6954 ], [ 103.6185, 11.6951 ], [ 103.6201, 11.6906 ], [ 103.6155, 11.6881 ] ] ] } },
{ "type": "Feature", "properties": { "to": "Baren land", "kh": "ដីទំនេរ", "ha": 56360 }, "geometry": { "type": "Polygon", "coordinates": [ [ [ 103.6021, 11.7087 ], [ 103.6061, 11.7054 ], [ 103.6055, 11.7027 ], [ 103.6083, 11.7024 ], [ 103.6031, 11.7019 ], [ 103.6061, 11.6981 ], [ 103.6026, 11.6954 ], [ 103.6036, 11.6992 ], [ 103.6009, 11.7019 ], [ 103.6039, 11.7054 ], [ 103.5947, 11.7178 ], [ 103.5993, 11.7197 ], [ 103.5993, 11.7227 ], [ 103.5961, 11.7237 ], [ 103.5996, 11.7267 ], [ 103.5996, 11.7235 ], [ 103.6051, 11.7205 ], [ 103.6021, 11.7087 ] ] ] } },
{ "type": "Feature", "properties": { "to": "Baren land", "kh": "ដីទំនេរ", "ha": 56360 }, "geometry": { "type": "Polygon", "coordinates": [ [ [ 103.6174, 11.7154 ], [ 103.6179, 11.7202 ], [ 103.6206, 11.7181 ], [ 103.6177, 11.7154 ], [ 103.622, 11.7135 ], [ 103.6169, 11.713 ], [ 103.6212, 11.7089 ], [ 103.6193, 11.707 ], [ 103.6133, 11.7154 ], [ 103.6174, 11.7154 ] ] ] } },
{ "type": "Feature", "properties": { "to": "Baren land", "kh": "ដីទំនេរ", "ha": 56360 }, "geometry": { "type": "Polygon", "coordinates": [ [ [ 103.6246, 11.7211 ], [ 103.6225, 11.7192 ], [ 103.6244, 11.7194 ], [ 103.6244, 11.7159 ], [ 103.6231, 11.7175 ], [ 103.6209, 11.7157 ], [ 103.622, 11.7186 ], [ 103.6155, 11.724 ], [ 103.6169, 11.7283 ], [ 103.6231, 11.727 ], [ 103.6223, 11.7224 ], [ 103.6246, 11.7211 ] ] ] } },
{ "type": "Feature", "properties": { "to": "Baren land", "kh": "ដីទំនេរ", "ha": 56360 }, "geometry": { "type": "Polygon", "coordinates": [ [ [ 103.6182, 11.9981 ], [ 103.6179, 11.9944 ], [ 103.6231, 11.9954 ], [ 103.6209, 11.9933 ], [ 103.6231, 11.993 ], [ 103.622, 11.9892 ], [ 103.6198, 11.9919 ], [ 103.6179, 11.9892 ], [ 103.6125, 11.9887 ], [ 103.6166, 11.9906 ], [ 103.6139, 11.9935 ], [ 103.6104, 11.9925 ], [ 103.6104, 11.9887 ], [ 103.6198, 11.9873 ], [ 103.6185, 11.9849 ], [ 103.6206, 11.983 ], [ 103.6158, 11.979 ], [ 103.6155, 11.9749 ], [ 103.6134, 11.9768 ], [ 103.6134, 11.9741 ], [ 103.6109, 11.9738 ], [ 103.6112, 11.9763 ], [ 103.6088, 11.973 ], [ 103.6074, 11.9752 ], [ 103.6096, 11.9747 ], [ 103.6107, 11.9779 ], [ 103.6066, 11.9768 ], [ 103.605, 11.9803 ], [ 103.6096, 11.9846 ], [ 103.609, 11.9868 ], [ 103.6069, 11.9844 ], [ 103.608, 11.989 ], [ 103.6023, 11.9892 ], [ 103.6007, 11.9922 ], [ 103.6034, 11.993 ], [ 103.6047, 11.9997 ], [ 103.6093, 11.9973 ], [ 103.6182, 11.9981 ] ] ] } },
{ "type": "Feature", "properties": { "to": "Baren land", "kh": "ដីទំនេរ", "ha": 56360 }, "geometry": { "type": "Polygon", "coordinates": [ [ [ 103.6974, 10.9562 ], [ 103.6938, 10.9605 ], [ 103.6991, 10.9565 ], [ 103.7029, 10.9594 ], [ 103.7018, 10.9546 ], [ 103.7062, 10.9543 ], [ 103.707, 10.9505 ], [ 103.7037, 10.9497 ], [ 103.7037, 10.9537 ], [ 103.7014, 10.9519 ], [ 103.7005, 10.9562 ], [ 103.6974, 10.9562 ] ] ] } },
{ "type": "Feature", "properties": { "to": "Baren land", "kh": "ដីទំនេរ", "ha": 56360 }, "geometry": { "type": "Polygon", "coordinates": [ [ [ 103.7113, 10.976 ], [ 103.717, 10.967 ], [ 103.721, 10.9637 ], [ 103.7153, 10.9637 ], [ 103.7156, 10.9691 ], [ 103.7115, 10.9701 ], [ 103.7082, 10.9753 ], [ 103.7113, 10.976 ] ] ] } },
{ "type": "Feature", "properties": { "to": "Baren land", "kh": "ដីទំនេរ", "ha": 56360 }, "geometry": { "type": "Polygon", "coordinates": [ [ [ 103.6719, 10.9817 ], [ 103.6654, 10.9912 ], [ 103.6687, 10.9945 ], [ 103.6703, 10.9877 ], [ 103.6743, 10.9896 ], [ 103.6821, 10.9821 ], [ 103.6865, 10.974 ], [ 103.6848, 10.971 ], [ 103.6824, 10.9751 ], [ 103.6808, 10.9734 ], [ 103.68, 10.9772 ], [ 103.6778, 10.9743 ], [ 103.6768, 10.978 ], [ 103.675, 10.9772 ], [ 103.6724, 10.9829 ], [ 103.6749, 10.9861 ], [ 103.6711, 10.9837 ], [ 103.6719, 10.9817 ] ] ] } },
{ "type": "Feature", "properties": { "to": "Baren land", "kh": "ដីទំនេរ", "ha": 56360 }, "geometry": { "type": "Polygon", "coordinates": [ [ [ 103.6838, 10.9929 ], [ 103.6743, 10.9904 ], [ 103.6668, 10.9964 ], [ 103.6716, 10.9975 ], [ 103.6757, 10.9942 ], [ 103.6811, 10.9958 ], [ 103.6792, 10.9937 ], [ 103.6838, 10.9929 ] ] ] } },
{ "type": "Feature", "properties": { "to": "Baren land", "kh": "ដីទំនេរ", "ha": 56360 }, "geometry": { "type": "Polygon", "coordinates": [ [ [ 103.6838, 11.0153 ], [ 103.6795, 11.0147 ], [ 103.6805, 11.0123 ], [ 103.6776, 11.0096 ], [ 103.6711, 11.0082 ], [ 103.6746, 11.015 ], [ 103.6838, 11.0153 ] ] ] } },
{ "type": "Feature", "properties": { "to": "Baren land", "kh": "ដីទំនេរ", "ha": 56360 }, "geometry": { "type": "Polygon", "coordinates": [ [ [ 103.7045, 11.0225 ], [ 103.7016, 11.0258 ], [ 103.7005, 11.0244 ], [ 103.7008, 11.0196 ], [ 103.6989, 11.019 ], [ 103.701, 11.0153 ], [ 103.6932, 11.0174 ], [ 103.7005, 11.0304 ], [ 103.7048, 11.0275 ], [ 103.7045, 11.0225 ] ] ] } },
{ "type": "Feature", "properties": { "to": "Baren land", "kh": "ដីទំនេរ", "ha": 56360 }, "geometry": { "type": "Polygon", "coordinates": [ [ [ 103.7126, 11.0269 ], [ 103.7067, 11.0198 ], [ 103.7054, 11.0277 ], [ 103.711, 11.0306 ], [ 103.7126, 11.0269 ] ] ] } },
{ "type": "Feature", "properties": { "to": "Baren land", "kh": "ដីទំនេរ", "ha": 56360 }, "geometry": { "type": "Polygon", "coordinates": [ [ [ 103.7002, 11.0366 ], [ 103.6948, 11.0379 ], [ 103.6959, 11.0339 ], [ 103.6938, 11.0314 ], [ 103.6892, 11.0314 ], [ 103.6921, 11.0336 ], [ 103.6897, 11.0355 ], [ 103.694, 11.0366 ], [ 103.6946, 11.0431 ], [ 103.6956, 11.0395 ], [ 103.6986, 11.0412 ], [ 103.6973, 11.0379 ], [ 103.7, 11.0395 ], [ 103.7002, 11.0366 ] ] ] } },
{ "type": "Feature", "properties": { "to": "Baren land", "kh": "ដីទំនេរ", "ha": 56360 }, "geometry": { "type": "Polygon", "coordinates": [ [ [ 103.7097, 11.0314 ], [ 103.7054, 11.0282 ], [ 103.7024, 11.0323 ], [ 103.7054, 11.0317 ], [ 103.7059, 11.0347 ], [ 103.7037, 11.0331 ], [ 103.7008, 11.0371 ], [ 103.7094, 11.0355 ], [ 103.7075, 11.0395 ], [ 103.7121, 11.042 ], [ 103.7143, 11.0395 ], [ 103.7159, 11.0471 ], [ 103.7188, 11.0452 ], [ 103.7175, 11.0489 ], [ 103.7205, 11.0479 ], [ 103.7221, 11.0505 ], [ 103.7226, 11.0471 ], [ 103.714, 11.039 ], [ 103.7124, 11.0341 ], [ 103.7148, 11.0355 ], [ 103.7126, 11.0336 ], [ 103.7107, 11.0341 ], [ 103.7151, 11.0314 ], [ 103.7097, 11.0314 ] ] ] } },
{ "type": "Feature", "properties": { "to": "Baren land", "kh": "ដីទំនេរ", "ha": 56360 }, "geometry": { "type": "Polygon", "coordinates": [ [ [ 103.6819, 11.0482 ], [ 103.6885, 11.046 ], [ 103.6843, 11.0447 ], [ 103.684, 11.0404 ], [ 103.6821, 11.0417 ], [ 103.6757, 11.0377 ], [ 103.6759, 11.0428 ], [ 103.6789, 11.0422 ], [ 103.6813, 11.0457 ], [ 103.6746, 11.0503 ], [ 103.6803, 11.0514 ], [ 103.683, 11.0498 ], [ 103.6819, 11.0482 ] ] ] } },
{ "type": "Feature", "properties": { "to": "Baren land", "kh": "ដីទំនេរ", "ha": 56360 }, "geometry": { "type": "Polygon", "coordinates": [ [ [ 103.69, 11.1867 ], [ 103.6889, 11.1904 ], [ 103.6913, 11.1966 ], [ 103.6886, 11.2042 ], [ 103.6929, 11.1995 ], [ 103.6932, 11.1931 ], [ 103.69, 11.189 ], [ 103.6982, 11.1909 ], [ 103.6951, 11.1866 ], [ 103.69, 11.1867 ] ] ] } },
{ "type": "Feature", "properties": { "to": "Baren land", "kh": "ដីទំនេរ", "ha": 56360 }, "geometry": { "type": "MultiPolygon", "coordinates": [ [ [ [ 103.704, 11.2025 ], [ 103.7045, 11.2028 ], [ 103.7051, 11.2012 ], [ 103.7064, 11.202 ], [ 103.7062, 11.199 ], [ 103.7083, 11.1987 ], [ 103.7008, 11.1971 ], [ 103.7002, 11.1955 ], [ 103.7024, 11.196 ], [ 103.6997, 11.1944 ], [ 103.6981, 11.199 ], [ 103.7008, 11.2017 ], [ 103.6967, 11.1995 ], [ 103.6959, 11.203 ], [ 103.7032, 11.2084 ], [ 103.7021, 11.2038 ], [ 103.704, 11.2025 ] ] ], [ [ [ 103.707, 11.2071 ], [ 103.7067, 11.2028 ], [ 103.7046, 11.2028 ], [ 103.7062, 11.2036 ], [ 103.7062, 11.2087 ], [ 103.7091, 11.2074 ], [ 103.707, 11.2071 ] ] ] ] } },
{ "type": "Feature", "properties": { "to": "Baren land", "kh": "ដីទំនេរ", "ha": 56360 }, "geometry": { "type": "Polygon", "coordinates": [ [ [ 103.6954, 11.2233 ], [ 103.7, 11.2235 ], [ 103.6962, 11.223 ], [ 103.6973, 11.2146 ], [ 103.7056, 11.2149 ], [ 103.697, 11.2184 ], [ 103.7021, 11.2217 ], [ 103.6994, 11.219 ], [ 103.7045, 11.2203 ], [ 103.7059, 11.2179 ], [ 103.7099, 11.2227 ], [ 103.7089, 11.2176 ], [ 103.7113, 11.2168 ], [ 103.7178, 11.2214 ], [ 103.7199, 11.213 ], [ 103.7159, 11.2125 ], [ 103.7167, 11.2138 ], [ 103.7143, 11.2152 ], [ 103.7145, 11.2133 ], [ 103.7126, 11.2173 ], [ 103.7078, 11.2109 ], [ 103.6983, 11.2106 ], [ 103.6916, 11.2181 ], [ 103.6954, 11.2233 ] ] ] } },
{ "type": "Feature", "properties": { "to": "Baren land", "kh": "ដីទំនេរ", "ha": 56360 }, "geometry": { "type": "Polygon", "coordinates": [ [ [ 103.6843, 11.2314 ], [ 103.6848, 11.2338 ], [ 103.6865, 11.2311 ], [ 103.69, 11.2322 ], [ 103.6902, 11.2289 ], [ 103.6927, 11.2292 ], [ 103.6905, 11.2252 ], [ 103.6862, 11.2254 ], [ 103.6867, 11.2281 ], [ 103.69, 11.2289 ], [ 103.6878, 11.2308 ], [ 103.6832, 11.2292 ], [ 103.6792, 11.2338 ], [ 103.6757, 11.2308 ], [ 103.6781, 11.2344 ], [ 103.6843, 11.2314 ] ] ] } },
{ "type": "Feature", "properties": { "to": "Baren land", "kh": "ដីទំនេរ", "ha": 56360 }, "geometry": { "type": "Polygon", "coordinates": [ [ [ 103.6665, 11.2446 ], [ 103.6679, 11.2392 ], [ 103.6625, 11.2397 ], [ 103.6638, 11.2351 ], [ 103.6595, 11.2405 ], [ 103.6608, 11.2368 ], [ 103.6592, 11.236 ], [ 103.6576, 11.2408 ], [ 103.6638, 11.2408 ], [ 103.6652, 11.2454 ], [ 103.6703, 11.2435 ], [ 103.6711, 11.2478 ], [ 103.6751, 11.2489 ], [ 103.6805, 11.2465 ], [ 103.6727, 11.2467 ], [ 103.6714, 11.2418 ], [ 103.6665, 11.2446 ] ] ] } },
{ "type": "Feature", "properties": { "to": "Baren land", "kh": "ដីទំនេរ", "ha": 56360 }, "geometry": { "type": "Polygon", "coordinates": [ [ [ 103.6797, 11.2431 ], [ 103.6865, 11.2484 ], [ 103.6865, 11.2459 ], [ 103.6889, 11.2465 ], [ 103.6897, 11.2505 ], [ 103.6932, 11.2516 ], [ 103.6851, 11.2408 ], [ 103.6797, 11.2431 ] ] ] } },
{ "type": "Feature", "properties": { "to": "Baren land", "kh": "ដីទំនេរ", "ha": 56360 }, "geometry": { "type": "Polygon", "coordinates": [ [ [ 103.7229, 11.2624 ], [ 103.7037, 11.2559 ], [ 103.7067, 11.2575 ], [ 103.7062, 11.2602 ], [ 103.725, 11.2643 ], [ 103.721, 11.2565 ], [ 103.7229, 11.2624 ] ] ] } },
{ "type": "Feature", "properties": { "to": "Baren land", "kh": "ដីទំនេរ", "ha": 56360 }, "geometry": { "type": "Polygon", "coordinates": [ [ [ 103.7056, 11.3196 ], [ 103.7118, 11.3253 ], [ 103.7118, 11.3185 ], [ 103.7199, 11.3207 ], [ 103.7199, 11.3164 ], [ 103.7121, 11.3134 ], [ 103.7134, 11.3169 ], [ 103.7105, 11.3155 ], [ 103.7086, 11.3204 ], [ 103.7056, 11.3196 ] ] ] } },
{ "type": "Feature", "properties": { "to": "Baren land", "kh": "ដីទំនេរ", "ha": 56360 }, "geometry": { "type": "Polygon", "coordinates": [ [ [ 103.7163, 11.3667 ], [ 103.7221, 11.3673 ], [ 103.7225, 11.3717 ], [ 103.7226, 11.3684 ], [ 103.721, 11.3627 ], [ 103.717, 11.3625 ], [ 103.7159, 11.3593 ], [ 103.7116, 11.3603 ], [ 103.7118, 11.366 ], [ 103.7113, 11.3633 ], [ 103.7072, 11.3633 ], [ 103.7121, 11.3673 ], [ 103.717, 11.3646 ], [ 103.7163, 11.3667 ] ] ] } },
{ "type": "Feature", "properties": { "to": "Baren land", "kh": "ដីទំនេរ", "ha": 56360 }, "geometry": { "type": "Polygon", "coordinates": [ [ [ 103.7091, 11.3782 ], [ 103.7132, 11.3822 ], [ 103.7178, 11.38 ], [ 103.718, 11.3833 ], [ 103.724, 11.3812 ], [ 103.7216, 11.3787 ], [ 103.7126, 11.3789 ], [ 103.7153, 11.3762 ], [ 103.712, 11.3735 ], [ 103.7102, 11.3762 ], [ 103.7121, 11.3765 ], [ 103.7091, 11.3782 ] ] ] } },
{ "type": "Feature", "properties": { "to": "Baren land", "kh": "ដីទំនេរ", "ha": 56360 }, "geometry": { "type": "Polygon", "coordinates": [ [ [ 103.6954, 11.4664 ], [ 103.7081, 11.455 ], [ 103.7116, 11.4556 ], [ 103.7102, 11.4529 ], [ 103.7035, 11.4548 ], [ 103.7, 11.4588 ], [ 103.6975, 11.4566 ], [ 103.6946, 11.4566 ], [ 103.6967, 11.4572 ], [ 103.6946, 11.4593 ], [ 103.6975, 11.4583 ], [ 103.6967, 11.461 ], [ 103.6983, 11.4588 ], [ 103.7, 11.461 ], [ 103.6916, 11.4612 ], [ 103.6951, 11.4639 ], [ 103.6913, 11.4645 ], [ 103.6954, 11.4664 ] ] ] } },
{ "type": "Feature", "properties": { "to": "Baren land", "kh": "ដីទំនេរ", "ha": 56360 }, "geometry": { "type": "Polygon", "coordinates": [ [ [ 103.6884, 11.4901 ], [ 103.6741, 11.4847 ], [ 103.6687, 11.4753 ], [ 103.6665, 11.4761 ], [ 103.6687, 11.479 ], [ 103.6649, 11.4782 ], [ 103.6646, 11.4844 ], [ 103.667, 11.4812 ], [ 103.67, 11.4828 ], [ 103.6714, 11.4807 ], [ 103.6735, 11.4863 ], [ 103.68, 11.4877 ], [ 103.683, 11.4912 ], [ 103.6797, 11.4923 ], [ 103.687, 11.4917 ], [ 103.6865, 11.4952 ], [ 103.6989, 11.4877 ], [ 103.7024, 11.492 ], [ 103.6978, 11.4923 ], [ 103.6981, 11.4944 ], [ 103.7054, 11.4909 ], [ 103.7107, 11.4936 ], [ 103.7076, 11.4979 ], [ 103.7116, 11.4971 ], [ 103.7102, 11.4944 ], [ 103.7148, 11.4939 ], [ 103.7207, 11.4974 ], [ 103.7264, 11.4933 ], [ 103.7234, 11.4906 ], [ 103.7286, 11.4896 ], [ 103.7288, 11.4858 ], [ 103.7326, 11.4861 ], [ 103.7299, 11.4882 ], [ 103.7299, 11.4917 ], [ 103.7366, 11.4852 ], [ 103.7345, 11.4842 ], [ 103.7348, 11.4782 ], [ 103.7399, 11.4747 ], [ 103.7426, 11.478 ], [ 103.7423, 11.4823 ], [ 103.7402, 11.4823 ], [ 103.7434, 11.4855 ], [ 103.7447, 11.4823 ], [ 103.7456, 11.485 ], [ 103.7393, 11.4888 ], [ 103.7364, 11.4923 ], [ 103.7356, 11.4956 ], [ 103.7399, 11.4933 ], [ 103.7402, 11.4904 ], [ 103.7431, 11.4939 ], [ 103.7415, 11.4898 ], [ 103.7453, 11.4888 ], [ 103.7512, 11.5014 ], [ 103.7488, 11.5031 ], [ 103.7464, 11.5122 ], [ 103.7437, 11.5117 ], [ 103.745, 11.516 ], [ 103.7412, 11.512 ], [ 103.7418, 11.5209 ], [ 103.7445, 11.5219 ], [ 103.7447, 11.5195 ], [ 103.7472, 11.5236 ], [ 103.7547, 11.5246 ], [ 103.752, 11.5206 ], [ 103.7485, 11.5217 ], [ 103.7458, 11.5168 ], [ 103.748, 11.5079 ], [ 103.7526, 11.5028 ], [ 103.7555, 11.5044 ], [ 103.7472, 11.4877 ], [ 103.7531, 11.4871 ], [ 103.7558, 11.4844 ], [ 103.7493, 11.4855 ], [ 103.7464, 11.4799 ], [ 103.7431, 11.4788 ], [ 103.745, 11.4734 ], [ 103.742, 11.4707 ], [ 103.7396, 11.4701 ], [ 103.7377, 11.4736 ], [ 103.7358, 11.4723 ], [ 103.7329, 11.4772 ], [ 103.7307, 11.4731 ], [ 103.7329, 11.4696 ], [ 103.7304, 11.4699 ], [ 103.7304, 11.4763 ], [ 103.7245, 11.4788 ], [ 103.7267, 11.4793 ], [ 103.7248, 11.4831 ], [ 103.7272, 11.4831 ], [ 103.7221, 11.4852 ], [ 103.7237, 11.4812 ], [ 103.7191, 11.4817 ], [ 103.7202, 11.4866 ], [ 103.7143, 11.4923 ], [ 103.7126, 11.4898 ], [ 103.7156, 11.4885 ], [ 103.7129, 11.4863 ], [ 103.7075, 11.4893 ], [ 103.6981, 11.485 ], [ 103.6929, 11.4901 ], [ 103.6884, 11.4901 ] ] ] } },
{ "type": "Feature", "properties": { "to": "Baren land", "kh": "ដីទំនេរ", "ha": 56360 }, "geometry": { "type": "Polygon", "coordinates": [ [ [ 103.6913, 11.5268 ], [ 103.6956, 11.5279 ], [ 103.694, 11.5238 ], [ 103.6981, 11.5182 ], [ 103.6932, 11.5184 ], [ 103.6913, 11.5268 ] ] ] } },
{ "type": "Feature", "properties": { "to": "Baren land", "kh": "ដីទំនេរ", "ha": 56360 }, "geometry": { "type": "Polygon", "coordinates": [ [ [ 103.7107, 11.5451 ], [ 103.7072, 11.5433 ], [ 103.7089, 11.54 ], [ 103.7054, 11.5427 ], [ 103.7059, 11.5392 ], [ 103.7072, 11.5379 ], [ 103.7078, 11.5406 ], [ 103.7086, 11.5384 ], [ 103.7078, 11.5317 ], [ 103.7056, 11.5314 ], [ 103.7043, 11.5433 ], [ 103.7113, 11.5481 ], [ 103.7134, 11.5462 ], [ 103.7126, 11.5389 ], [ 103.7118, 11.5441 ], [ 103.7107, 11.5422 ], [ 103.7094, 11.5419 ], [ 103.7107, 11.5451 ] ] ] } },
{ "type": "Feature", "properties": { "to": "Baren land", "kh": "ដីទំនេរ", "ha": 56360 }, "geometry": { "type": "Polygon", "coordinates": [ [ [ 103.6681, 11.9077 ], [ 103.6703, 11.8997 ], [ 103.6738, 11.8961 ], [ 103.6638, 11.898 ], [ 103.6646, 11.904 ], [ 103.6608, 11.9053 ], [ 103.6676, 11.9137 ], [ 103.6703, 11.9123 ], [ 103.6681, 11.9077 ] ] ] } },
{ "type": "Feature", "properties": { "to": "Baren land", "kh": "ដីទំនេរ", "ha": 56360 }, "geometry": { "type": "Polygon", "coordinates": [ [ [ 103.6873, 11.9293 ], [ 103.6792, 11.935 ], [ 103.6808, 11.9374 ], [ 103.6865, 11.9382 ], [ 103.6873, 11.9293 ] ] ] } },
{ "type": "Feature", "properties": { "to": "Baren land", "kh": "ដីទំនេរ", "ha": 56360 }, "geometry": { "type": "Polygon", "coordinates": [ [ [ 103.701, 11.938 ], [ 103.6964, 11.9388 ], [ 103.6964, 11.9363 ], [ 103.6919, 11.9358 ], [ 103.6924, 11.938 ], [ 103.6889, 11.9377 ], [ 103.6902, 11.9439 ], [ 103.6948, 11.9447 ], [ 103.6949, 11.941 ], [ 103.701, 11.938 ] ] ] } },
{ "type": "Feature", "properties": { "to": "Baren land", "kh": "ដីទំនេរ", "ha": 56360 }, "geometry": { "type": "Polygon", "coordinates": [ [ [ 103.7153, 11.0314 ], [ 103.7178, 11.0333 ], [ 103.7232, 11.032 ], [ 103.7232, 11.0293 ], [ 103.7253, 11.0293 ], [ 103.7234, 11.0285 ], [ 103.7267, 11.0285 ], [ 103.7232, 11.0231 ], [ 103.7153, 11.0314 ] ] ] } },
{ "type": "Feature", "properties": { "to": "Baren land", "kh": "ដីទំនេរ", "ha": 56360 }, "geometry": { "type": "Polygon", "coordinates": [ [ [ 103.7458, 11.0309 ], [ 103.7429, 11.0241 ], [ 103.7383, 11.0236 ], [ 103.7383, 11.0282 ], [ 103.7404, 11.0279 ], [ 103.7429, 11.0344 ], [ 103.7458, 11.0309 ] ] ] } },
{ "type": "Feature", "properties": { "to": "Baren land", "kh": "ដីទំនេរ", "ha": 56360 }, "geometry": { "type": "Polygon", "coordinates": [ [ [ 103.7679, 11.0331 ], [ 103.7639, 11.036 ], [ 103.758, 11.0344 ], [ 103.7582, 11.0422 ], [ 103.7542, 11.0466 ], [ 103.7569, 11.0468 ], [ 103.7542, 11.0493 ], [ 103.7569, 11.0487 ], [ 103.7577, 11.0533 ], [ 103.7607, 11.0522 ], [ 103.7569, 11.0466 ], [ 103.758, 11.0433 ], [ 103.7634, 11.0468 ], [ 103.7658, 11.0447 ], [ 103.7617, 11.0444 ], [ 103.7607, 11.039 ], [ 103.7639, 11.0439 ], [ 103.7666, 11.0433 ], [ 103.7696, 11.053 ], [ 103.7736, 11.0511 ], [ 103.7717, 11.0487 ], [ 103.769, 11.0509 ], [ 103.7693, 11.0474 ], [ 103.772, 11.0468 ], [ 103.7682, 11.0374 ], [ 103.7731, 11.0304 ], [ 103.7644, 11.0313 ], [ 103.7679, 11.0331 ] ] ] } },
{ "type": "Feature", "properties": { "to": "Baren land", "kh": "ដីទំនេរ", "ha": 56360 }, "geometry": { "type": "Polygon", "coordinates": [ [ [ 103.7481, 11.0417 ], [ 103.7445, 11.042 ], [ 103.7439, 11.0379 ], [ 103.7475, 11.0374 ], [ 103.7458, 11.0359 ], [ 103.7396, 11.0382 ], [ 103.7377, 11.0352 ], [ 103.735, 11.0414 ], [ 103.7385, 11.042 ], [ 103.7388, 11.0487 ], [ 103.7364, 11.0484 ], [ 103.7358, 11.0517 ], [ 103.7429, 11.0503 ], [ 103.7445, 11.0525 ], [ 103.7474, 11.0433 ], [ 103.7453, 11.0433 ], [ 103.7481, 11.0417 ] ] ] } },
{ "type": "Feature", "properties": { "to": "Baren land", "kh": "ដីទំនេរ", "ha": 56360 }, "geometry": { "type": "Polygon", "coordinates": [ [ [ 103.7245, 11.0573 ], [ 103.7272, 11.0555 ], [ 103.7212, 11.0502 ], [ 103.7188, 11.0509 ], [ 103.7226, 11.0595 ], [ 103.7326, 11.0614 ], [ 103.7305, 11.0584 ], [ 103.7245, 11.0573 ] ] ] } },
{ "type": "Feature", "properties": { "to": "Baren land", "kh": "ដីទំនេរ", "ha": 56360 }, "geometry": { "type": "Polygon", "coordinates": [ [ [ 103.7536, 11.1741 ], [ 103.7674, 11.1588 ], [ 103.7674, 11.1564 ], [ 103.7585, 11.1645 ], [ 103.7558, 11.1707 ], [ 103.7523, 11.1715 ], [ 103.7536, 11.1741 ] ] ] } },
{ "type": "Feature", "properties": { "to": "Baren land", "kh": "ដីទំនេរ", "ha": 56360 }, "geometry": { "type": "Polygon", "coordinates": [ [ [ 103.7453, 11.1704 ], [ 103.7469, 11.1639 ], [ 103.7456, 11.1636 ], [ 103.748, 11.1631 ], [ 103.7453, 11.1623 ], [ 103.7429, 11.1696 ], [ 103.7461, 11.1769 ], [ 103.7496, 11.1712 ], [ 103.7453, 11.1704 ] ] ] } },
{ "type": "Feature", "properties": { "to": "Baren land", "kh": "ដីទំនេរ", "ha": 56360 }, "geometry": { "type": "Polygon", "coordinates": [ [ [ 103.7652, 11.1734 ], [ 103.7566, 11.1726 ], [ 103.7569, 11.1761 ], [ 103.7593, 11.1755 ], [ 103.7582, 11.1777 ], [ 103.7623, 11.1761 ], [ 103.7577, 11.1809 ], [ 103.7628, 11.1788 ], [ 103.7652, 11.1734 ] ] ] } },
{ "type": "Feature", "properties": { "to": "Baren land", "kh": "ដីទំនេរ", "ha": 56360 }, "geometry": { "type": "Polygon", "coordinates": [ [ [ 103.7588, 11.2284 ], [ 103.7509, 11.2252 ], [ 103.7555, 11.2241 ], [ 103.7526, 11.2214 ], [ 103.7563, 11.2195 ], [ 103.752, 11.2109 ], [ 103.7566, 11.2133 ], [ 103.7615, 11.2103 ], [ 103.7572, 11.2084 ], [ 103.7593, 11.2063 ], [ 103.7577, 11.2033 ], [ 103.7547, 11.2065 ], [ 103.7558, 11.1996 ], [ 103.7528, 11.1993 ], [ 103.7482, 11.2271 ], [ 103.7499, 11.2292 ], [ 103.7534, 11.2271 ], [ 103.7561, 11.23 ], [ 103.7607, 11.2292 ], [ 103.7593, 11.226 ], [ 103.7572, 11.2265 ], [ 103.7588, 11.2284 ] ] ] } },
{ "type": "Feature", "properties": { "to": "Baren land", "kh": "ដីទំនេរ", "ha": 56360 }, "geometry": { "type": "Polygon", "coordinates": [ [ [ 103.7337, 11.2133 ], [ 103.742, 11.2206 ], [ 103.7434, 11.2152 ], [ 103.7412, 11.2119 ], [ 103.7434, 11.213 ], [ 103.7456, 11.2103 ], [ 103.7439, 11.2136 ], [ 103.7466, 11.2125 ], [ 103.7458, 11.2098 ], [ 103.7361, 11.2106 ], [ 103.7364, 11.2133 ], [ 103.7337, 11.2133 ] ] ] } },
{ "type": "Feature", "properties": { "to": "Baren land", "kh": "ដីទំនេរ", "ha": 56360 }, "geometry": { "type": "Polygon", "coordinates": [ [ [ 103.7477, 11.2392 ], [ 103.7429, 11.2333 ], [ 103.7466, 11.2287 ], [ 103.7491, 11.2324 ], [ 103.7477, 11.2365 ], [ 103.7501, 11.2368 ], [ 103.7495, 11.2308 ], [ 103.7472, 11.2281 ], [ 103.7472, 11.2173 ], [ 103.7493, 11.2155 ], [ 103.7458, 11.2146 ], [ 103.7434, 11.2173 ], [ 103.7464, 11.2179 ], [ 103.7469, 11.2217 ], [ 103.7439, 11.2233 ], [ 103.7464, 11.2265 ], [ 103.742, 11.2284 ], [ 103.7429, 11.2324 ], [ 103.7388, 11.2292 ], [ 103.7337, 11.2324 ], [ 103.7388, 11.2319 ], [ 103.7431, 11.2357 ], [ 103.7431, 11.2378 ], [ 103.7356, 11.2389 ], [ 103.7399, 11.2392 ], [ 103.7383, 11.2438 ], [ 103.741, 11.2403 ], [ 103.7423, 11.2431 ], [ 103.7477, 11.2392 ] ] ] } },
{ "type": "Feature", "properties": { "to": "Baren land", "kh": "ដីទំនេរ", "ha": 56360 }, "geometry": { "type": "Polygon", "coordinates": [ [ [ 103.7596, 11.2314 ], [ 103.7577, 11.2392 ], [ 103.7655, 11.2397 ], [ 103.7658, 11.2327 ], [ 103.7596, 11.2314 ] ] ] } },
{ "type": "Feature", "properties": { "to": "Baren land", "kh": "ដីទំនេរ", "ha": 56360 }, "geometry": { "type": "Polygon", "coordinates": [ [ [ 103.7566, 11.244 ], [ 103.7558, 11.2521 ], [ 103.7585, 11.2538 ], [ 103.7563, 11.2479 ], [ 103.7571, 11.2468 ], [ 103.7593, 11.2473 ], [ 103.7574, 11.247 ], [ 103.7593, 11.2527 ], [ 103.761, 11.2487 ], [ 103.7647, 11.2583 ], [ 103.7674, 11.2567 ], [ 103.7688, 11.259 ], [ 103.7696, 11.2539 ], [ 103.7623, 11.2505 ], [ 103.7625, 11.2457 ], [ 103.758, 11.2467 ], [ 103.7604, 11.2457 ], [ 103.7602, 11.2424 ], [ 103.7539, 11.243 ], [ 103.7577, 11.2365 ], [ 103.7547, 11.234 ], [ 103.752, 11.237 ], [ 103.7528, 11.2408 ], [ 103.7493, 11.2376 ], [ 103.7516, 11.2489 ], [ 103.7566, 11.244 ] ] ] } },
{ "type": "Feature", "properties": { "to": "Baren land", "kh": "ដីទំនេរ", "ha": 56360 }, "geometry": { "type": "Polygon", "coordinates": [ [ [ 103.7307, 11.2505 ], [ 103.7353, 11.2513 ], [ 103.7396, 11.2443 ], [ 103.735, 11.2446 ], [ 103.7348, 11.2486 ], [ 103.7318, 11.2454 ], [ 103.7243, 11.2446 ], [ 103.7277, 11.2478 ], [ 103.7304, 11.2467 ], [ 103.7307, 11.2505 ] ] ] } },
{ "type": "Feature", "properties": { "to": "Baren land", "kh": "ដីទំនេរ", "ha": 56360 }, "geometry": { "type": "Polygon", "coordinates": [ [ [ 103.7472, 11.2691 ], [ 103.7453, 11.2751 ], [ 103.7501, 11.2775 ], [ 103.7509, 11.2667 ], [ 103.7472, 11.2691 ] ] ] } },
{ "type": "Feature", "properties": { "to": "Baren land", "kh": "ដីទំនេរ", "ha": 56360 }, "geometry": { "type": "Polygon", "coordinates": [ [ [ 103.7652, 11.2972 ], [ 103.762, 11.2929 ], [ 103.7644, 11.2921 ], [ 103.7628, 11.2899 ], [ 103.7647, 11.288 ], [ 103.762, 11.2878 ], [ 103.762, 11.2845 ], [ 103.7607, 11.2932 ], [ 103.7569, 11.2958 ], [ 103.7623, 11.2977 ], [ 103.7599, 11.3023 ], [ 103.7671, 11.3045 ], [ 103.7671, 11.2999 ], [ 103.7639, 11.3018 ], [ 103.7652, 11.2972 ] ] ] } },
{ "type": "Feature", "properties": { "to": "Baren land", "kh": "ដីទំនេរ", "ha": 56360 }, "geometry": { "type": "Polygon", "coordinates": [ [ [ 103.7496, 11.3269 ], [ 103.752, 11.3226 ], [ 103.7477, 11.3231 ], [ 103.7469, 11.3209 ], [ 103.7482, 11.3177 ], [ 103.7515, 11.3201 ], [ 103.7515, 11.3173 ], [ 103.7445, 11.3153 ], [ 103.7482, 11.3274 ], [ 103.7426, 11.3301 ], [ 103.7404, 11.3282 ], [ 103.743, 11.3254 ], [ 103.7407, 11.3254 ], [ 103.7383, 11.3323 ], [ 103.7429, 11.3317 ], [ 103.7412, 11.3336 ], [ 103.7429, 11.3352 ], [ 103.7461, 11.3323 ], [ 103.7447, 11.3301 ], [ 103.7496, 11.3269 ] ] ] } },
{ "type": "Feature", "properties": { "to": "Baren land", "kh": "ដីទំនេរ", "ha": 56360 }, "geometry": { "type": "Polygon", "coordinates": [ [ [ 103.7499, 11.3288 ], [ 103.7555, 11.3301 ], [ 103.7558, 11.332 ], [ 103.7472, 11.3323 ], [ 103.7472, 11.3342 ], [ 103.7493, 11.3331 ], [ 103.7531, 11.3374 ], [ 103.7585, 11.3307 ], [ 103.7534, 11.3277 ], [ 103.7569, 11.3242 ], [ 103.7526, 11.325 ], [ 103.7531, 11.3274 ], [ 103.7499, 11.3288 ] ] ] } },
{ "type": "Feature", "properties": { "to": "Baren land", "kh": "ដីទំនេរ", "ha": 56360 }, "geometry": { "type": "Polygon", "coordinates": [ [ [ 103.7264, 11.3447 ], [ 103.7321, 11.3533 ], [ 103.7345, 11.3506 ], [ 103.7364, 11.3571 ], [ 103.738, 11.3533 ], [ 103.7356, 11.3528 ], [ 103.7358, 11.3487 ], [ 103.7302, 11.3487 ], [ 103.7291, 11.3423 ], [ 103.7264, 11.3447 ] ] ] } },
{ "type": "Feature", "properties": { "to": "Baren land", "kh": "ដីទំនេរ", "ha": 56360 }, "geometry": { "type": "Polygon", "coordinates": [ [ [ 103.7402, 11.3714 ], [ 103.7342, 11.3657 ], [ 103.7402, 11.3671 ], [ 103.7372, 11.3614 ], [ 103.7399, 11.3649 ], [ 103.7445, 11.3641 ], [ 103.7372, 11.3601 ], [ 103.7342, 11.3625 ], [ 103.7307, 11.3555 ], [ 103.7337, 11.3555 ], [ 103.7331, 11.3539 ], [ 103.7275, 11.3574 ], [ 103.728, 11.3633 ], [ 103.7214, 11.3622 ], [ 103.7222, 11.3657 ], [ 103.7232, 11.3638 ], [ 103.7261, 11.3676 ], [ 103.7326, 11.3649 ], [ 103.7353, 11.3711 ], [ 103.7402, 11.3714 ] ] ] } },
{ "type": "Feature", "properties": { "to": "Baren land", "kh": "ដីទំនេរ", "ha": 56360 }, "geometry": { "type": "Polygon", "coordinates": [ [ [ 103.7256, 11.4542 ], [ 103.7256, 11.461 ], [ 103.7272, 11.4626 ], [ 103.7223, 11.4631 ], [ 103.7237, 11.4642 ], [ 103.7215, 11.4672 ], [ 103.7199, 11.4656 ], [ 103.7205, 11.4685 ], [ 103.7237, 11.4696 ], [ 103.7253, 11.4666 ], [ 103.7296, 11.4661 ], [ 103.7323, 11.4688 ], [ 103.7313, 11.4656 ], [ 103.7269, 11.465 ], [ 103.7283, 11.4604 ], [ 103.7264, 11.4591 ], [ 103.7291, 11.4596 ], [ 103.7288, 11.4561 ], [ 103.7256, 11.4542 ] ] ] } },
{ "type": "Feature", "properties": { "to": "Baren land", "kh": "ដីទំនេរ", "ha": 56360 }, "geometry": { "type": "Polygon", "coordinates": [ [ [ 103.765, 11.5524 ], [ 103.7596, 11.5505 ], [ 103.7609, 11.5484 ], [ 103.7585, 11.5468 ], [ 103.7593, 11.5551 ], [ 103.7545, 11.5565 ], [ 103.7666, 11.5576 ], [ 103.765, 11.5524 ] ] ] } },
{ "type": "Feature", "properties": { "to": "Baren land", "kh": "ដីទំនេរ", "ha": 56360 }, "geometry": { "type": "Polygon", "coordinates": [ [ [ 103.7665, 11.567 ], [ 103.7631, 11.567 ], [ 103.7652, 11.5638 ], [ 103.7604, 11.56 ], [ 103.7558, 11.5611 ], [ 103.7609, 11.5656 ], [ 103.7607, 11.5692 ], [ 103.7665, 11.567 ] ] ] } },
{ "type": "Feature", "properties": { "to": "Baren land", "kh": "ដីទំនេរ", "ha": 56360 }, "geometry": { "type": "Polygon", "coordinates": [ [ [ 103.7399, 11.693 ], [ 103.7456, 11.6946 ], [ 103.7445, 11.696 ], [ 103.7485, 11.6984 ], [ 103.7596, 11.7003 ], [ 103.7612, 11.6984 ], [ 103.755, 11.6938 ], [ 103.7566, 11.6911 ], [ 103.7547, 11.6873 ], [ 103.7534, 11.6914 ], [ 103.7399, 11.693 ] ] ] } },
{ "type": "Feature", "properties": { "to": "Baren land", "kh": "ដីទំនេរ", "ha": 56360 }, "geometry": { "type": "Polygon", "coordinates": [ [ [ 103.7512, 11.7089 ], [ 103.762, 11.7094 ], [ 103.7593, 11.7078 ], [ 103.7631, 11.7081 ], [ 103.7639, 11.7049 ], [ 103.7601, 11.7062 ], [ 103.7585, 11.7022 ], [ 103.7555, 11.7049 ], [ 103.7528, 11.7024 ], [ 103.7542, 11.7062 ], [ 103.752, 11.7057 ], [ 103.7512, 11.7089 ] ] ] } },
{ "type": "Feature", "properties": { "to": "Baren land", "kh": "ដីទំនេរ", "ha": 56360 }, "geometry": { "type": "Polygon", "coordinates": [ [ [ 103.7733, 11.0012 ], [ 103.769, 11.0004 ], [ 103.7698, 10.9972 ], [ 103.7732, 10.9966 ], [ 103.7674, 10.9891 ], [ 103.7731, 10.9891 ], [ 103.7742, 10.9864 ], [ 103.7642, 10.9861 ], [ 103.7663, 10.9929 ], [ 103.7698, 10.9934 ], [ 103.7674, 10.9983 ], [ 103.7702, 11.0042 ], [ 103.7733, 11.0012 ] ] ] } },
{ "type": "Feature", "properties": { "to": "Baren land", "kh": "ដីទំនេរ", "ha": 56360 }, "geometry": { "type": "Polygon", "coordinates": [ [ [ 103.7868, 11.1175 ], [ 103.792, 11.1221 ], [ 103.7879, 11.1251 ], [ 103.7971, 11.1234 ], [ 103.799, 11.1202 ], [ 103.7976, 11.1159 ], [ 103.8025, 11.1118 ], [ 103.8038, 11.1067 ], [ 103.8019, 11.1083 ], [ 103.8001, 11.1062 ], [ 103.8009, 11.1094 ], [ 103.7936, 11.1224 ], [ 103.7901, 11.1165 ], [ 103.7868, 11.1175 ] ] ] } },
{ "type": "Feature", "properties": { "to": "Baren land", "kh": "ដីទំនេរ", "ha": 56360 }, "geometry": { "type": "Polygon", "coordinates": [ [ [ 103.7855, 11.131 ], [ 103.7884, 11.134 ], [ 103.7874, 11.1364 ], [ 103.7914, 11.1377 ], [ 103.789, 11.1391 ], [ 103.7914, 11.1448 ], [ 103.7922, 11.1418 ], [ 103.7963, 11.1429 ], [ 103.7922, 11.1467 ], [ 103.7968, 11.1458 ], [ 103.799, 11.1431 ], [ 103.7982, 11.1294 ], [ 103.7863, 11.1278 ], [ 103.7855, 11.131 ] ] ] } },
{ "type": "Feature", "properties": { "to": "Baren land", "kh": "ដីទំនេរ", "ha": 56360 }, "geometry": { "type": "Polygon", "coordinates": [ [ [ 103.7941, 11.1726 ], [ 103.7987, 11.1723 ], [ 103.8006, 11.1758 ], [ 103.8033, 11.1693 ], [ 103.8019, 11.1653 ], [ 103.8057, 11.1658 ], [ 103.8052, 11.1612 ], [ 103.8003, 11.1599 ], [ 103.8009, 11.1644 ], [ 103.7967, 11.1707 ], [ 103.7933, 11.1678 ], [ 103.7941, 11.1726 ] ] ] } },
{ "type": "Feature", "properties": { "to": "Baren land", "kh": "ដីទំនេរ", "ha": 56360 }, "geometry": { "type": "Polygon", "coordinates": [ [ [ 103.8071, 11.2254 ], [ 103.8092, 11.2246 ], [ 103.8095, 11.2281 ], [ 103.8125, 11.2289 ], [ 103.8125, 11.222 ], [ 103.813, 11.2256 ], [ 103.8148, 11.2269 ], [ 103.8179, 11.2222 ], [ 103.8138, 11.2249 ], [ 103.8135, 11.2198 ], [ 103.8111, 11.2233 ], [ 103.8073, 11.2233 ], [ 103.8042, 11.2184 ], [ 103.8071, 11.2254 ] ] ] } },
{ "type": "Feature", "properties": { "to": "Baren land", "kh": "ដីទំនេរ", "ha": 56360 }, "geometry": { "type": "Polygon", "coordinates": [ [ [ 103.81, 11.2532 ], [ 103.809, 11.2481 ], [ 103.8057, 11.25 ], [ 103.8019, 11.2459 ], [ 103.8003, 11.2494 ], [ 103.8038, 11.2481 ], [ 103.803, 11.2532 ], [ 103.8003, 11.2497 ], [ 103.7976, 11.2508 ], [ 103.796, 11.2465 ], [ 103.7968, 11.2508 ], [ 103.7925, 11.2516 ], [ 103.7906, 11.2503 ], [ 103.7917, 11.2465 ], [ 103.7849, 11.254 ], [ 103.7871, 11.2476 ], [ 103.7852, 11.2503 ], [ 103.7858, 11.247 ], [ 103.7831, 11.2486 ], [ 103.7844, 11.2462 ], [ 103.782, 11.2476 ], [ 103.782, 11.2446 ], [ 103.7801, 11.25 ], [ 103.7825, 11.25 ], [ 103.7831, 11.2554 ], [ 103.7841, 11.2532 ], [ 103.7852, 11.2546 ], [ 103.7879, 11.2516 ], [ 103.7936, 11.2524 ], [ 103.7968, 11.2511 ], [ 103.8033, 11.2554 ], [ 103.806, 11.2535 ], [ 103.8114, 11.2554 ], [ 103.8154, 11.2524 ], [ 103.8187, 11.2549 ], [ 103.8206, 11.2508 ], [ 103.8233, 11.2527 ], [ 103.8228, 11.2565 ], [ 103.8239, 11.2579 ], [ 103.8282, 11.2587 ], [ 103.8277, 11.2604 ], [ 103.8291, 11.259 ], [ 103.8233, 11.2565 ], [ 103.8236, 11.2525 ], [ 103.8206, 11.2503 ], [ 103.8186, 11.2543 ], [ 103.8154, 11.2516 ], [ 103.81, 11.2532 ] ] ] } },
{ "type": "Feature", "properties": { "to": "Baren land", "kh": "ដីទំនេរ", "ha": 56360 }, "geometry": { "type": "Polygon", "coordinates": [ [ [ 103.7909, 11.267 ], [ 103.7847, 11.2678 ], [ 103.7822, 11.2751 ], [ 103.7893, 11.2726 ], [ 103.7909, 11.267 ] ] ] } },
{ "type": "Feature", "properties": { "to": "Baren land", "kh": "ដីទំនេរ", "ha": 56360 }, "geometry": { "type": "Polygon", "coordinates": [ [ [ 103.7785, 11.455 ], [ 103.7852, 11.4496 ], [ 103.7817, 11.4502 ], [ 103.7731, 11.4421 ], [ 103.7685, 11.4415 ], [ 103.7736, 11.4434 ], [ 103.7701, 11.4442 ], [ 103.7758, 11.4469 ], [ 103.7771, 11.4502 ], [ 103.7747, 11.4494 ], [ 103.7766, 11.4518 ], [ 103.7747, 11.4534 ], [ 103.7785, 11.455 ] ] ] } },
{ "type": "Feature", "properties": { "to": "Baren land", "kh": "ដីទំនេរ", "ha": 56360 }, "geometry": { "type": "Polygon", "coordinates": [ [ [ 103.8063, 11.4585 ], [ 103.8076, 11.4558 ], [ 103.8065, 11.4518 ], [ 103.8049, 11.451 ], [ 103.8065, 11.4537 ], [ 103.8019, 11.454 ], [ 103.8003, 11.4607 ], [ 103.8044, 11.4612 ], [ 103.803, 11.4558 ], [ 103.8063, 11.4585 ] ] ] } },
{ "type": "Feature", "properties": { "to": "Baren land", "kh": "ដីទំនេរ", "ha": 56360 }, "geometry": { "type": "Polygon", "coordinates": [ [ [ 103.7844, 11.4626 ], [ 103.7785, 11.4723 ], [ 103.7787, 11.4685 ], [ 103.7742, 11.472 ], [ 103.7782, 11.4728 ], [ 103.7742, 11.4785 ], [ 103.7793, 11.4796 ], [ 103.779, 11.4747 ], [ 103.7812, 11.4739 ], [ 103.7801, 11.4782 ], [ 103.786, 11.4812 ], [ 103.7817, 11.4734 ], [ 103.7787, 11.4745 ], [ 103.7795, 11.4718 ], [ 103.7847, 11.4704 ], [ 103.7844, 11.4626 ] ] ] } },
{ "type": "Feature", "properties": { "to": "Baren land", "kh": "ដីទំនេរ", "ha": 56360 }, "geometry": { "type": "Polygon", "coordinates": [ [ [ 103.7863, 11.513 ], [ 103.7874, 11.5171 ], [ 103.7928, 11.5182 ], [ 103.7955, 11.5157 ], [ 103.7913, 11.5147 ], [ 103.7909, 11.5103 ], [ 103.7863, 11.513 ] ] ] } },
{ "type": "Feature", "properties": { "to": "Baren land", "kh": "ដីទំនេរ", "ha": 56360 }, "geometry": { "type": "Polygon", "coordinates": [ [ [ 103.8081, 11.5279 ], [ 103.8057, 11.523 ], [ 103.8027, 11.5209 ], [ 103.8011, 11.5252 ], [ 103.8036, 11.5244 ], [ 103.8049, 11.5295 ], [ 103.8079, 11.5298 ], [ 103.8063, 11.5322 ], [ 103.8119, 11.533 ], [ 103.8084, 11.5311 ], [ 103.8103, 11.5276 ], [ 103.8081, 11.5279 ] ] ] } },
{ "type": "Feature", "properties": { "to": "Baren land", "kh": "ដីទំនេរ", "ha": 56360 }, "geometry": { "type": "Polygon", "coordinates": [ [ [ 103.7812, 11.5206 ], [ 103.7768, 11.5186 ], [ 103.7755, 11.5241 ], [ 103.7787, 11.5227 ], [ 103.7787, 11.5249 ], [ 103.7755, 11.5252 ], [ 103.7742, 11.5182 ], [ 103.7756, 11.5176 ], [ 103.7736, 11.5163 ], [ 103.7739, 11.5187 ], [ 103.7679, 11.5179 ], [ 103.7685, 11.5201 ], [ 103.7652, 11.5203 ], [ 103.7615, 11.5265 ], [ 103.7555, 11.5254 ], [ 103.7528, 11.5279 ], [ 103.7523, 11.5335 ], [ 103.7596, 11.5284 ], [ 103.7661, 11.5295 ], [ 103.7663, 11.5335 ], [ 103.7612, 11.5365 ], [ 103.7655, 11.5387 ], [ 103.7642, 11.5435 ], [ 103.7693, 11.5427 ], [ 103.7658, 11.5468 ], [ 103.7628, 11.5465 ], [ 103.7644, 11.5489 ], [ 103.7669, 11.5481 ], [ 103.7679, 11.5505 ], [ 103.7701, 11.5478 ], [ 103.7685, 11.5446 ], [ 103.7706, 11.5438 ], [ 103.7717, 11.5368 ], [ 103.7771, 11.5411 ], [ 103.7731, 11.5362 ], [ 103.7758, 11.5349 ], [ 103.7717, 11.5338 ], [ 103.7744, 11.5327 ], [ 103.7744, 11.5311 ], [ 103.776, 11.5325 ], [ 103.776, 11.5298 ], [ 103.7728, 11.5292 ], [ 103.7715, 11.5335 ], [ 103.7677, 11.5319 ], [ 103.7701, 11.5344 ], [ 103.7682, 11.5346 ], [ 103.7666, 11.5325 ], [ 103.7679, 11.5287 ], [ 103.7647, 11.5271 ], [ 103.7661, 11.5249 ], [ 103.7628, 11.5263 ], [ 103.7636, 11.5238 ], [ 103.7679, 11.5225 ], [ 103.7677, 11.5263 ], [ 103.769, 11.5233 ], [ 103.769, 11.5287 ], [ 103.7709, 11.5195 ], [ 103.7742, 11.5206 ], [ 103.7744, 11.5241 ], [ 103.7728, 11.5209 ], [ 103.7715, 11.526 ], [ 103.775, 11.5292 ], [ 103.7739, 11.5263 ], [ 103.7758, 11.5279 ], [ 103.7771, 11.526 ], [ 103.7766, 11.5308 ], [ 103.7809, 11.5325 ], [ 103.7814, 11.54 ], [ 103.7839, 11.54 ], [ 103.7833, 11.5376 ], [ 103.7841, 11.5392 ], [ 103.7868, 11.5368 ], [ 103.7824, 11.5342 ], [ 103.7812, 11.5206 ] ] ] } },
{ "type": "Feature", "properties": { "to": "Baren land", "kh": "ដីទំនេរ", "ha": 56360 }, "geometry": { "type": "Polygon", "coordinates": [ [ [ 103.792, 11.5667 ], [ 103.7914, 11.5497 ], [ 103.8036, 11.5524 ], [ 103.8071, 11.5503 ], [ 103.7976, 11.5503 ], [ 103.7944, 11.5481 ], [ 103.7952, 11.5462 ], [ 103.8027, 11.5457 ], [ 103.7941, 11.5427 ], [ 103.7895, 11.5473 ], [ 103.7914, 11.5549 ], [ 103.7863, 11.5603 ], [ 103.7884, 11.5656 ], [ 103.792, 11.5667 ] ] ] } },
{ "type": "Feature", "properties": { "to": "Baren land", "kh": "ដីទំនេរ", "ha": 56360 }, "geometry": { "type": "Polygon", "coordinates": [ [ [ 103.7744, 11.7181 ], [ 103.7639, 11.7119 ], [ 103.7625, 11.7151 ], [ 103.7588, 11.7121 ], [ 103.7528, 11.714 ], [ 103.7534, 11.7159 ], [ 103.7682, 11.7162 ], [ 103.7712, 11.7205 ], [ 103.7679, 11.7221 ], [ 103.7728, 11.7229 ], [ 103.7744, 11.7181 ] ] ] } },
{ "type": "Feature", "properties": { "to": "Baren land", "kh": "ដីទំនេរ", "ha": 56360 }, "geometry": { "type": "Polygon", "coordinates": [ [ [ 103.8176, 11.1118 ], [ 103.8246, 11.1011 ], [ 103.8222, 11.1005 ], [ 103.8224, 11.0962 ], [ 103.8251, 11.0967 ], [ 103.8251, 11.1 ], [ 103.8332, 11.0994 ], [ 103.8281, 11.0992 ], [ 103.8303, 11.0973 ], [ 103.8224, 11.0897 ], [ 103.8257, 11.0849 ], [ 103.8219, 11.0835 ], [ 103.8241, 11.08 ], [ 103.8192, 11.0803 ], [ 103.8203, 11.077 ], [ 103.816, 11.0806 ], [ 103.8165, 11.0843 ], [ 103.8133, 11.0843 ], [ 103.813, 11.0951 ], [ 103.8092, 11.1 ], [ 103.8103, 11.1053 ], [ 103.8108, 11.0992 ], [ 103.8181, 11.0964 ], [ 103.8159, 11.1022 ], [ 103.8201, 11.1048 ], [ 103.8171, 11.1075 ], [ 103.8176, 11.1118 ] ] ] } },
{ "type": "Feature", "properties": { "to": "Baren land", "kh": "ដីទំនេរ", "ha": 56360 }, "geometry": { "type": "Polygon", "coordinates": [ [ [ 103.8095, 11.1467 ], [ 103.8048, 11.1491 ], [ 103.8073, 11.1485 ], [ 103.8057, 11.1519 ], [ 103.8111, 11.1499 ], [ 103.816, 11.1512 ], [ 103.8187, 11.1475 ], [ 103.817, 11.1545 ], [ 103.8191, 11.154 ], [ 103.8241, 11.161 ], [ 103.8276, 11.1593 ], [ 103.8246, 11.1547 ], [ 103.8289, 11.1542 ], [ 103.8286, 11.1496 ], [ 103.8224, 11.1507 ], [ 103.8208, 11.1467 ], [ 103.8162, 11.1445 ], [ 103.8114, 11.1469 ], [ 103.8079, 11.1423 ], [ 103.8095, 11.1386 ], [ 103.8007, 11.1429 ], [ 103.8095, 11.1467 ] ] ] } },
{ "type": "Feature", "properties": { "to": "Baren land", "kh": "ដីទំនេរ", "ha": 56360 }, "geometry": { "type": "Polygon", "coordinates": [ [ [ 103.8734, 11.1871 ], [ 103.8672, 11.189 ], [ 103.8691, 11.1914 ], [ 103.8656, 11.1966 ], [ 103.8675, 11.196 ], [ 103.868, 11.2012 ], [ 103.8724, 11.1943 ], [ 103.874, 11.1844 ], [ 103.8734, 11.1871 ] ] ] } },
{ "type": "Feature", "properties": { "to": "Baren land", "kh": "ដីទំនេរ", "ha": 56360 }, "geometry": { "type": "Polygon", "coordinates": [ [ [ 103.8335, 11.188 ], [ 103.8354, 11.1939 ], [ 103.8273, 11.1926 ], [ 103.8324, 11.1963 ], [ 103.8362, 11.1939 ], [ 103.8381, 11.1947 ], [ 103.8362, 11.1947 ], [ 103.8373, 11.2001 ], [ 103.8397, 11.2014 ], [ 103.8373, 11.2006 ], [ 103.8359, 11.2041 ], [ 103.8394, 11.202 ], [ 103.8389, 11.2041 ], [ 103.8419, 11.2052 ], [ 103.8413, 11.2028 ], [ 103.844, 11.2025 ], [ 103.8446, 11.2044 ], [ 103.8456, 11.196 ], [ 103.8419, 11.196 ], [ 103.8416, 11.192 ], [ 103.8386, 11.1933 ], [ 103.8335, 11.188 ] ] ] } },
{ "type": "Feature", "properties": { "to": "Baren land", "kh": "ដីទំនេរ", "ha": 56360 }, "geometry": { "type": "Polygon", "coordinates": [ [ [ 103.9439, 11.4132 ], [ 103.9468, 11.4097 ], [ 103.9425, 11.4097 ], [ 103.9414, 11.4065 ], [ 103.939, 11.41 ], [ 103.9376, 11.4075 ], [ 103.9355, 11.4089 ], [ 103.9368, 11.4043 ], [ 103.9312, 11.407 ], [ 103.9287, 11.4043 ], [ 103.9287, 11.4078 ], [ 103.9274, 11.4054 ], [ 103.9282, 11.4086 ], [ 103.9323, 11.4092 ], [ 103.9317, 11.4135 ], [ 103.9336, 11.4094 ], [ 103.9385, 11.4132 ], [ 103.9371, 11.4151 ], [ 103.9425, 11.4154 ], [ 103.9414, 11.4111 ], [ 103.9439, 11.4132 ] ] ] } },
{ "type": "Feature", "properties": { "to": "Baren land", "kh": "ដីទំនេរ", "ha": 56360 }, "geometry": { "type": "Polygon", "coordinates": [ [ [ 103.8799, 11.4208 ], [ 103.8856, 11.4262 ], [ 103.8947, 11.4216 ], [ 103.8958, 11.4162 ], [ 103.9028, 11.4162 ], [ 103.9007, 11.4143 ], [ 103.9034, 11.4143 ], [ 103.8966, 11.4135 ], [ 103.8918, 11.4183 ], [ 103.8845, 11.4019 ], [ 103.8799, 11.4005 ], [ 103.8831, 11.3992 ], [ 103.8807, 11.397 ], [ 103.8826, 11.3943 ], [ 103.8796, 11.3938 ], [ 103.8807, 11.3916 ], [ 103.8764, 11.3943 ], [ 103.8729, 11.3919 ], [ 103.8678, 11.3973 ], [ 103.8589, 11.3954 ], [ 103.8618, 11.3997 ], [ 103.8667, 11.4 ], [ 103.868, 11.4038 ], [ 103.8715, 11.403 ], [ 103.871, 11.4051 ], [ 103.8659, 11.4043 ], [ 103.8621, 11.4067 ], [ 103.8618, 11.4113 ], [ 103.8656, 11.4054 ], [ 103.8715, 11.4105 ], [ 103.8718, 11.4156 ], [ 103.867, 11.4229 ], [ 103.8702, 11.4208 ], [ 103.8691, 11.4227 ], [ 103.8726, 11.4221 ], [ 103.8742, 11.4248 ], [ 103.8732, 11.4278 ], [ 103.8772, 11.4283 ], [ 103.8799, 11.4208 ] ], [ [ 103.8939, 11.421 ], [ 103.8772, 11.4202 ], [ 103.8767, 11.4143 ], [ 103.8826, 11.4135 ], [ 103.8939, 11.421 ] ] ] } },
{ "type": "Feature", "properties": { "to": "Baren land", "kh": "ដីទំនេរ", "ha": 56360 }, "geometry": { "type": "Polygon", "coordinates": [ [ [ 103.9217, 11.4108 ], [ 103.912, 11.4124 ], [ 103.9134, 11.4156 ], [ 103.9104, 11.4143 ], [ 103.9117, 11.4124 ], [ 103.9082, 11.4135 ], [ 103.9104, 11.4156 ], [ 103.9136, 11.4159 ], [ 103.9139, 11.4146 ], [ 103.9188, 11.4151 ], [ 103.9198, 11.4175 ], [ 103.9266, 11.4183 ], [ 103.9274, 11.4148 ], [ 103.9304, 11.4148 ], [ 103.9296, 11.4111 ], [ 103.922, 11.4097 ], [ 103.9217, 11.4073 ], [ 103.9217, 11.4108 ] ] ] } },
{ "type": "Feature", "properties": { "to": "Baren land", "kh": "ដីទំនេរ", "ha": 56360 }, "geometry": { "type": "Polygon", "coordinates": [ [ [ 103.977, 11.431 ], [ 103.9738, 11.4289 ], [ 103.9695, 11.4356 ], [ 103.9725, 11.4362 ], [ 103.977, 11.431 ] ] ] } },
{ "type": "Feature", "properties": { "to": "Baren land", "kh": "ដីទំនេរ", "ha": 56360 }, "geometry": { "type": "Polygon", "coordinates": [ [ [ 103.8767, 11.4321 ], [ 103.8702, 11.4324 ], [ 103.8753, 11.4337 ], [ 103.8783, 11.438 ], [ 103.8726, 11.4405 ], [ 103.8775, 11.4448 ], [ 103.8807, 11.4359 ], [ 103.8802, 11.4329 ], [ 103.8769, 11.434 ], [ 103.8767, 11.4321 ] ] ] } },
{ "type": "Feature", "properties": { "to": "Baren land", "kh": "ដីទំនេរ", "ha": 56360 }, "geometry": { "type": "Polygon", "coordinates": [ [ [ 103.9012, 11.4491 ], [ 103.9066, 11.4437 ], [ 103.8977, 11.4472 ], [ 103.8993, 11.4556 ], [ 103.9023, 11.4534 ], [ 103.9012, 11.4491 ] ] ] } },
{ "type": "Feature", "properties": { "to": "Baren land", "kh": "ដីទំនេរ", "ha": 56360 }, "geometry": { "type": "Polygon", "coordinates": [ [ [ 103.8559, 11.451 ], [ 103.8427, 11.4477 ], [ 103.8492, 11.4537 ], [ 103.8559, 11.451 ] ] ] } },
{ "type": "Feature", "properties": { "to": "Baren land", "kh": "ដីទំនេរ", "ha": 56360 }, "geometry": { "type": "Polygon", "coordinates": [ [ [ 103.8424, 11.4591 ], [ 103.8502, 11.4656 ], [ 103.8467, 11.4561 ], [ 103.8429, 11.458 ], [ 103.8381, 11.4537 ], [ 103.8403, 11.4504 ], [ 103.837, 11.4496 ], [ 103.8367, 11.4577 ], [ 103.8389, 11.4564 ], [ 103.8408, 11.4602 ], [ 103.8424, 11.4591 ] ] ] } },
{ "type": "Feature", "properties": { "to": "Baren land", "kh": "ដីទំនេរ", "ha": 56360 }, "geometry": { "type": "Polygon", "coordinates": [ [ [ 103.864, 11.479 ], [ 103.8648, 11.4809 ], [ 103.8586, 11.4788 ], [ 103.8602, 11.4707 ], [ 103.8556, 11.4718 ], [ 103.861, 11.4688 ], [ 103.8626, 11.4656 ], [ 103.8597, 11.4615 ], [ 103.8648, 11.4602 ], [ 103.8632, 11.4626 ], [ 103.8699, 11.4642 ], [ 103.8729, 11.4626 ], [ 103.8718, 11.454 ], [ 103.8729, 11.4572 ], [ 103.8737, 11.454 ], [ 103.8775, 11.455 ], [ 103.8745, 11.4596 ], [ 103.8788, 11.4604 ], [ 103.8877, 11.4507 ], [ 103.8799, 11.4518 ], [ 103.884, 11.4499 ], [ 103.8788, 11.448 ], [ 103.8807, 11.4448 ], [ 103.8786, 11.4461 ], [ 103.8694, 11.4421 ], [ 103.8699, 11.4378 ], [ 103.8637, 11.4372 ], [ 103.8656, 11.4364 ], [ 103.8626, 11.4324 ], [ 103.8594, 11.4318 ], [ 103.8567, 11.4361 ], [ 103.8556, 11.4321 ], [ 103.8581, 11.4326 ], [ 103.8581, 11.4305 ], [ 103.8556, 11.4316 ], [ 103.8513, 11.4256 ], [ 103.8481, 11.4272 ], [ 103.8521, 11.4361 ], [ 103.8635, 11.4405 ], [ 103.8629, 11.4445 ], [ 103.8586, 11.4437 ], [ 103.8564, 11.4464 ], [ 103.8508, 11.444 ], [ 103.8575, 11.4513 ], [ 103.8521, 11.4545 ], [ 103.8424, 11.455 ], [ 103.847, 11.4553 ], [ 103.8494, 11.4583 ], [ 103.8494, 11.4556 ], [ 103.8513, 11.4575 ], [ 103.8551, 11.4548 ], [ 103.857, 11.4575 ], [ 103.8572, 11.4545 ], [ 103.861, 11.4558 ], [ 103.8618, 11.4588 ], [ 103.8578, 11.4591 ], [ 103.8583, 11.4572 ], [ 103.8554, 11.4599 ], [ 103.8532, 11.458 ], [ 103.8502, 11.4596 ], [ 103.8537, 11.4631 ], [ 103.8581, 11.462 ], [ 103.8608, 11.4677 ], [ 103.8554, 11.4645 ], [ 103.8537, 11.4664 ], [ 103.8567, 11.4661 ], [ 103.854, 11.4685 ], [ 103.8554, 11.4707 ], [ 103.851, 11.468 ], [ 103.8543, 11.4707 ], [ 103.851, 11.472 ], [ 103.8524, 11.4736 ], [ 103.8505, 11.4736 ], [ 103.8508, 11.4712 ], [ 103.8516, 11.4704 ], [ 103.8494, 11.4723 ], [ 103.8494, 11.4658 ], [ 103.8424, 11.4688 ], [ 103.8475, 11.4704 ], [ 103.8467, 11.4739 ], [ 103.8492, 11.4723 ], [ 103.8505, 11.4742 ], [ 103.8554, 11.475 ], [ 103.8475, 11.4788 ], [ 103.8489, 11.4817 ], [ 103.8513, 11.4796 ], [ 103.851, 11.4825 ], [ 103.8478, 11.4866 ], [ 103.8427, 11.4866 ], [ 103.8438, 11.4898 ], [ 103.8411, 11.4947 ], [ 103.8448, 11.489 ], [ 103.8465, 11.4931 ], [ 103.8438, 11.4936 ], [ 103.8432, 11.4979 ], [ 103.84, 11.4974 ], [ 103.8448, 11.4995 ], [ 103.844, 11.5025 ], [ 103.8467, 11.5001 ], [ 103.847, 11.5033 ], [ 103.8516, 11.506 ], [ 103.8548, 11.5125 ], [ 103.8591, 11.512 ], [ 103.8597, 11.5155 ], [ 103.8635, 11.5076 ], [ 103.8662, 11.5074 ], [ 103.8648, 11.5044 ], [ 103.8621, 11.5084 ], [ 103.8635, 11.5028 ], [ 103.8675, 11.4998 ], [ 103.8645, 11.499 ], [ 103.8618, 11.5049 ], [ 103.8597, 11.5049 ], [ 103.8613, 11.502 ], [ 103.8594, 11.5006 ], [ 103.8643, 11.4968 ], [ 103.8694, 11.4987 ], [ 103.8664, 11.4955 ], [ 103.8707, 11.495 ], [ 103.8605, 11.4939 ], [ 103.8548, 11.4901 ], [ 103.85, 11.4912 ], [ 103.8494, 11.4866 ], [ 103.8532, 11.485 ], [ 103.8545, 11.4799 ], [ 103.8562, 11.4817 ], [ 103.8537, 11.4869 ], [ 103.8613, 11.4823 ], [ 103.8632, 11.4839 ], [ 103.8597, 11.4847 ], [ 103.8651, 11.4866 ], [ 103.8718, 11.4836 ], [ 103.864, 11.479 ] ], [ [ 103.844, 11.4979 ], [ 103.8486, 11.4936 ], [ 103.8529, 11.4952 ], [ 103.8543, 11.5004 ], [ 103.8505, 11.4993 ], [ 103.8497, 11.5025 ], [ 103.844, 11.4979 ] ] ] } },
{ "type": "Feature", "properties": { "to": "Baren land", "kh": "ដីទំនេរ", "ha": 56360 }, "geometry": { "type": "Polygon", "coordinates": [ [ [ 103.861, 11.4704 ], [ 103.8635, 11.475 ], [ 103.8718, 11.4753 ], [ 103.8718, 11.4812 ], [ 103.8745, 11.4804 ], [ 103.8726, 11.4785 ], [ 103.874, 11.4745 ], [ 103.8718, 11.4739 ], [ 103.8751, 11.4728 ], [ 103.8729, 11.4704 ], [ 103.8653, 11.4691 ], [ 103.8653, 11.4728 ], [ 103.8643, 11.4701 ], [ 103.861, 11.4704 ] ] ] } },
{ "type": "Feature", "properties": { "to": "Baren land", "kh": "ដីទំនេរ", "ha": 56360 }, "geometry": { "type": "Polygon", "coordinates": [ [ [ 103.8759, 11.4763 ], [ 103.8775, 11.4847 ], [ 103.8875, 11.4858 ], [ 103.8759, 11.4763 ] ] ] } },
{ "type": "Feature", "properties": { "to": "Baren land", "kh": "ដីទំនេរ", "ha": 56360 }, "geometry": { "type": "Polygon", "coordinates": [ [ [ 103.8896, 11.4958 ], [ 103.8972, 11.4923 ], [ 103.8945, 11.4909 ], [ 103.8947, 11.4879 ], [ 103.8972, 11.4888 ], [ 103.8966, 11.4847 ], [ 103.9007, 11.4847 ], [ 103.8991, 11.4801 ], [ 103.8904, 11.4888 ], [ 103.8942, 11.4874 ], [ 103.8939, 11.4928 ], [ 103.8896, 11.4944 ], [ 103.8885, 11.4906 ], [ 103.8872, 11.495 ], [ 103.8915, 11.4966 ], [ 103.8896, 11.4958 ] ] ] } },
{ "type": "Feature", "properties": { "to": "Baren land", "kh": "ដីទំនេរ", "ha": 56360 }, "geometry": { "type": "Polygon", "coordinates": [ [ [ 103.9236, 11.4855 ], [ 103.9153, 11.4882 ], [ 103.9158, 11.4915 ], [ 103.9277, 11.4904 ], [ 103.9236, 11.4855 ] ] ] } },
{ "type": "Feature", "properties": { "to": "Baren land", "kh": "ដីទំនេរ", "ha": 56360 }, "geometry": { "type": "Polygon", "coordinates": [ [ [ 103.8039, 11.5112 ], [ 103.8117, 11.5106 ], [ 103.8135, 11.5163 ], [ 103.8106, 11.513 ], [ 103.8103, 11.5152 ], [ 103.8117, 11.5171 ], [ 103.8152, 11.5165 ], [ 103.8103, 11.519 ], [ 103.8127, 11.5198 ], [ 103.8114, 11.5217 ], [ 103.8117, 11.5238 ], [ 103.8138, 11.5198 ], [ 103.8152, 11.5233 ], [ 103.8173, 11.5219 ], [ 103.82, 11.5246 ], [ 103.8192, 11.5203 ], [ 103.8176, 11.5219 ], [ 103.8141, 11.5187 ], [ 103.8192, 11.5192 ], [ 103.8162, 11.5157 ], [ 103.82, 11.5141 ], [ 103.8168, 11.5149 ], [ 103.8176, 11.5122 ], [ 103.8125, 11.5109 ], [ 103.8195, 11.5066 ], [ 103.8189, 11.5093 ], [ 103.8208, 11.5087 ], [ 103.8216, 11.5122 ], [ 103.8235, 11.5117 ], [ 103.8219, 11.5179 ], [ 103.827, 11.5141 ], [ 103.8295, 11.5214 ], [ 103.8284, 11.5141 ], [ 103.8246, 11.5133 ], [ 103.8243, 11.5103 ], [ 103.8219, 11.5111 ], [ 103.8222, 11.5052 ], [ 103.8119, 11.4939 ], [ 103.8106, 11.4963 ], [ 103.8106, 11.4952 ], [ 103.8068, 11.4936 ], [ 103.81, 11.4955 ], [ 103.8103, 11.4971 ], [ 103.8065, 11.4939 ], [ 103.8022, 11.4947 ], [ 103.8025, 11.4982 ], [ 103.8044, 11.4979 ], [ 103.8017, 11.4995 ], [ 103.8041, 11.5009 ], [ 103.8044, 11.5101 ], [ 103.7976, 11.5066 ], [ 103.8033, 11.5133 ], [ 103.8039, 11.5112 ] ] ] } },
{ "type": "Feature", "properties": { "to": "Baren land", "kh": "ដីទំនេរ", "ha": 56360 }, "geometry": { "type": "Polygon", "coordinates": [ [ [ 103.8697, 11.5163 ], [ 103.8745, 11.5168 ], [ 103.8796, 11.5203 ], [ 103.8807, 11.5171 ], [ 103.8778, 11.512 ], [ 103.874, 11.5157 ], [ 103.8718, 11.5093 ], [ 103.8697, 11.5163 ] ] ] } },
{ "type": "Feature", "properties": { "to": "Baren land", "kh": "ដីទំនេរ", "ha": 56360 }, "geometry": { "type": "Polygon", "coordinates": [ [ [ 103.9314, 11.5233 ], [ 103.9258, 11.5217 ], [ 103.9252, 11.5198 ], [ 103.9277, 11.5198 ], [ 103.9247, 11.516 ], [ 103.9244, 11.5179 ], [ 103.9212, 11.5174 ], [ 103.9239, 11.5211 ], [ 103.9204, 11.5214 ], [ 103.9225, 11.5254 ], [ 103.9306, 11.5246 ], [ 103.9312, 11.5263 ], [ 103.9331, 11.5211 ], [ 103.9314, 11.5233 ] ] ] } },
{ "type": "Feature", "properties": { "to": "Baren land", "kh": "ដីទំនេរ", "ha": 56360 }, "geometry": { "type": "Polygon", "coordinates": [ [ [ 103.8497, 11.523 ], [ 103.8456, 11.5238 ], [ 103.8448, 11.519 ], [ 103.8438, 11.5195 ], [ 103.8419, 11.5176 ], [ 103.844, 11.5187 ], [ 103.8438, 11.5168 ], [ 103.8416, 11.5171 ], [ 103.844, 11.529 ], [ 103.8465, 11.5279 ], [ 103.8456, 11.5244 ], [ 103.8486, 11.5246 ], [ 103.8508, 11.5287 ], [ 103.8483, 11.5387 ], [ 103.8548, 11.5341 ], [ 103.8559, 11.5287 ], [ 103.8591, 11.5335 ], [ 103.8559, 11.5322 ], [ 103.8537, 11.537 ], [ 103.8578, 11.5389 ], [ 103.8589, 11.536 ], [ 103.8597, 11.54 ], [ 103.8697, 11.5505 ], [ 103.8699, 11.5465 ], [ 103.8653, 11.5454 ], [ 103.8683, 11.54 ], [ 103.8621, 11.5327 ], [ 103.8645, 11.5276 ], [ 103.8608, 11.5268 ], [ 103.8589, 11.523 ], [ 103.8556, 11.5238 ], [ 103.8537, 11.5195 ], [ 103.8578, 11.5203 ], [ 103.8597, 11.5184 ], [ 103.8516, 11.5163 ], [ 103.8519, 11.5141 ], [ 103.8483, 11.5125 ], [ 103.8513, 11.5149 ], [ 103.8489, 11.516 ], [ 103.8508, 11.5254 ], [ 103.8497, 11.523 ] ] ] } },
{ "type": "Feature", "properties": { "to": "Baren land", "kh": "ដីទំនេរ", "ha": 56360 }, "geometry": { "type": "Polygon", "coordinates": [ [ [ 103.84, 11.5308 ], [ 103.8403, 11.5373 ], [ 103.8367, 11.546 ], [ 103.8397, 11.5497 ], [ 103.8405, 11.5376 ], [ 103.8443, 11.5406 ], [ 103.8475, 11.5354 ], [ 103.8451, 11.536 ], [ 103.8454, 11.5341 ], [ 103.8421, 11.5365 ], [ 103.84, 11.5308 ] ] ] } },
{ "type": "Feature", "properties": { "to": "Baren land", "kh": "ដីទំនេរ", "ha": 56360 }, "geometry": { "type": "Polygon", "coordinates": [ [ [ 103.809, 11.5443 ], [ 103.8197, 11.5438 ], [ 103.8144, 11.54 ], [ 103.8138, 11.5349 ], [ 103.8138, 11.5411 ], [ 103.81, 11.5416 ], [ 103.8114, 11.5435 ], [ 103.7998, 11.5422 ], [ 103.8079, 11.5435 ], [ 103.8073, 11.5462 ], [ 103.809, 11.5443 ] ] ] } },
{ "type": "Feature", "properties": { "to": "Baren land", "kh": "ដីទំនេរ", "ha": 56360 }, "geometry": { "type": "Polygon", "coordinates": [ [ [ 103.8572, 11.5799 ], [ 103.8599, 11.5805 ], [ 103.8608, 11.5794 ], [ 103.8583, 11.5799 ], [ 103.8589, 11.5778 ], [ 103.8481, 11.5786 ], [ 103.851, 11.5802 ], [ 103.8489, 11.581 ], [ 103.8443, 11.5786 ], [ 103.8454, 11.5824 ], [ 103.8424, 11.5829 ], [ 103.8421, 11.5875 ], [ 103.8473, 11.5856 ], [ 103.8438, 11.5835 ], [ 103.8486, 11.5848 ], [ 103.8483, 11.5813 ], [ 103.8537, 11.5845 ], [ 103.8559, 11.5845 ], [ 103.8572, 11.5799 ] ] ] } },
{ "type": "Feature", "properties": { "to": "Baren land", "kh": "ដីទំនេរ", "ha": 56360 }, "geometry": { "type": "Polygon", "coordinates": [ [ [ 103.8084, 11.5953 ], [ 103.8117, 11.5926 ], [ 103.8079, 11.5905 ], [ 103.813, 11.5913 ], [ 103.8117, 11.5953 ], [ 103.8144, 11.5999 ], [ 103.8192, 11.5994 ], [ 103.8233, 11.6031 ], [ 103.8219, 11.5964 ], [ 103.8179, 11.5988 ], [ 103.8184, 11.5926 ], [ 103.8157, 11.5924 ], [ 103.8176, 11.5937 ], [ 103.8176, 11.5951 ], [ 103.8154, 11.5945 ], [ 103.8149, 11.5905 ], [ 103.81, 11.5886 ], [ 103.8117, 11.5862 ], [ 103.8052, 11.5853 ], [ 103.8084, 11.5953 ] ] ] } },
{ "type": "Feature", "properties": { "to": "Agricultural land", "kh": "ដីកសិកម្ម", "ha": 75980 }, "geometry": { "type": "Polygon", "coordinates": [ [ [ 102.9362, 11.6798 ], [ 102.9386, 11.6819 ], [ 102.9389, 11.6776 ], [ 102.9405, 11.6782 ], [ 102.9383, 11.6722 ], [ 102.941, 11.6655 ], [ 102.9386, 11.6652 ], [ 102.9378, 11.6601 ], [ 102.9353, 11.6614 ], [ 102.9389, 11.6774 ], [ 102.9362, 11.6798 ] ] ] } },
{ "type": "Feature", "properties": { "to": "Agricultural land", "kh": "ដីកសិកម្ម", "ha": 75980 }, "geometry": { "type": "Polygon", "coordinates": [ [ [ 102.9147, 11.6755 ], [ 102.9155, 11.6724 ], [ 102.9149, 11.6767 ], [ 102.9187, 11.6811 ], [ 102.919, 11.6851 ], [ 102.9159, 11.6951 ], [ 102.9185, 11.6816 ], [ 102.9144, 11.6762 ], [ 102.913, 11.7005 ], [ 102.9165, 11.6962 ], [ 102.9202, 11.6978 ], [ 102.9197, 11.7 ], [ 102.9235, 11.6987 ], [ 102.9205, 11.6962 ], [ 102.9297, 11.6992 ], [ 102.9235, 11.6943 ], [ 102.9345, 11.6992 ], [ 102.9391, 11.6973 ], [ 102.9429, 11.7011 ], [ 102.9567, 11.696 ], [ 102.9545, 11.6946 ], [ 102.9553, 11.6898 ], [ 102.9513, 11.6895 ], [ 102.9494, 11.6898 ], [ 102.9507, 11.6933 ], [ 102.9475, 11.6914 ], [ 102.9467, 11.6941 ], [ 102.9372, 11.6954 ], [ 102.9321, 11.6914 ], [ 102.937, 11.6919 ], [ 102.9372, 11.6852 ], [ 102.9339, 11.6845 ], [ 102.9326, 11.6878 ], [ 102.926, 11.6841 ], [ 102.9288, 11.6786 ], [ 102.9253, 11.6765 ], [ 102.927, 11.6712 ], [ 102.9239, 11.6697 ], [ 102.9237, 11.6635 ], [ 102.9308, 11.6601 ], [ 102.9286, 11.6563 ], [ 102.9311, 11.6522 ], [ 102.9249, 11.6523 ], [ 102.9228, 11.6494 ], [ 102.9228, 11.6519 ], [ 102.9198, 11.6518 ], [ 102.9178, 11.6437 ], [ 102.9162, 11.6523 ], [ 102.9186, 11.6547 ], [ 102.9147, 11.6755 ] ] ] } },
{ "type": "Feature", "properties": { "to": "Agricultural land", "kh": "ដីកសិកម្ម", "ha": 75980 }, "geometry": { "type": "Polygon", "coordinates": [ [ [ 102.9955, 11.6798 ], [ 102.9904, 11.6746 ], [ 102.9925, 11.6736 ], [ 102.9917, 11.6706 ], [ 102.9947, 11.6711 ], [ 102.9939, 11.6682 ], [ 102.9985, 11.6711 ], [ 102.9963, 11.6657 ], [ 102.9858, 11.6679 ], [ 102.9885, 11.6719 ], [ 102.9861, 11.679 ], [ 102.9901, 11.6779 ], [ 102.9982, 11.6819 ], [ 103.0023, 11.6806 ], [ 102.9955, 11.6798 ] ] ] } },
{ "type": "Feature", "properties": { "to": "Agricultural land", "kh": "ដីកសិកម្ម", "ha": 75980 }, "geometry": { "type": "Polygon", "coordinates": [ [ [ 102.9491, 11.6773 ], [ 102.9505, 11.6703 ], [ 102.9478, 11.6692 ], [ 102.9443, 11.6728 ], [ 102.9451, 11.6792 ], [ 102.9491, 11.6773 ] ] ] } },
{ "type": "Feature", "properties": { "to": "Agricultural land", "kh": "ដីកសិកម្ម", "ha": 75980 }, "geometry": { "type": "Polygon", "coordinates": [ [ [ 102.9804, 11.6806 ], [ 102.9812, 11.6741 ], [ 102.9758, 11.6765 ], [ 102.971, 11.6719 ], [ 102.9753, 11.6709 ], [ 102.9747, 11.6684 ], [ 102.9691, 11.6703 ], [ 102.9683, 11.6684 ], [ 102.9672, 11.6736 ], [ 102.9693, 11.6746 ], [ 102.9648, 11.6768 ], [ 102.9707, 11.6806 ], [ 102.9747, 11.69 ], [ 102.9807, 11.6852 ], [ 102.9801, 11.6827 ], [ 102.9831, 11.683 ], [ 102.9804, 11.6806 ] ] ] } },
{ "type": "Feature", "properties": { "to": "Agricultural land", "kh": "ដីកសិកម្ម", "ha": 75980 }, "geometry": { "type": "Polygon", "coordinates": [ [ [ 102.9221, 11.7086 ], [ 102.9194, 11.7108 ], [ 102.9221, 11.7113 ], [ 102.9219, 11.7157 ], [ 102.92, 11.7135 ], [ 102.9181, 11.717 ], [ 102.9219, 11.7186 ], [ 102.9224, 11.7154 ], [ 102.9251, 11.7159 ], [ 102.9232, 11.7213 ], [ 102.9302, 11.7202 ], [ 102.931, 11.724 ], [ 102.9343, 11.7256 ], [ 102.931, 11.7143 ], [ 102.9286, 11.7132 ], [ 102.9267, 11.7157 ], [ 102.9224, 11.7135 ], [ 102.9243, 11.71 ], [ 102.9221, 11.7086 ] ] ] } },
{ "type": "Feature", "properties": { "to": "Agricultural land", "kh": "ដីកសិកម្ម", "ha": 75980 }, "geometry": { "type": "Polygon", "coordinates": [ [ [ 102.9577, 11.7256 ], [ 102.9621, 11.7243 ], [ 102.9588, 11.724 ], [ 102.9607, 11.7213 ], [ 102.9559, 11.714 ], [ 102.9521, 11.7159 ], [ 102.9515, 11.7138 ], [ 102.9561, 11.7103 ], [ 102.954, 11.7084 ], [ 102.9461, 11.7135 ], [ 102.9499, 11.7157 ], [ 102.9521, 11.7267 ], [ 102.9548, 11.7251 ], [ 102.9542, 11.7205 ], [ 102.9575, 11.7221 ], [ 102.9577, 11.7256 ] ] ] } },
{ "type": "Feature", "properties": { "to": "Agricultural land", "kh": "ដីកសិកម្ម", "ha": 75980 }, "geometry": { "type": "Polygon", "coordinates": [ [ [ 102.9138, 11.713 ], [ 102.9111, 11.7227 ], [ 102.9122, 11.737 ], [ 102.9154, 11.7421 ], [ 102.9165, 11.7397 ], [ 102.9194, 11.7405 ], [ 102.9194, 11.7496 ], [ 102.9232, 11.7421 ], [ 102.9205, 11.7391 ], [ 102.9259, 11.738 ], [ 102.9229, 11.7335 ], [ 102.9243, 11.7316 ], [ 102.9205, 11.7289 ], [ 102.9175, 11.731 ], [ 102.917, 11.727 ], [ 102.9143, 11.7264 ], [ 102.9175, 11.7165 ], [ 102.9143, 11.7116 ], [ 102.9162, 11.7078 ], [ 102.9127, 11.7057 ], [ 102.9138, 11.713 ] ] ] } },
{ "type": "Feature", "properties": { "to": "Agricultural land", "kh": "ដីកសិកម្ម", "ha": 75980 }, "geometry": { "type": "Polygon", "coordinates": [ [ [ 102.937, 11.7359 ], [ 102.9405, 11.7337 ], [ 102.9375, 11.734 ], [ 102.9375, 11.7302 ], [ 102.9397, 11.7302 ], [ 102.9364, 11.724 ], [ 102.9362, 11.7273 ], [ 102.9327, 11.7291 ], [ 102.934, 11.7332 ], [ 102.9305, 11.7343 ], [ 102.9297, 11.7375 ], [ 102.9354, 11.7337 ], [ 102.937, 11.7359 ] ] ] } },
{ "type": "Feature", "properties": { "to": "Agricultural land", "kh": "ដីកសិកម្ម", "ha": 75980 }, "geometry": { "type": "Polygon", "coordinates": [ [ [ 102.9062, 11.7653 ], [ 102.8988, 11.778 ], [ 102.8995, 11.7801 ], [ 102.9014, 11.7755 ], [ 102.9116, 11.7785 ], [ 102.91, 11.775 ], [ 102.9127, 11.778 ], [ 102.913, 11.7755 ], [ 102.9049, 11.7718 ], [ 102.9073, 11.7712 ], [ 102.9081, 11.7658 ], [ 102.9143, 11.7658 ], [ 102.913, 11.7626 ], [ 102.9062, 11.7653 ] ] ] } },
{ "type": "Feature", "properties": { "to": "Agricultural land", "kh": "ដីកសិកម្ម", "ha": 75980 }, "geometry": { "type": "Polygon", "coordinates": [ [ [ 102.8992, 11.7874 ], [ 102.9022, 11.7869 ], [ 102.9043, 11.7896 ], [ 102.9049, 11.7866 ], [ 102.8981, 11.7858 ], [ 102.8962, 11.788 ], [ 102.8943, 11.7836 ], [ 102.8922, 11.7872 ], [ 102.9026, 11.7934 ], [ 102.8992, 11.7874 ] ] ] } },
{ "type": "Feature", "properties": { "to": "Agricultural land", "kh": "ដីកសិកម្ម", "ha": 75980 }, "geometry": { "type": "Polygon", "coordinates": [ [ [ 102.883, 11.8031 ], [ 102.8868, 11.8052 ], [ 102.8889, 11.8014 ], [ 102.8862, 11.7985 ], [ 102.8884, 11.7982 ], [ 102.8914, 11.8001 ], [ 102.8925, 11.8055 ], [ 102.8919, 11.7977 ], [ 102.8879, 11.7952 ], [ 102.883, 11.8031 ] ] ] } },
{ "type": "Feature", "properties": { "to": "Agricultural land", "kh": "ដីកសិកម្ម", "ha": 75980 }, "geometry": { "type": "Polygon", "coordinates": [ [ [ 102.8957, 11.8142 ], [ 102.9022, 11.8033 ], [ 102.9019, 11.7939 ], [ 102.8954, 11.8085 ], [ 102.8876, 11.809 ], [ 102.8922, 11.8117 ], [ 102.8949, 11.8101 ], [ 102.8957, 11.8142 ] ] ] } },
{ "type": "Feature", "properties": { "to": "Agricultural land", "kh": "ដីកសិកម្ម", "ha": 75980 }, "geometry": { "type": "Polygon", "coordinates": [ [ [ 102.8905, 11.8298 ], [ 102.8919, 11.816 ], [ 102.8895, 11.8176 ], [ 102.8925, 11.8122 ], [ 102.8895, 11.8114 ], [ 102.8857, 11.8184 ], [ 102.8806, 11.8179 ], [ 102.8798, 11.8117 ], [ 102.8854, 11.8104 ], [ 102.8827, 11.8085 ], [ 102.8728, 11.809 ], [ 102.8749, 11.8112 ], [ 102.8733, 11.8152 ], [ 102.8725, 11.813 ], [ 102.8703, 11.8157 ], [ 102.8706, 11.8122 ], [ 102.8676, 11.8139 ], [ 102.8698, 11.8163 ], [ 102.8671, 11.8168 ], [ 102.8663, 11.8141 ], [ 102.869, 11.8128 ], [ 102.8629, 11.8136 ], [ 102.8624, 11.819 ], [ 102.8647, 11.819 ], [ 102.862, 11.8197 ], [ 102.8722, 11.8214 ], [ 102.8738, 11.8182 ], [ 102.8736, 11.8211 ], [ 102.8776, 11.8233 ], [ 102.8803, 11.8217 ], [ 102.8825, 11.8241 ], [ 102.88, 11.8247 ], [ 102.8898, 11.8279 ], [ 102.8868, 11.8306 ], [ 102.8905, 11.8298 ] ] ] } },
{ "type": "Feature", "properties": { "to": "Agricultural land", "kh": "ដីកសិកម្ម", "ha": 75980 }, "geometry": { "type": "Polygon", "coordinates": [ [ [ 102.8555, 11.8258 ], [ 102.8502, 11.8309 ], [ 102.8469, 11.8406 ], [ 102.8509, 11.8344 ], [ 102.8598, 11.8357 ], [ 102.856, 11.8284 ], [ 102.859, 11.8276 ], [ 102.8641, 11.8319 ], [ 102.8636, 11.8303 ], [ 102.8666, 11.8306 ], [ 102.8649, 11.8265 ], [ 102.8684, 11.8276 ], [ 102.8666, 11.823 ], [ 102.8741, 11.822 ], [ 102.863, 11.8206 ], [ 102.8603, 11.8263 ], [ 102.8555, 11.8258 ] ] ] } },
{ "type": "Feature", "properties": { "to": "Agricultural land", "kh": "ដីកសិកម្ម", "ha": 75980 }, "geometry": { "type": "Polygon", "coordinates": [ [ [ 102.8927, 11.8346 ], [ 102.8911, 11.8363 ], [ 102.893, 11.8376 ], [ 102.8968, 11.8363 ], [ 102.8954, 11.8276 ], [ 102.8957, 11.8303 ], [ 102.89, 11.8344 ], [ 102.8927, 11.8346 ] ] ] } },
{ "type": "Feature", "properties": { "to": "Agricultural land", "kh": "ដីកសិកម្ម", "ha": 75980 }, "geometry": { "type": "Polygon", "coordinates": [ [ [ 102.8444, 11.8624 ], [ 102.845, 11.8591 ], [ 102.8422, 11.859 ], [ 102.8382, 11.8523 ], [ 102.8299, 11.8651 ], [ 102.8309, 11.8681 ], [ 102.8344, 11.8675 ], [ 102.8309, 11.8657 ], [ 102.8328, 11.863 ], [ 102.8369, 11.864 ], [ 102.8353, 11.8595 ], [ 102.838, 11.8592 ], [ 102.8382, 11.8559 ], [ 102.8409, 11.8622 ], [ 102.8447, 11.8638 ], [ 102.8444, 11.8673 ], [ 102.8396, 11.8613 ], [ 102.8374, 11.8649 ], [ 102.8396, 11.8643 ], [ 102.8407, 11.867 ], [ 102.8417, 11.8654 ], [ 102.8442, 11.8724 ], [ 102.842, 11.8711 ], [ 102.8385, 11.8765 ], [ 102.8363, 11.8724 ], [ 102.8393, 11.8702 ], [ 102.8347, 11.8692 ], [ 102.8347, 11.8751 ], [ 102.8304, 11.8759 ], [ 102.8304, 11.8792 ], [ 102.8326, 11.8773 ], [ 102.8334, 11.8797 ], [ 102.8291, 11.8797 ], [ 102.8272, 11.8837 ], [ 102.8309, 11.8856 ], [ 102.8277, 11.8851 ], [ 102.828, 11.8889 ], [ 102.8255, 11.8889 ], [ 102.8255, 11.8908 ], [ 102.8288, 11.8905 ], [ 102.8285, 11.8951 ], [ 102.8264, 11.8951 ], [ 102.8258, 11.901 ], [ 102.822, 11.9005 ], [ 102.8247, 11.9032 ], [ 102.8226, 11.9051 ], [ 102.8242, 11.9069 ], [ 102.8221, 11.9064 ], [ 102.8231, 11.9096 ], [ 102.8202, 11.9108 ], [ 102.8237, 11.9103 ], [ 102.8231, 11.9127 ], [ 102.8267, 11.9138 ], [ 102.8226, 11.9138 ], [ 102.8236, 11.9176 ], [ 102.8163, 11.9193 ], [ 102.8156, 11.9301 ], [ 102.8196, 11.9283 ], [ 102.8196, 11.9247 ], [ 102.828, 11.9134 ], [ 102.8323, 11.9164 ], [ 102.8312, 11.9088 ], [ 102.8291, 11.9107 ], [ 102.8277, 11.9086 ], [ 102.8318, 11.9051 ], [ 102.8304, 11.8934 ], [ 102.8353, 11.8953 ], [ 102.8366, 11.8926 ], [ 102.8318, 11.891 ], [ 102.8366, 11.8894 ], [ 102.8369, 11.8859 ], [ 102.8334, 11.8837 ], [ 102.8366, 11.8832 ], [ 102.8374, 11.8856 ], [ 102.8423, 11.8767 ], [ 102.8393, 11.8881 ], [ 102.8431, 11.8886 ], [ 102.8506, 11.8802 ], [ 102.8493, 11.8775 ], [ 102.8533, 11.8702 ], [ 102.845, 11.8643 ], [ 102.8496, 11.8654 ], [ 102.8539, 11.8619 ], [ 102.8504, 11.8592 ], [ 102.8533, 11.8595 ], [ 102.8509, 11.8573 ], [ 102.8566, 11.8573 ], [ 102.8547, 11.8503 ], [ 102.859, 11.8514 ], [ 102.8568, 11.853 ], [ 102.8587, 11.8549 ], [ 102.8598, 11.8532 ], [ 102.8612, 11.8565 ], [ 102.8663, 11.857 ], [ 102.8641, 11.8538 ], [ 102.8693, 11.8495 ], [ 102.8606, 11.8435 ], [ 102.8636, 11.847 ], [ 102.8622, 11.8481 ], [ 102.8566, 11.8427 ], [ 102.8579, 11.8441 ], [ 102.8541, 11.846 ], [ 102.8544, 11.8489 ], [ 102.8517, 11.8481 ], [ 102.8523, 11.8543 ], [ 102.8493, 11.8514 ], [ 102.8482, 11.8538 ], [ 102.8467, 11.8506 ], [ 102.8456, 11.8547 ], [ 102.8493, 11.8627 ], [ 102.8467, 11.8635 ], [ 102.8453, 11.8603 ], [ 102.8444, 11.8624 ] ] ] } },
{ "type": "Feature", "properties": { "to": "Agricultural land", "kh": "ដីកសិកម្ម", "ha": 75980 }, "geometry": { "type": "Polygon", "coordinates": [ [ [ 102.779, 12.0208 ], [ 102.7867, 12.0186 ], [ 102.7848, 12.0173 ], [ 102.7867, 12.0167 ], [ 102.7853, 12.0097 ], [ 102.7816, 12.0127 ], [ 102.7837, 12.0151 ], [ 102.7818, 12.0143 ], [ 102.7818, 12.0186 ], [ 102.779, 12.0208 ] ] ] } },
{ "type": "Feature", "properties": { "to": "Agricultural land", "kh": "ដីកសិកម្ម", "ha": 75980 }, "geometry": { "type": "Polygon", "coordinates": [ [ [ 103.1053, 11.0382 ], [ 103.1102, 11.0371 ], [ 103.1069, 11.0331 ], [ 103.1107, 11.0344 ], [ 103.111, 11.0312 ], [ 103.115, 11.0341 ], [ 103.114, 11.0358 ], [ 103.1158, 11.0347 ], [ 103.1137, 11.0304 ], [ 103.1086, 11.0298 ], [ 103.1078, 11.025 ], [ 103.1036, 11.0377 ], [ 103.1053, 11.036 ], [ 103.1053, 11.0382 ] ] ] } },
{ "type": "Feature", "properties": { "to": "Agricultural land", "kh": "ដីកសិកម្ម", "ha": 75980 }, "geometry": { "type": "Polygon", "coordinates": [ [ [ 103.1045, 11.1642 ], [ 103.1002, 11.179 ], [ 103.1034, 11.1842 ], [ 103.1072, 11.1785 ], [ 103.1026, 11.179 ], [ 103.1026, 11.1758 ], [ 103.1045, 11.1785 ], [ 103.1056, 11.1742 ], [ 103.1042, 11.1674 ], [ 103.1083, 11.1653 ], [ 103.1045, 11.1642 ] ] ] } },
{ "type": "Feature", "properties": { "to": "Agricultural land", "kh": "ដីកសិកម្ម", "ha": 75980 }, "geometry": { "type": "Polygon", "coordinates": [ [ [ 103.0986, 11.2136 ], [ 103.1015, 11.2163 ], [ 103.0994, 11.2192 ], [ 103.0962, 11.2141 ], [ 103.0949, 11.2175 ], [ 103.091, 11.2186 ], [ 103.0964, 11.2246 ], [ 103.0983, 11.2217 ], [ 103.1026, 11.2222 ], [ 103.1029, 11.2168 ], [ 103.1088, 11.2146 ], [ 103.1086, 11.2181 ], [ 103.1107, 11.2173 ], [ 103.1115, 11.2138 ], [ 103.1086, 11.2128 ], [ 103.1169, 11.2125 ], [ 103.1188, 11.2133 ], [ 103.1175, 11.2157 ], [ 103.1194, 11.2149 ], [ 103.1223, 11.2109 ], [ 103.1196, 11.213 ], [ 103.1158, 11.2117 ], [ 103.1207, 11.2098 ], [ 103.1223, 11.2047 ], [ 103.1242, 11.2065 ], [ 103.1234, 11.2003 ], [ 103.1253, 11.199 ], [ 103.1204, 11.199 ], [ 103.1194, 11.2028 ], [ 103.1218, 11.2049 ], [ 103.1191, 11.2047 ], [ 103.1194, 11.2082 ], [ 103.1156, 11.2117 ], [ 103.0999, 11.2108 ], [ 103.0972, 11.2152 ], [ 103.0986, 11.2136 ] ] ] } },
{ "type": "Feature", "properties": { "to": "Agricultural land", "kh": "ដីកសិកម្ម", "ha": 75980 }, "geometry": { "type": "Polygon", "coordinates": [ [ [ 103.0834, 11.2176 ], [ 103.084, 11.223 ], [ 103.0759, 11.2266 ], [ 103.0707, 11.2232 ], [ 103.0601, 11.2253 ], [ 103.0634, 11.2214 ], [ 103.0571, 11.2174 ], [ 103.0576, 11.22 ], [ 103.0487, 11.223 ], [ 103.0516, 11.2283 ], [ 103.0597, 11.2268 ], [ 103.0562, 11.2292 ], [ 103.0597, 11.2287 ], [ 103.0578, 11.2297 ], [ 103.0595, 11.2325 ], [ 103.0657, 11.233 ], [ 103.0651, 11.2355 ], [ 103.0711, 11.2365 ], [ 103.0726, 11.2298 ], [ 103.0794, 11.237 ], [ 103.0762, 11.2378 ], [ 103.0846, 11.2422 ], [ 103.084, 11.244 ], [ 103.0786, 11.243 ], [ 103.0808, 11.2438 ], [ 103.0792, 11.2449 ], [ 103.0754, 11.2424 ], [ 103.0748, 11.2384 ], [ 103.0719, 11.2387 ], [ 103.0737, 11.2389 ], [ 103.0727, 11.2465 ], [ 103.0692, 11.254 ], [ 103.0716, 11.2532 ], [ 103.0727, 11.2565 ], [ 103.0676, 11.2559 ], [ 103.0695, 11.2594 ], [ 103.0743, 11.2551 ], [ 103.0756, 11.2567 ], [ 103.0759, 11.2513 ], [ 103.08, 11.2524 ], [ 103.0808, 11.2581 ], [ 103.0779, 11.2573 ], [ 103.0813, 11.2594 ], [ 103.0851, 11.2535 ], [ 103.0808, 11.2503 ], [ 103.0867, 11.2532 ], [ 103.0846, 11.25 ], [ 103.0783, 11.2494 ], [ 103.0805, 11.2446 ], [ 103.0859, 11.2462 ], [ 103.0872, 11.244 ], [ 103.0878, 11.2473 ], [ 103.091, 11.247 ], [ 103.0908, 11.2527 ], [ 103.0959, 11.2494 ], [ 103.0964, 11.2463 ], [ 103.0926, 11.2467 ], [ 103.0945, 11.2438 ], [ 103.0913, 11.2424 ], [ 103.0889, 11.2343 ], [ 103.0913, 11.2381 ], [ 103.0915, 11.2324 ], [ 103.0986, 11.2316 ], [ 103.0921, 11.2319 ], [ 103.0921, 11.2292 ], [ 103.0943, 11.2316 ], [ 103.094, 11.2249 ], [ 103.0913, 11.2244 ], [ 103.0905, 11.2211 ], [ 103.0862, 11.2207 ], [ 103.0905, 11.2106 ], [ 103.0875, 11.2106 ], [ 103.0834, 11.2176 ] ] ] } },
{ "type": "Feature", "properties": { "to": "Agricultural land", "kh": "ដីកសិកម្ម", "ha": 75980 }, "geometry": { "type": "Polygon", "coordinates": [ [ [ 103.1142, 11.2546 ], [ 103.1167, 11.2481 ], [ 103.1094, 11.2494 ], [ 103.1064, 11.2422 ], [ 103.1005, 11.2449 ], [ 103.0963, 11.2511 ], [ 103.0986, 11.2508 ], [ 103.0991, 11.254 ], [ 103.1013, 11.2516 ], [ 103.0994, 11.2505 ], [ 103.1029, 11.2497 ], [ 103.1021, 11.2573 ], [ 103.1056, 11.2573 ], [ 103.1099, 11.2524 ], [ 103.1142, 11.2546 ] ] ] } },
{ "type": "Feature", "properties": { "to": "Agricultural land", "kh": "ដីកសិកម្ម", "ha": 75980 }, "geometry": { "type": "Polygon", "coordinates": [ [ [ 103.1064, 11.2581 ], [ 103.1048, 11.2637 ], [ 103.1024, 11.2616 ], [ 103.1061, 11.2689 ], [ 103.1051, 11.2751 ], [ 103.1069, 11.2753 ], [ 103.1021, 11.2775 ], [ 103.1056, 11.2794 ], [ 103.1026, 11.2786 ], [ 103.0972, 11.2891 ], [ 103.0997, 11.2891 ], [ 103.1013, 11.2845 ], [ 103.1026, 11.2872 ], [ 103.1042, 11.2853 ], [ 103.1061, 11.2872 ], [ 103.1083, 11.2848 ], [ 103.104, 11.2821 ], [ 103.1075, 11.2805 ], [ 103.1113, 11.2834 ], [ 103.1078, 11.2802 ], [ 103.1091, 11.2753 ], [ 103.1072, 11.2729 ], [ 103.1158, 11.2783 ], [ 103.1091, 11.2675 ], [ 103.1137, 11.2613 ], [ 103.1083, 11.2608 ], [ 103.111, 11.257 ], [ 103.1064, 11.2581 ] ] ] } },
{ "type": "Feature", "properties": { "to": "Agricultural land", "kh": "ដីកសិកម្ម", "ha": 75980 }, "geometry": { "type": "Polygon", "coordinates": [ [ [ 103.0913, 11.3625 ], [ 103.0926, 11.3665 ], [ 103.0908, 11.3641 ], [ 103.0899, 11.3709 ], [ 103.0962, 11.37 ], [ 103.0932, 11.3673 ], [ 103.0937, 11.3636 ], [ 103.1002, 11.3641 ], [ 103.1013, 11.366 ], [ 103.0937, 11.3673 ], [ 103.0991, 11.3676 ], [ 103.0975, 11.3725 ], [ 103.1024, 11.3749 ], [ 103.1018, 11.3679 ], [ 103.1064, 11.3663 ], [ 103.1021, 11.3638 ], [ 103.1026, 11.3614 ], [ 103.1045, 11.3633 ], [ 103.1026, 11.359 ], [ 103.0986, 11.3591 ], [ 103.1001, 11.3573 ], [ 103.0981, 11.3534 ], [ 103.0937, 11.3593 ], [ 103.0972, 11.3603 ], [ 103.0959, 11.3631 ], [ 103.0921, 11.3633 ], [ 103.0945, 11.3611 ], [ 103.0931, 11.3611 ], [ 103.0935, 11.355 ], [ 103.0913, 11.3625 ] ] ] } },
{ "type": "Feature", "properties": { "to": "Agricultural land", "kh": "ដីកសិកម្ម", "ha": 75980 }, "geometry": { "type": "Polygon", "coordinates": [ [ [ 103.0972, 11.3988 ], [ 103.0978, 11.4051 ], [ 103.0935, 11.4078 ], [ 103.0937, 11.4032 ], [ 103.0902, 11.4036 ], [ 103.0883, 11.4086 ], [ 103.0932, 11.4089 ], [ 103.0945, 11.4113 ], [ 103.0859, 11.414 ], [ 103.0843, 11.4167 ], [ 103.087, 11.4197 ], [ 103.0805, 11.4194 ], [ 103.0805, 11.424 ], [ 103.0783, 11.4251 ], [ 103.0805, 11.4281 ], [ 103.0835, 11.4259 ], [ 103.0902, 11.4272 ], [ 103.0881, 11.4245 ], [ 103.0908, 11.4237 ], [ 103.0932, 11.4267 ], [ 103.0883, 11.4289 ], [ 103.0967, 11.4302 ], [ 103.0959, 11.4256 ], [ 103.0972, 11.4286 ], [ 103.101, 11.4281 ], [ 103.0986, 11.4216 ], [ 103.101, 11.4202 ], [ 103.1042, 11.4243 ], [ 103.1018, 11.4275 ], [ 103.1102, 11.4237 ], [ 103.1113, 11.4154 ], [ 103.1061, 11.4146 ], [ 103.108, 11.4127 ], [ 103.1053, 11.4105 ], [ 103.108, 11.4062 ], [ 103.1005, 11.407 ], [ 103.1018, 11.4027 ], [ 103.0972, 11.3988 ] ] ] } },
{ "type": "Feature", "properties": { "to": "Agricultural land", "kh": "ដីកសិកម្ម", "ha": 75980 }, "geometry": { "type": "Polygon", "coordinates": [ [ [ 103.0743, 11.5141 ], [ 103.0707, 11.5089 ], [ 103.069, 11.5089 ], [ 103.0716, 11.5082 ], [ 103.0686, 11.5036 ], [ 103.0662, 11.5084 ], [ 103.0684, 11.5084 ], [ 103.0689, 11.509 ], [ 103.0703, 11.509 ], [ 103.0703, 11.5106 ], [ 103.0649, 11.5093 ], [ 103.0649, 11.513 ], [ 103.0678, 11.5111 ], [ 103.0676, 11.5138 ], [ 103.0705, 11.5138 ], [ 103.0694, 11.5157 ], [ 103.0721, 11.513 ], [ 103.0743, 11.5141 ] ] ] } },
{ "type": "Feature", "properties": { "to": "Agricultural land", "kh": "ដីកសិកម្ម", "ha": 75980 }, "geometry": { "type": "Polygon", "coordinates": [ [ [ 103.0649, 11.54 ], [ 103.0644, 11.5379 ], [ 103.0631, 11.5454 ], [ 103.0635, 11.5384 ], [ 103.0592, 11.54 ], [ 103.0581, 11.5449 ], [ 103.0616, 11.5457 ], [ 103.0622, 11.5424 ], [ 103.0624, 11.5465 ], [ 103.057, 11.5497 ], [ 103.0616, 11.5505 ], [ 103.0605, 11.5573 ], [ 103.0622, 11.5554 ], [ 103.0627, 11.5586 ], [ 103.0659, 11.5581 ], [ 103.067, 11.5624 ], [ 103.0697, 11.5624 ], [ 103.0711, 11.5603 ], [ 103.0667, 11.5597 ], [ 103.0694, 11.557 ], [ 103.0654, 11.5578 ], [ 103.0689, 11.553 ], [ 103.0646, 11.5562 ], [ 103.063, 11.5543 ], [ 103.0649, 11.5524 ], [ 103.0619, 11.5535 ], [ 103.0619, 11.5495 ], [ 103.07, 11.5468 ], [ 103.0692, 11.5495 ], [ 103.0751, 11.5497 ], [ 103.0732, 11.5454 ], [ 103.0676, 11.5435 ], [ 103.0676, 11.54 ], [ 103.0765, 11.5443 ], [ 103.074, 11.5403 ], [ 103.0778, 11.5384 ], [ 103.0783, 11.5327 ], [ 103.0805, 11.5298 ], [ 103.0843, 11.5303 ], [ 103.0843, 11.5281 ], [ 103.0864, 11.5295 ], [ 103.0862, 11.5265 ], [ 103.0908, 11.5219 ], [ 103.0881, 11.5206 ], [ 103.084, 11.5244 ], [ 103.0775, 11.5246 ], [ 103.0767, 11.5209 ], [ 103.0824, 11.5219 ], [ 103.08, 11.5203 ], [ 103.0748, 11.5211 ], [ 103.0745, 11.5149 ], [ 103.0718, 11.5147 ], [ 103.0706, 11.5219 ], [ 103.077, 11.5257 ], [ 103.0756, 11.5275 ], [ 103.0799, 11.5276 ], [ 103.0703, 11.533 ], [ 103.0716, 11.5352 ], [ 103.0703, 11.5368 ], [ 103.0691, 11.5327 ], [ 103.0649, 11.54 ] ] ] } },
{ "type": "Feature", "properties": { "to": "Agricultural land", "kh": "ដីកសិកម្ម", "ha": 75980 }, "geometry": { "type": "Polygon", "coordinates": [ [ [ 103.0438, 11.5996 ], [ 103.0438, 11.6083 ], [ 103.0454, 11.608 ], [ 103.0438, 11.6088 ], [ 103.0422, 11.6083 ], [ 103.0425, 11.6112 ], [ 103.039, 11.6077 ], [ 103.0365, 11.6088 ], [ 103.0384, 11.6153 ], [ 103.0319, 11.618 ], [ 103.0398, 11.6193 ], [ 103.0398, 11.622 ], [ 103.0365, 11.621 ], [ 103.0392, 11.6239 ], [ 103.0357, 11.6253 ], [ 103.0363, 11.628 ], [ 103.0462, 11.625 ], [ 103.0508, 11.6317 ], [ 103.056, 11.6317 ], [ 103.056, 11.6299 ], [ 103.0624, 11.6317 ], [ 103.0613, 11.6344 ], [ 103.0657, 11.6336 ], [ 103.0676, 11.6388 ], [ 103.0697, 11.6361 ], [ 103.0762, 11.6428 ], [ 103.078, 11.6378 ], [ 103.0724, 11.638 ], [ 103.0724, 11.6358 ], [ 103.0756, 11.6369 ], [ 103.0859, 11.6327 ], [ 103.0864, 11.6245 ], [ 103.0824, 11.6223 ], [ 103.0754, 11.6258 ], [ 103.0754, 11.6218 ], [ 103.0727, 11.6218 ], [ 103.0716, 11.6264 ], [ 103.0646, 11.6299 ], [ 103.0568, 11.629 ], [ 103.0581, 11.6264 ], [ 103.0562, 11.6255 ], [ 103.0551, 11.629 ], [ 103.0516, 11.6293 ], [ 103.0468, 11.6258 ], [ 103.0506, 11.6196 ], [ 103.0465, 11.6191 ], [ 103.0452, 11.6158 ], [ 103.0414, 11.6174 ], [ 103.0457, 11.6131 ], [ 103.0433, 11.6137 ], [ 103.0441, 11.6087 ], [ 103.0457, 11.6096 ], [ 103.0457, 11.6075 ], [ 103.0449, 11.6064 ], [ 103.053, 11.6045 ], [ 103.0551, 11.6045 ], [ 103.053, 11.6064 ], [ 103.0551, 11.6094 ], [ 103.0479, 11.6064 ], [ 103.0476, 11.6137 ], [ 103.0524, 11.6099 ], [ 103.0557, 11.6126 ], [ 103.0527, 11.6137 ], [ 103.0541, 11.6164 ], [ 103.0603, 11.6158 ], [ 103.0603, 11.6131 ], [ 103.056, 11.6137 ], [ 103.0584, 11.6072 ], [ 103.0549, 11.6072 ], [ 103.0659, 11.6015 ], [ 103.0708, 11.6021 ], [ 103.0697, 11.5964 ], [ 103.0738, 11.5945 ], [ 103.0716, 11.5932 ], [ 103.0786, 11.5942 ], [ 103.0781, 11.5913 ], [ 103.0703, 11.5883 ], [ 103.0651, 11.5902 ], [ 103.0646, 11.5845 ], [ 103.0684, 11.5794 ], [ 103.0662, 11.5759 ], [ 103.0622, 11.5756 ], [ 103.0619, 11.5681 ], [ 103.0646, 11.5632 ], [ 103.0597, 11.5638 ], [ 103.0621, 11.5655 ], [ 103.0579, 11.5705 ], [ 103.0608, 11.5689 ], [ 103.0616, 11.5721 ], [ 103.0584, 11.5764 ], [ 103.0613, 11.5767 ], [ 103.0624, 11.581 ], [ 103.06, 11.5813 ], [ 103.0613, 11.5832 ], [ 103.057, 11.5913 ], [ 103.0643, 11.591 ], [ 103.0651, 11.5932 ], [ 103.0619, 11.5926 ], [ 103.0568, 11.5969 ], [ 103.0487, 11.5969 ], [ 103.0497, 11.6048 ], [ 103.0461, 11.6055 ], [ 103.0486, 11.6047 ], [ 103.0452, 11.6002 ], [ 103.0465, 11.5978 ], [ 103.0409, 11.6005 ], [ 103.0438, 11.5996 ] ] ] } },
{ "type": "Feature", "properties": { "to": "Agricultural land", "kh": "ដីកសិកម្ម", "ha": 75980 }, "geometry": { "type": "Polygon", "coordinates": [ [ [ 103.0295, 11.6102 ], [ 103.0252, 11.6088 ], [ 103.0271, 11.6139 ], [ 103.0311, 11.6156 ], [ 103.0319, 11.6112 ], [ 103.0354, 11.6115 ], [ 103.0346, 11.6061 ], [ 103.0276, 11.608 ], [ 103.0295, 11.6102 ] ] ] } },
{ "type": "Feature", "properties": { "to": "Agricultural land", "kh": "ដីកសិកម្ម", "ha": 75980 }, "geometry": { "type": "Polygon", "coordinates": [ [ [ 103.0874, 11.6468 ], [ 103.0864, 11.638 ], [ 103.0832, 11.637 ], [ 103.0812, 11.6417 ], [ 103.0846, 11.6412 ], [ 103.0832, 11.6493 ], [ 103.0846, 11.6463 ], [ 103.0874, 11.6468 ] ] ] } },
{ "type": "Feature", "properties": { "to": "Agricultural land", "kh": "ដីកសិកម្ម", "ha": 75980 }, "geometry": { "type": "Polygon", "coordinates": [ [ [ 103.0948, 11.6587 ], [ 103.0937, 11.6606 ], [ 103.0997, 11.659 ], [ 103.0956, 11.6558 ], [ 103.0964, 11.6525 ], [ 103.0924, 11.6552 ], [ 103.0918, 11.6582 ], [ 103.0948, 11.6587 ] ] ] } },
{ "type": "Feature", "properties": { "to": "Agricultural land", "kh": "ដីកសិកម្ម", "ha": 75980 }, "geometry": { "type": "Polygon", "coordinates": [ [ [ 103.0681, 11.8659 ], [ 103.0724, 11.8622 ], [ 103.0762, 11.8643 ], [ 103.0743, 11.8675 ], [ 103.0783, 11.8667 ], [ 103.077, 11.8616 ], [ 103.0727, 11.8592 ], [ 103.0681, 11.8613 ], [ 103.0667, 11.8673 ], [ 103.0686, 11.8724 ], [ 103.0681, 11.8659 ] ] ] } },
{ "type": "Feature", "properties": { "to": "Agricultural land", "kh": "ដីកសិកម្ម", "ha": 75980 }, "geometry": { "type": "Polygon", "coordinates": [ [ [ 103.1658, 10.886 ], [ 103.1582, 10.8814 ], [ 103.1637, 10.8831 ], [ 103.1633, 10.8763 ], [ 103.1542, 10.8814 ], [ 103.1533, 10.8836 ], [ 103.1533, 10.8871 ], [ 103.1536, 10.8851 ], [ 103.1555, 10.8854 ], [ 103.1531, 10.8893 ], [ 103.1644, 10.8952 ], [ 103.1658, 10.8914 ], [ 103.162, 10.8909 ], [ 103.1658, 10.886 ] ] ] } },
{ "type": "Feature", "properties": { "to": "Agricultural land", "kh": "ដីកសិកម្ម", "ha": 75980 }, "geometry": { "type": "Polygon", "coordinates": [ [ [ 103.1512, 10.9157 ], [ 103.1434, 10.9162 ], [ 103.1488, 10.9146 ], [ 103.1471, 10.909 ], [ 103.1533, 10.9103 ], [ 103.1531, 10.9138 ], [ 103.1552, 10.9135 ], [ 103.1542, 10.9057 ], [ 103.1453, 10.9082 ], [ 103.1401, 10.9125 ], [ 103.1407, 10.9144 ], [ 103.1434, 10.9106 ], [ 103.1469, 10.9103 ], [ 103.1469, 10.9133 ], [ 103.1439, 10.9149 ], [ 103.1423, 10.913 ], [ 103.1409, 10.9154 ], [ 103.1463, 10.9203 ], [ 103.1482, 10.9189 ], [ 103.1453, 10.9173 ], [ 103.1512, 10.9157 ] ] ] } },
{ "type": "Feature", "properties": { "to": "Agricultural land", "kh": "ដីកសិកម្ម", "ha": 75980 }, "geometry": { "type": "Polygon", "coordinates": [ [ [ 103.1245, 10.92 ], [ 103.1291, 10.9233 ], [ 103.1277, 10.9203 ], [ 103.1318, 10.9165 ], [ 103.1285, 10.9148 ], [ 103.128, 10.9176 ], [ 103.1207, 10.9195 ], [ 103.1169, 10.9276 ], [ 103.1212, 10.9206 ], [ 103.1245, 10.92 ] ] ] } },
{ "type": "Feature", "properties": { "to": "Agricultural land", "kh": "ដីកសិកម្ម", "ha": 75980 }, "geometry": { "type": "Polygon", "coordinates": [ [ [ 103.1431, 10.9243 ], [ 103.1345, 10.9243 ], [ 103.1377, 10.926 ], [ 103.1355, 10.93 ], [ 103.1342, 10.9254 ], [ 103.1237, 10.9292 ], [ 103.1185, 10.9268 ], [ 103.1207, 10.9308 ], [ 103.1175, 10.9295 ], [ 103.1172, 10.9327 ], [ 103.1266, 10.9335 ], [ 103.1283, 10.9311 ], [ 103.1277, 10.9362 ], [ 103.1196, 10.9365 ], [ 103.1256, 10.9373 ], [ 103.1242, 10.9408 ], [ 103.1264, 10.9446 ], [ 103.1301, 10.9443 ], [ 103.1296, 10.9408 ], [ 103.1385, 10.9446 ], [ 103.1401, 10.9389 ], [ 103.1355, 10.9365 ], [ 103.1374, 10.937 ], [ 103.1401, 10.9319 ], [ 103.1366, 10.9292 ], [ 103.1396, 10.9284 ], [ 103.1374, 10.927 ], [ 103.1401, 10.9278 ], [ 103.1396, 10.926 ], [ 103.1426, 10.9268 ], [ 103.1431, 10.9243 ] ] ] } },
{ "type": "Feature", "properties": { "to": "Agricultural land", "kh": "ដីកសិកម្ម", "ha": 75980 }, "geometry": { "type": "Polygon", "coordinates": [ [ [ 103.12, 10.943 ], [ 103.1151, 10.944 ], [ 103.1156, 10.9421 ], [ 103.1112, 10.9402 ], [ 103.1096, 10.9434 ], [ 103.1107, 10.938 ], [ 103.1063, 10.9353 ], [ 103.1074, 10.944 ], [ 103.125, 10.9484 ], [ 103.125, 10.9448 ], [ 103.1214, 10.9454 ], [ 103.12, 10.943 ] ] ] } },
{ "type": "Feature", "properties": { "to": "Agricultural land", "kh": "ដីកសិកម្ម", "ha": 75980 }, "geometry": { "type": "Polygon", "coordinates": [ [ [ 103.1059, 10.9447 ], [ 103.1015, 10.9502 ], [ 103.1061, 10.9532 ], [ 103.1053, 10.9562 ], [ 103.1024, 10.9564 ], [ 103.1034, 10.9583 ], [ 103.1091, 10.9562 ], [ 103.1099, 10.9608 ], [ 103.121, 10.9578 ], [ 103.1159, 10.9459 ], [ 103.1101, 10.9475 ], [ 103.1087, 10.9533 ], [ 103.1073, 10.9488 ], [ 103.1094, 10.947 ], [ 103.1052, 10.9426 ], [ 103.103, 10.9424 ], [ 103.1059, 10.9447 ] ] ] } },
{ "type": "Feature", "properties": { "to": "Agricultural land", "kh": "ដីកសិកម្ម", "ha": 75980 }, "geometry": { "type": "Polygon", "coordinates": [ [ [ 103.1409, 10.9586 ], [ 103.131, 10.9551 ], [ 103.1301, 10.9512 ], [ 103.1301, 10.9548 ], [ 103.1328, 10.9608 ], [ 103.1361, 10.9632 ], [ 103.1347, 10.9651 ], [ 103.1401, 10.9662 ], [ 103.1434, 10.964 ], [ 103.1409, 10.9586 ] ] ] } },
{ "type": "Feature", "properties": { "to": "Agricultural land", "kh": "ដីកសិកម្ម", "ha": 75980 }, "geometry": { "type": "Polygon", "coordinates": [ [ [ 103.1103, 10.9748 ], [ 103.1102, 10.9868 ], [ 103.1134, 10.9844 ], [ 103.1142, 10.9864 ], [ 103.1186, 10.9861 ], [ 103.1159, 10.9813 ], [ 103.1229, 10.9829 ], [ 103.1204, 10.9791 ], [ 103.1229, 10.9799 ], [ 103.1256, 10.9753 ], [ 103.1212, 10.9748 ], [ 103.1253, 10.9745 ], [ 103.1218, 10.9689 ], [ 103.1256, 10.968 ], [ 103.1202, 10.9678 ], [ 103.1218, 10.964 ], [ 103.1134, 10.9616 ], [ 103.1094, 10.9645 ], [ 103.1137, 10.9678 ], [ 103.1103, 10.9748 ] ] ] } },
{ "type": "Feature", "properties": { "to": "Agricultural land", "kh": "ដីកសិកម្ម", "ha": 75980 }, "geometry": { "type": "Polygon", "coordinates": [ [ [ 103.1134, 10.9925 ], [ 103.1131, 11.0136 ], [ 103.1196, 11.0188 ], [ 103.1239, 11.0126 ], [ 103.1185, 11.0109 ], [ 103.1215, 11.0101 ], [ 103.1168, 11.0072 ], [ 103.1183, 10.9984 ], [ 103.1255, 11.0099 ], [ 103.1261, 11.0082 ], [ 103.128, 11.0085 ], [ 103.1269, 11.0112 ], [ 103.1312, 11.0112 ], [ 103.132, 11.0072 ], [ 103.1347, 11.0088 ], [ 103.1345, 11.0053 ], [ 103.1299, 11.008 ], [ 103.1304, 11.0058 ], [ 103.1258, 11.0072 ], [ 103.1231, 11.0047 ], [ 103.1226, 11.0015 ], [ 103.128, 11.0012 ], [ 103.1226, 11.0012 ], [ 103.1207, 10.9985 ], [ 103.1242, 10.9961 ], [ 103.1237, 10.9926 ], [ 103.1226, 10.9948 ], [ 103.1204, 10.9939 ], [ 103.1242, 10.9915 ], [ 103.1237, 10.9869 ], [ 103.1204, 10.9856 ], [ 103.1145, 10.9869 ], [ 103.1204, 10.9861 ], [ 103.1216, 10.9884 ], [ 103.1134, 10.9925 ] ] ] } },
{ "type": "Feature", "properties": { "to": "Agricultural land", "kh": "ដីកសិកម្ម", "ha": 75980 }, "geometry": { "type": "Polygon", "coordinates": [ [ [ 103.1293, 11.0859 ], [ 103.1301, 11.0787 ], [ 103.1266, 11.0838 ], [ 103.1261, 11.0762 ], [ 103.1239, 11.0762 ], [ 103.1239, 11.0787 ], [ 103.1207, 11.076 ], [ 103.1199, 11.0781 ], [ 103.1221, 11.0784 ], [ 103.1196, 11.0803 ], [ 103.118, 11.0722 ], [ 103.111, 11.0711 ], [ 103.118, 11.0679 ], [ 103.1188, 11.0644 ], [ 103.1137, 11.0627 ], [ 103.115, 11.0679 ], [ 103.1094, 11.07 ], [ 103.1113, 11.0738 ], [ 103.1167, 11.0754 ], [ 103.1177, 11.0822 ], [ 103.1148, 11.0833 ], [ 103.115, 11.0865 ], [ 103.1192, 11.0858 ], [ 103.1184, 11.0791 ], [ 103.121, 11.0825 ], [ 103.1244, 11.0833 ], [ 103.1236, 11.0884 ], [ 103.1293, 11.0859 ] ] ] } },
{ "type": "Feature", "properties": { "to": "Agricultural land", "kh": "ដីកសិកម្ម", "ha": 75980 }, "geometry": { "type": "Polygon", "coordinates": [ [ [ 103.1151, 11.1234 ], [ 103.1167, 11.1329 ], [ 103.1158, 11.1356 ], [ 103.1134, 11.1334 ], [ 103.113, 11.1458 ], [ 103.1183, 11.1391 ], [ 103.1206, 11.1402 ], [ 103.1204, 11.1186 ], [ 103.1218, 11.1221 ], [ 103.1238, 11.1106 ], [ 103.125, 11.1091 ], [ 103.1259, 11.1144 ], [ 103.1296, 11.1113 ], [ 103.1256, 11.1075 ], [ 103.1301, 11.1046 ], [ 103.1258, 11.1048 ], [ 103.1237, 11.1081 ], [ 103.1269, 11.1021 ], [ 103.1231, 11.1002 ], [ 103.1194, 11.1032 ], [ 103.1191, 11.1175 ], [ 103.1161, 11.1162 ], [ 103.1188, 11.1143 ], [ 103.1188, 11.1097 ], [ 103.1167, 11.1092 ], [ 103.1159, 11.1143 ], [ 103.1158, 11.1197 ], [ 103.118, 11.1226 ], [ 103.1151, 11.1234 ] ] ] } },
{ "type": "Feature", "properties": { "to": "Agricultural land", "kh": "ដីកសិកម្ម", "ha": 75980 }, "geometry": { "type": "Polygon", "coordinates": [ [ [ 103.1444, 11.1458 ], [ 103.1426, 11.1472 ], [ 103.1423, 11.1448 ], [ 103.1455, 11.1429 ], [ 103.1412, 11.1426 ], [ 103.1399, 11.151 ], [ 103.1364, 11.145 ], [ 103.1337, 11.1456 ], [ 103.1337, 11.1531 ], [ 103.1404, 11.1588 ], [ 103.1427, 11.1575 ], [ 103.1444, 11.1458 ] ] ] } },
{ "type": "Feature", "properties": { "to": "Agricultural land", "kh": "ដីកសិកម្ម", "ha": 75980 }, "geometry": { "type": "Polygon", "coordinates": [ [ [ 103.1663, 11.2012 ], [ 103.166, 11.199 ], [ 103.1703, 11.1966 ], [ 103.1676, 11.1933 ], [ 103.135, 11.2098 ], [ 103.125, 11.2111 ], [ 103.1237, 11.2146 ], [ 103.1266, 11.2198 ], [ 103.1279, 11.2172 ], [ 103.1281, 11.2203 ], [ 103.1388, 11.2205 ], [ 103.1366, 11.2165 ], [ 103.1401, 11.2179 ], [ 103.1399, 11.2208 ], [ 103.1473, 11.2197 ], [ 103.1473, 11.2223 ], [ 103.138, 11.2214 ], [ 103.139, 11.2249 ], [ 103.1369, 11.2257 ], [ 103.1372, 11.2218 ], [ 103.1318, 11.2211 ], [ 103.1347, 11.2249 ], [ 103.1312, 11.2262 ], [ 103.13, 11.2211 ], [ 103.1303, 11.2256 ], [ 103.1281, 11.2267 ], [ 103.1296, 11.2229 ], [ 103.1269, 11.2219 ], [ 103.1277, 11.2249 ], [ 103.125, 11.2271 ], [ 103.128, 11.2271 ], [ 103.128, 11.2295 ], [ 103.1229, 11.226 ], [ 103.1234, 11.23 ], [ 103.1285, 11.2324 ], [ 103.1293, 11.2295 ], [ 103.1328, 11.2292 ], [ 103.1288, 11.2335 ], [ 103.1342, 11.233 ], [ 103.1415, 11.2227 ], [ 103.1426, 11.2244 ], [ 103.1539, 11.2222 ], [ 103.149, 11.2219 ], [ 103.1498, 11.219 ], [ 103.1617, 11.2079 ], [ 103.1628, 11.2036 ], [ 103.1571, 11.1989 ], [ 103.1651, 11.1966 ], [ 103.1633, 11.2017 ], [ 103.1663, 11.2012 ] ], [ [ 103.1511, 11.213 ], [ 103.143, 11.2185 ], [ 103.1449, 11.2128 ], [ 103.1385, 11.2121 ], [ 103.1563, 11.201 ], [ 103.1581, 11.2069 ], [ 103.148, 11.2105 ], [ 103.1511, 11.213 ] ] ] } },
{ "type": "Feature", "properties": { "to": "Agricultural land", "kh": "ដីកសិកម្ម", "ha": 75980 }, "geometry": { "type": "Polygon", "coordinates": [ [ [ 103.115, 11.295 ], [ 103.1102, 11.2929 ], [ 103.1083, 11.2964 ], [ 103.1145, 11.2961 ], [ 103.115, 11.2988 ], [ 103.1115, 11.2991 ], [ 103.1153, 11.3007 ], [ 103.1223, 11.2967 ], [ 103.1188, 11.2932 ], [ 103.1191, 11.295 ], [ 103.1167, 11.2929 ], [ 103.115, 11.295 ] ] ] } },
{ "type": "Feature", "properties": { "to": "Agricultural land", "kh": "ដីកសិកម្ម", "ha": 75980 }, "geometry": { "type": "Polygon", "coordinates": [ [ [ 103.1644, 11.3428 ], [ 103.1666, 11.3387 ], [ 103.1633, 11.3374 ], [ 103.1566, 11.3401 ], [ 103.152, 11.3379 ], [ 103.1466, 11.3409 ], [ 103.149, 11.345 ], [ 103.1577, 11.3436 ], [ 103.1605, 11.3487 ], [ 103.1633, 11.3479 ], [ 103.1631, 11.3441 ], [ 103.1658, 11.345 ], [ 103.1644, 11.3428 ] ] ] } },
{ "type": "Feature", "properties": { "to": "Agricultural land", "kh": "ដីកសិកម្ម", "ha": 75980 }, "geometry": { "type": "Polygon", "coordinates": [ [ [ 103.1285, 11.3536 ], [ 103.1212, 11.3571 ], [ 103.1223, 11.3609 ], [ 103.1196, 11.3606 ], [ 103.1196, 11.3628 ], [ 103.1221, 11.3625 ], [ 103.1212, 11.3706 ], [ 103.1234, 11.3719 ], [ 103.1229, 11.3679 ], [ 103.1312, 11.353 ], [ 103.1274, 11.3517 ], [ 103.1285, 11.3536 ] ] ] } },
{ "type": "Feature", "properties": { "to": "Agricultural land", "kh": "ដីកសិកម្ម", "ha": 75980 }, "geometry": { "type": "Polygon", "coordinates": [ [ [ 103.1137, 11.3814 ], [ 103.1202, 11.3857 ], [ 103.1202, 11.3816 ], [ 103.1245, 11.3819 ], [ 103.1234, 11.3776 ], [ 103.1261, 11.3765 ], [ 103.1215, 11.3725 ], [ 103.1177, 11.3752 ], [ 103.1185, 11.3714 ], [ 103.1153, 11.3698 ], [ 103.1126, 11.3746 ], [ 103.1148, 11.3762 ], [ 103.1126, 11.3846 ], [ 103.1042, 11.387 ], [ 103.1131, 11.3862 ], [ 103.1137, 11.3814 ] ] ] } },
{ "type": "Feature", "properties": { "to": "Agricultural land", "kh": "ដីកសិកម្ម", "ha": 75980 }, "geometry": { "type": "Polygon", "coordinates": [ [ [ 103.1598, 11.5295 ], [ 103.1558, 11.5052 ], [ 103.1585, 11.4952 ], [ 103.1582, 11.4885 ], [ 103.1552, 11.5009 ], [ 103.1577, 11.5257 ], [ 103.1593, 11.5295 ], [ 103.1571, 11.5354 ], [ 103.1598, 11.5346 ], [ 103.1598, 11.5295 ] ] ] } },
{ "type": "Feature", "properties": { "to": "Agricultural land", "kh": "ដីកសិកម្ម", "ha": 75980 }, "geometry": { "type": "Polygon", "coordinates": [ [ [ 103.1933, 10.8887 ], [ 103.1941, 10.8825 ], [ 103.1909, 10.8844 ], [ 103.1906, 10.8885 ], [ 103.1865, 10.8879 ], [ 103.1868, 10.8906 ], [ 103.1825, 10.892 ], [ 103.1825, 10.8944 ], [ 103.1933, 10.8887 ] ] ] } },
{ "type": "Feature", "properties": { "to": "Agricultural land", "kh": "ដីកសិកម្ម", "ha": 75980 }, "geometry": { "type": "Polygon", "coordinates": [ [ [ 103.1674, 10.9009 ], [ 103.1664, 10.8971 ], [ 103.162, 10.8982 ], [ 103.1598, 10.9014 ], [ 103.1596, 10.909 ], [ 103.1639, 10.9082 ], [ 103.1606, 10.9057 ], [ 103.1617, 10.9011 ], [ 103.1674, 10.9009 ] ] ] } },
{ "type": "Feature", "properties": { "to": "Agricultural land", "kh": "ដីកសិកម្ម", "ha": 75980 }, "geometry": { "type": "Polygon", "coordinates": [ [ [ 103.1976, 10.906 ], [ 103.1945, 10.9038 ], [ 103.1958, 10.9082 ], [ 103.1903, 10.9084 ], [ 103.1941, 10.9133 ], [ 103.1884, 10.9152 ], [ 103.1892, 10.913 ], [ 103.1873, 10.9162 ], [ 103.1933, 10.9144 ], [ 103.1941, 10.9168 ], [ 103.1951, 10.9135 ], [ 103.1965, 10.9162 ], [ 103.2002, 10.9154 ], [ 103.1977, 10.9098 ], [ 103.1997, 10.9088 ], [ 103.196, 10.9068 ], [ 103.1976, 10.906 ] ] ] } },
{ "type": "Feature", "properties": { "to": "Agricultural land", "kh": "ដីកសិកម្ម", "ha": 75980 }, "geometry": { "type": "Polygon", "coordinates": [ [ [ 103.1792, 10.9071 ], [ 103.1744, 10.909 ], [ 103.1741, 10.9057 ], [ 103.1712, 10.9046 ], [ 103.1709, 10.9082 ], [ 103.1739, 10.9095 ], [ 103.1725, 10.9122 ], [ 103.1763, 10.9129 ], [ 103.1784, 10.9179 ], [ 103.1822, 10.9149 ], [ 103.1792, 10.9152 ], [ 103.1776, 10.9111 ], [ 103.1855, 10.9109 ], [ 103.1852, 10.9087 ], [ 103.1884, 10.9076 ], [ 103.1792, 10.9095 ], [ 103.1792, 10.9071 ] ] ] } },
{ "type": "Feature", "properties": { "to": "Agricultural land", "kh": "ដីកសិកម្ម", "ha": 75980 }, "geometry": { "type": "Polygon", "coordinates": [ [ [ 103.2305, 10.9173 ], [ 103.2319, 10.9157 ], [ 103.2295, 10.9123 ], [ 103.2181, 10.9095 ], [ 103.2178, 10.9063 ], [ 103.2165, 10.9117 ], [ 103.2122, 10.9111 ], [ 103.2157, 10.9144 ], [ 103.2189, 10.9133 ], [ 103.2178, 10.9168 ], [ 103.2211, 10.9157 ], [ 103.2205, 10.9199 ], [ 103.234, 10.9199 ], [ 103.2305, 10.9173 ] ] ] } },
{ "type": "Feature", "properties": { "to": "Agricultural land", "kh": "ដីកសិកម្ម", "ha": 75980 }, "geometry": { "type": "Polygon", "coordinates": [ [ [ 103.207, 10.9176 ], [ 103.207, 10.9233 ], [ 103.2046, 10.9254 ], [ 103.2016, 10.9257 ], [ 103.2022, 10.9219 ], [ 103.1976, 10.9235 ], [ 103.1989, 10.9254 ], [ 103.2025, 10.926 ], [ 103.2022, 10.9281 ], [ 103.1998, 10.9262 ], [ 103.195, 10.928 ], [ 103.1988, 10.9307 ], [ 103.201, 10.9292 ], [ 103.1997, 10.9308 ], [ 103.2035, 10.9287 ], [ 103.2049, 10.9314 ], [ 103.2051, 10.9284 ], [ 103.2108, 10.9292 ], [ 103.2132, 10.9343 ], [ 103.2165, 10.931 ], [ 103.2164, 10.922 ], [ 103.213, 10.9168 ], [ 103.207, 10.9176 ] ] ] } },
{ "type": "Feature", "properties": { "to": "Agricultural land", "kh": "ដីកសិកម្ម", "ha": 75980 }, "geometry": { "type": "Polygon", "coordinates": [ [ [ 103.2038, 10.9834 ], [ 103.203, 10.9805 ], [ 103.2014, 10.9832 ], [ 103.2008, 10.9799 ], [ 103.1989, 10.984 ], [ 103.1992, 10.9805 ], [ 103.1922, 10.9807 ], [ 103.1914, 10.977 ], [ 103.1892, 10.9823 ], [ 103.1882, 10.9775 ], [ 103.1844, 10.9756 ], [ 103.1876, 10.984 ], [ 103.1811, 10.9799 ], [ 103.1809, 10.9837 ], [ 103.1911, 10.9843 ], [ 103.1941, 10.9816 ], [ 103.1958, 10.9845 ], [ 103.2087, 10.985 ], [ 103.2108, 10.9796 ], [ 103.207, 10.984 ], [ 103.2038, 10.9834 ] ] ] } },
{ "type": "Feature", "properties": { "to": "Agricultural land", "kh": "ដីកសិកម្ម", "ha": 75980 }, "geometry": { "type": "Polygon", "coordinates": [ [ [ 103.1981, 11.0002 ], [ 103.1954, 10.9958 ], [ 103.1989, 10.9953 ], [ 103.1935, 10.9953 ], [ 103.1949, 10.9921 ], [ 103.1938, 10.9873 ], [ 103.1941, 10.9895 ], [ 103.1859, 10.9886 ], [ 103.1905, 10.9879 ], [ 103.1886, 10.9862 ], [ 103.1911, 10.9849 ], [ 103.1706, 10.9848 ], [ 103.1725, 10.9891 ], [ 103.1766, 10.9859 ], [ 103.1839, 10.9884 ], [ 103.1819, 10.9894 ], [ 103.1819, 10.9929 ], [ 103.1841, 10.9912 ], [ 103.1822, 10.9956 ], [ 103.186, 10.9985 ], [ 103.1895, 10.998 ], [ 103.1911, 11.001 ], [ 103.1969, 10.9986 ], [ 103.1981, 11.0002 ] ] ] } },
{ "type": "Feature", "properties": { "to": "Agricultural land", "kh": "ដីកសិកម្ម", "ha": 75980 }, "geometry": { "type": "Polygon", "coordinates": [ [ [ 103.2141, 11.0026 ], [ 103.2176, 11.0027 ], [ 103.2176, 10.9937 ], [ 103.2213, 10.9902 ], [ 103.2103, 10.9872 ], [ 103.2122, 10.9912 ], [ 103.2097, 10.9915 ], [ 103.21, 10.9937 ], [ 103.2119, 10.9918 ], [ 103.2124, 10.9937 ], [ 103.2075, 10.9966 ], [ 103.2133, 10.9953 ], [ 103.2141, 11.0026 ] ] ] } },
{ "type": "Feature", "properties": { "to": "Agricultural land", "kh": "ដីកសិកម្ម", "ha": 75980 }, "geometry": { "type": "Polygon", "coordinates": [ [ [ 103.2068, 11.0012 ], [ 103.2008, 10.9999 ], [ 103.2039, 10.9974 ], [ 103.199, 10.9956 ], [ 103.1998, 10.9998 ], [ 103.1949, 11.0031 ], [ 103.2068, 11.0012 ] ] ] } },
{ "type": "Feature", "properties": { "to": "Agricultural land", "kh": "ដីកសិកម្ម", "ha": 75980 }, "geometry": { "type": "Polygon", "coordinates": [ [ [ 103.1987, 11.2157 ], [ 103.1871, 11.2171 ], [ 103.1817, 11.2149 ], [ 103.1722, 11.2206 ], [ 103.1679, 11.2273 ], [ 103.1628, 11.2289 ], [ 103.1641, 11.2316 ], [ 103.1606, 11.2333 ], [ 103.1612, 11.2373 ], [ 103.1695, 11.2384 ], [ 103.1709, 11.2314 ], [ 103.1803, 11.2376 ], [ 103.1906, 11.236 ], [ 103.1906, 11.2308 ], [ 103.1995, 11.233 ], [ 103.2027, 11.2306 ], [ 103.2014, 11.2279 ], [ 103.203, 11.2289 ], [ 103.2057, 11.2254 ], [ 103.2038, 11.2257 ], [ 103.2049, 11.2181 ], [ 103.1987, 11.2157 ] ], [ [ 103.2035, 11.2198 ], [ 103.2011, 11.226 ], [ 103.1995, 11.2246 ], [ 103.1981, 11.2268 ], [ 103.189, 11.2219 ], [ 103.1992, 11.2163 ], [ 103.2035, 11.2198 ] ] ] } },
{ "type": "Feature", "properties": { "to": "Agricultural land", "kh": "ដីកសិកម្ម", "ha": 75980 }, "geometry": { "type": "Polygon", "coordinates": [ [ [ 103.2095, 11.3374 ], [ 103.2168, 11.3401 ], [ 103.2194, 11.3371 ], [ 103.2127, 11.3369 ], [ 103.2151, 11.3358 ], [ 103.2143, 11.3328 ], [ 103.2065, 11.3336 ], [ 103.2051, 11.3374 ], [ 103.2016, 11.3379 ], [ 103.2011, 11.3425 ], [ 103.2049, 11.3387 ], [ 103.2097, 11.3406 ], [ 103.2095, 11.3374 ] ] ] } },
{ "type": "Feature", "properties": { "to": "Agricultural land", "kh": "ដីកសិកម្ម", "ha": 75980 }, "geometry": { "type": "Polygon", "coordinates": [ [ [ 103.1836, 11.3382 ], [ 103.1857, 11.3436 ], [ 103.1938, 11.3441 ], [ 103.1917, 11.3385 ], [ 103.1836, 11.3382 ] ] ] } },
{ "type": "Feature", "properties": { "to": "Agricultural land", "kh": "ដីកសិកម្ម", "ha": 75980 }, "geometry": { "type": "Polygon", "coordinates": [ [ [ 103.1803, 11.3423 ], [ 103.1817, 11.3385 ], [ 103.1687, 11.3382 ], [ 103.1676, 11.3406 ], [ 103.1682, 11.3439 ], [ 103.173, 11.3455 ], [ 103.1771, 11.3404 ], [ 103.1803, 11.3423 ] ] ] } },
{ "type": "Feature", "properties": { "to": "Agricultural land", "kh": "ដីកសិកម្ម", "ha": 75980 }, "geometry": { "type": "Polygon", "coordinates": [ [ [ 103.1791, 11.3916 ], [ 103.1806, 11.3905 ], [ 103.1779, 11.3903 ], [ 103.1809, 11.3881 ], [ 103.1774, 11.387 ], [ 103.1782, 11.3846 ], [ 103.176, 11.3854 ], [ 103.1809, 11.3816 ], [ 103.1787, 11.3781 ], [ 103.1857, 11.3765 ], [ 103.1841, 11.3736 ], [ 103.1871, 11.3733 ], [ 103.1868, 11.3752 ], [ 103.1909, 11.373 ], [ 103.1946, 11.3768 ], [ 103.1984, 11.3752 ], [ 103.1981, 11.3771 ], [ 103.2, 11.3746 ], [ 103.2011, 11.3773 ], [ 103.1844, 11.3803 ], [ 103.1841, 11.3825 ], [ 103.1914, 11.3816 ], [ 103.1906, 11.3881 ], [ 103.1868, 11.3897 ], [ 103.1879, 11.3978 ], [ 103.1841, 11.3957 ], [ 103.1852, 11.3932 ], [ 103.1809, 11.3962 ], [ 103.1822, 11.3992 ], [ 103.186, 11.3995 ], [ 103.1906, 11.3995 ], [ 103.189, 11.3973 ], [ 103.1911, 11.397 ], [ 103.1892, 11.3965 ], [ 103.1925, 11.3905 ], [ 103.1979, 11.3884 ], [ 103.1992, 11.3914 ], [ 103.2043, 11.3905 ], [ 103.206, 11.3879 ], [ 103.2022, 11.3846 ], [ 103.2095, 11.3838 ], [ 103.2097, 11.38 ], [ 103.2116, 11.383 ], [ 103.2162, 11.3798 ], [ 103.2213, 11.3806 ], [ 103.2208, 11.3757 ], [ 103.2227, 11.3773 ], [ 103.2254, 11.3754 ], [ 103.2262, 11.3806 ], [ 103.2429, 11.3771 ], [ 103.2383, 11.3771 ], [ 103.2418, 11.3746 ], [ 103.2383, 11.3741 ], [ 103.2391, 11.3719 ], [ 103.2443, 11.3709 ], [ 103.2432, 11.3679 ], [ 103.2453, 11.3692 ], [ 103.2464, 11.3673 ], [ 103.2475, 11.3695 ], [ 103.2528, 11.3614 ], [ 103.2523, 11.3581 ], [ 103.2551, 11.3574 ], [ 103.2551, 11.3547 ], [ 103.2524, 11.3544 ], [ 103.2548, 11.3506 ], [ 103.2507, 11.3533 ], [ 103.2516, 11.3485 ], [ 103.2548, 11.3482 ], [ 103.2534, 11.3428 ], [ 103.2572, 11.339 ], [ 103.2545, 11.3369 ], [ 103.2534, 11.3255 ], [ 103.2472, 11.3253 ], [ 103.2486, 11.3218 ], [ 103.2408, 11.3239 ], [ 103.244, 11.3253 ], [ 103.2413, 11.3293 ], [ 103.2383, 11.3274 ], [ 103.2359, 11.329 ], [ 103.2402, 11.3366 ], [ 103.2359, 11.3366 ], [ 103.2367, 11.3342 ], [ 103.2332, 11.3355 ], [ 103.2316, 11.332 ], [ 103.2235, 11.3336 ], [ 103.2238, 11.3298 ], [ 103.2359, 11.3242 ], [ 103.2367, 11.3196 ], [ 103.223, 11.3236 ], [ 103.2203, 11.3288 ], [ 103.2165, 11.3282 ], [ 103.2178, 11.3331 ], [ 103.2232, 11.3304 ], [ 103.2211, 11.3423 ], [ 103.227, 11.3436 ], [ 103.2267, 11.3409 ], [ 103.231, 11.3371 ], [ 103.2327, 11.3393 ], [ 103.2427, 11.3371 ], [ 103.2435, 11.3409 ], [ 103.2402, 11.3401 ], [ 103.2397, 11.3458 ], [ 103.2373, 11.3458 ], [ 103.2373, 11.3398 ], [ 103.2367, 11.346 ], [ 103.2332, 11.3458 ], [ 103.2302, 11.3412 ], [ 103.2319, 11.346 ], [ 103.2292, 11.3455 ], [ 103.2281, 11.3493 ], [ 103.2302, 11.3498 ], [ 103.2297, 11.3477 ], [ 103.2362, 11.352 ], [ 103.2381, 11.3506 ], [ 103.2397, 11.3536 ], [ 103.2456, 11.3525 ], [ 103.2451, 11.3544 ], [ 103.2364, 11.3547 ], [ 103.2367, 11.3528 ], [ 103.2308, 11.3525 ], [ 103.2284, 11.3498 ], [ 103.2235, 11.3544 ], [ 103.2227, 11.3517 ], [ 103.2132, 11.3525 ], [ 103.2124, 11.3463 ], [ 103.2173, 11.3487 ], [ 103.2178, 11.3436 ], [ 103.2138, 11.3458 ], [ 103.1987, 11.3458 ], [ 103.1957, 11.3401 ], [ 103.1949, 11.3455 ], [ 103.1871, 11.346 ], [ 103.1954, 11.3463 ], [ 103.1906, 11.3495 ], [ 103.1911, 11.3555 ], [ 103.1968, 11.3579 ], [ 103.1981, 11.3549 ], [ 103.2008, 11.3552 ], [ 103.2022, 11.3611 ], [ 103.1949, 11.3579 ], [ 103.1927, 11.363 ], [ 103.1865, 11.3598 ], [ 103.1809, 11.363 ], [ 103.1798, 11.3603 ], [ 103.176, 11.3614 ], [ 103.1798, 11.3579 ], [ 103.1795, 11.3547 ], [ 103.1693, 11.3485 ], [ 103.1695, 11.3536 ], [ 103.1641, 11.3533 ], [ 103.1614, 11.3625 ], [ 103.1577, 11.3601 ], [ 103.1544, 11.3622 ], [ 103.1663, 11.3641 ], [ 103.166, 11.3665 ], [ 103.1701, 11.3646 ], [ 103.1703, 11.3679 ], [ 103.1741, 11.3706 ], [ 103.1652, 11.3779 ], [ 103.1658, 11.3749 ], [ 103.1593, 11.3714 ], [ 103.1598, 11.3663 ], [ 103.1571, 11.3641 ], [ 103.1533, 11.3668 ], [ 103.1579, 11.3673 ], [ 103.1585, 11.3717 ], [ 103.1531, 11.3754 ], [ 103.1496, 11.3722 ], [ 103.1488, 11.3792 ], [ 103.1515, 11.383 ], [ 103.1555, 11.3792 ], [ 103.1539, 11.383 ], [ 103.1587, 11.3881 ], [ 103.1676, 11.3833 ], [ 103.169, 11.3865 ], [ 103.1652, 11.386 ], [ 103.1791, 11.3916 ] ], [ [ 103.2049, 11.3474 ], [ 103.2057, 11.3509 ], [ 103.2022, 11.3501 ], [ 103.2025, 11.3547 ], [ 103.1998, 11.3544 ], [ 103.1979, 11.346 ], [ 103.2103, 11.346 ], [ 103.2049, 11.3474 ] ], [ [ 103.1671, 11.3574 ], [ 103.1733, 11.3533 ], [ 103.1733, 11.3579 ], [ 103.1752, 11.3582 ], [ 103.1722, 11.3633 ], [ 103.1671, 11.3574 ] ] ] } },
{ "type": "Feature", "properties": { "to": "Agricultural land", "kh": "ដីកសិកម្ម", "ha": 75980 }, "geometry": { "type": "Polygon", "coordinates": [ [ [ 103.1666, 11.4119 ], [ 103.162, 11.4162 ], [ 103.1501, 11.4178 ], [ 103.148, 11.4213 ], [ 103.152, 11.4191 ], [ 103.1668, 11.4197 ], [ 103.1652, 11.4175 ], [ 103.1666, 11.4146 ], [ 103.1693, 11.4159 ], [ 103.1666, 11.4178 ], [ 103.1703, 11.4167 ], [ 103.1687, 11.4194 ], [ 103.1714, 11.42 ], [ 103.1712, 11.4154 ], [ 103.1744, 11.4189 ], [ 103.1825, 11.4131 ], [ 103.1806, 11.407 ], [ 103.1763, 11.4078 ], [ 103.1736, 11.4119 ], [ 103.1666, 11.4119 ] ] ] } },
{ "type": "Feature", "properties": { "to": "Agricultural land", "kh": "ដីកសិកម្ម", "ha": 75980 }, "geometry": { "type": "Polygon", "coordinates": [ [ [ 103.1776, 11.5713 ], [ 103.1763, 11.5727 ], [ 103.1752, 11.5694 ], [ 103.1771, 11.5656 ], [ 103.1747, 11.5654 ], [ 103.1741, 11.5516 ], [ 103.1714, 11.5508 ], [ 103.1749, 11.5756 ], [ 103.1671, 11.5745 ], [ 103.1663, 11.5767 ], [ 103.1579, 11.5783 ], [ 103.1722, 11.5767 ], [ 103.1849, 11.5799 ], [ 103.1801, 11.5778 ], [ 103.1776, 11.5713 ] ] ] } },
{ "type": "Feature", "properties": { "to": "Agricultural land", "kh": "ដីកសិកម្ម", "ha": 75980 }, "geometry": { "type": "Polygon", "coordinates": [ [ [ 103.2246, 10.9254 ], [ 103.2183, 10.9325 ], [ 103.2227, 10.9338 ], [ 103.2316, 10.9314 ], [ 103.2243, 10.9303 ], [ 103.2278, 10.9297 ], [ 103.2246, 10.9254 ] ] ] } },
{ "type": "Feature", "properties": { "to": "Agricultural land", "kh": "ដីកសិកម្ម", "ha": 75980 }, "geometry": { "type": "Polygon", "coordinates": [ [ [ 103.265, 10.9609 ], [ 103.2753, 10.962 ], [ 103.2817, 10.956 ], [ 103.282, 10.9537 ], [ 103.2777, 10.9516 ], [ 103.2753, 10.9543 ], [ 103.2788, 10.9559 ], [ 103.2785, 10.9581 ], [ 103.2766, 10.9564 ], [ 103.2756, 10.9591 ], [ 103.265, 10.9609 ] ] ] } },
{ "type": "Feature", "properties": { "to": "Agricultural land", "kh": "ដីកសិកម្ម", "ha": 75980 }, "geometry": { "type": "Polygon", "coordinates": [ [ [ 103.2537, 10.9573 ], [ 103.2545, 10.9608 ], [ 103.2526, 10.9575 ], [ 103.2478, 10.9586 ], [ 103.248, 10.9562 ], [ 103.2421, 10.9532 ], [ 103.2386, 10.9618 ], [ 103.2456, 10.9567 ], [ 103.2475, 10.9627 ], [ 103.2586, 10.9617 ], [ 103.2573, 10.9571 ], [ 103.2537, 10.9573 ] ] ] } },
{ "type": "Feature", "properties": { "to": "Agricultural land", "kh": "ដីកសិកម្ម", "ha": 75980 }, "geometry": { "type": "Polygon", "coordinates": [ [ [ 103.2686, 10.9729 ], [ 103.2661, 10.9689 ], [ 103.2699, 10.967 ], [ 103.2688, 10.9767 ], [ 103.271, 10.9707 ], [ 103.2756, 10.9721 ], [ 103.2742, 10.9741 ], [ 103.281, 10.9737 ], [ 103.2796, 10.9697 ], [ 103.2853, 10.9686 ], [ 103.2893, 10.9734 ], [ 103.2847, 10.9759 ], [ 103.292, 10.9764 ], [ 103.2872, 10.9689 ], [ 103.2912, 10.967 ], [ 103.2926, 10.9732 ], [ 103.2942, 10.9699 ], [ 103.2961, 10.9729 ], [ 103.2977, 10.9697 ], [ 103.2907, 10.9651 ], [ 103.2827, 10.968 ], [ 103.2726, 10.9656 ], [ 103.2716, 10.9632 ], [ 103.271, 10.9659 ], [ 103.2654, 10.968 ], [ 103.2686, 10.9729 ] ] ] } },
{ "type": "Feature", "properties": { "to": "Agricultural land", "kh": "ដីកសិកម្ម", "ha": 75980 }, "geometry": { "type": "Polygon", "coordinates": [ [ [ 103.224, 10.9894 ], [ 103.2193, 10.9953 ], [ 103.227, 10.9942 ], [ 103.2284, 10.9961 ], [ 103.2294, 10.9942 ], [ 103.2292, 10.9969 ], [ 103.2321, 10.9969 ], [ 103.2321, 10.9934 ], [ 103.2267, 10.9929 ], [ 103.224, 10.9894 ] ] ] } },
{ "type": "Feature", "properties": { "to": "Agricultural land", "kh": "ដីកសិកម្ម", "ha": 75980 }, "geometry": { "type": "Polygon", "coordinates": [ [ [ 103.2785, 11.0431 ], [ 103.2815, 11.0377 ], [ 103.2796, 11.0355 ], [ 103.2815, 11.0277 ], [ 103.2804, 11.0304 ], [ 103.2764, 11.0309 ], [ 103.2742, 11.0404 ], [ 103.2731, 11.035 ], [ 103.2675, 11.0385 ], [ 103.2715, 11.0436 ], [ 103.2785, 11.0431 ] ] ] } },
{ "type": "Feature", "properties": { "to": "Agricultural land", "kh": "ដីកសិកម្ម", "ha": 75980 }, "geometry": { "type": "Polygon", "coordinates": [ [ [ 103.2842, 11.0622 ], [ 103.2864, 11.0576 ], [ 103.2766, 11.0528 ], [ 103.275, 11.0571 ], [ 103.2812, 11.0555 ], [ 103.2818, 11.0587 ], [ 103.278, 11.0587 ], [ 103.2785, 11.0614 ], [ 103.2729, 11.0627 ], [ 103.2721, 11.066 ], [ 103.2745, 11.0668 ], [ 103.2785, 11.0617 ], [ 103.2842, 11.0622 ] ] ] } },
{ "type": "Feature", "properties": { "to": "Agricultural land", "kh": "ដីកសិកម្ម", "ha": 75980 }, "geometry": { "type": "Polygon", "coordinates": [ [ [ 103.3328, 11.1791 ], [ 103.2799, 11.1642 ], [ 103.2793, 11.1677 ], [ 103.2769, 11.1677 ], [ 103.2758, 11.1769 ], [ 103.265, 11.1817 ], [ 103.2615, 11.186 ], [ 103.2642, 11.1869 ], [ 103.2626, 11.1904 ], [ 103.2661, 11.1933 ], [ 103.2677, 11.1901 ], [ 103.2669, 11.196 ], [ 103.2712, 11.2012 ], [ 103.2688, 11.1987 ], [ 103.2632, 11.2012 ], [ 103.2632, 11.1987 ], [ 103.258, 11.1982 ], [ 103.2578, 11.2041 ], [ 103.2507, 11.2071 ], [ 103.2532, 11.2087 ], [ 103.2507, 11.2111 ], [ 103.2543, 11.2125 ], [ 103.2548, 11.216 ], [ 103.2516, 11.2149 ], [ 103.2435, 11.2187 ], [ 103.2343, 11.2138 ], [ 103.234, 11.2225 ], [ 103.2381, 11.2292 ], [ 103.2437, 11.2262 ], [ 103.2445, 11.2303 ], [ 103.2475, 11.2316 ], [ 103.2459, 11.2262 ], [ 103.2578, 11.226 ], [ 103.2599, 11.2238 ], [ 103.2637, 11.2254 ], [ 103.261, 11.2227 ], [ 103.2742, 11.2192 ], [ 103.2785, 11.2203 ], [ 103.2796, 11.2114 ], [ 103.2831, 11.2106 ], [ 103.282, 11.2065 ], [ 103.2861, 11.2133 ], [ 103.299, 11.2171 ], [ 103.3034, 11.2096 ], [ 103.3087, 11.2081 ], [ 103.3089, 11.2155 ], [ 103.3012, 11.2181 ], [ 103.3255, 11.2235 ], [ 103.3247, 11.2165 ], [ 103.3268, 11.2173 ], [ 103.3284, 11.2133 ], [ 103.326, 11.2122 ], [ 103.322, 11.2157 ], [ 103.3212, 11.2138 ], [ 103.3228, 11.2119 ], [ 103.3244, 11.2133 ], [ 103.3233, 11.2098 ], [ 103.3276, 11.209 ], [ 103.326, 11.2068 ], [ 103.329, 11.2033 ], [ 103.3311, 11.2052 ], [ 103.3333, 11.2041 ], [ 103.3322, 11.2014 ], [ 103.3479, 11.2022 ], [ 103.3487, 11.1966 ], [ 103.3508, 11.196 ], [ 103.3468, 11.1836 ], [ 103.3357, 11.18 ], [ 103.327, 11.1929 ], [ 103.3207, 11.1937 ], [ 103.3244, 11.1912 ], [ 103.3262, 11.1838 ], [ 103.3328, 11.1791 ] ], [ [ 103.2909, 11.1836 ], [ 103.2912, 11.1777 ], [ 103.2977, 11.1788 ], [ 103.299, 11.1828 ], [ 103.2939, 11.1836 ], [ 103.2904, 11.1914 ], [ 103.2877, 11.192 ], [ 103.2853, 11.1858 ], [ 103.2909, 11.1836 ] ], [ [ 103.3004, 11.203 ], [ 103.3058, 11.1939 ], [ 103.3012, 11.1944 ], [ 103.2977, 11.199 ], [ 103.2969, 11.196 ], [ 103.2877, 11.1944 ], [ 103.299, 11.1952 ], [ 103.3004, 11.1936 ], [ 103.3036, 11.1936 ], [ 103.3015, 11.192 ], [ 103.3052, 11.1931 ], [ 103.3093, 11.1858 ], [ 103.3128, 11.1858 ], [ 103.3131, 11.1825 ], [ 103.3128, 11.1893 ], [ 103.3109, 11.1877 ], [ 103.3066, 11.1936 ], [ 103.3104, 11.1976 ], [ 103.3066, 11.1966 ], [ 103.3031, 11.2068 ], [ 103.3031, 11.2038 ], [ 103.3004, 11.203 ] ], [ [ 103.2742, 11.1893 ], [ 103.2718, 11.1885 ], [ 103.2769, 11.1879 ], [ 103.2777, 11.1836 ], [ 103.2799, 11.1842 ], [ 103.2796, 11.1947 ], [ 103.2775, 11.1949 ], [ 103.2791, 11.1877 ], [ 103.2758, 11.1936 ], [ 103.2718, 11.1898 ], [ 103.2742, 11.1893 ] ] ] } },
{ "type": "Feature", "properties": { "to": "Agricultural land", "kh": "ដីកសិកម្ម", "ha": 75980 }, "geometry": { "type": "Polygon", "coordinates": [ [ [ 103.2664, 11.2235 ], [ 103.2634, 11.2271 ], [ 103.254, 11.2271 ], [ 103.254, 11.2316 ], [ 103.2729, 11.2314 ], [ 103.2775, 11.2271 ], [ 103.2783, 11.2211 ], [ 103.2664, 11.2235 ] ] ] } },
{ "type": "Feature", "properties": { "to": "Agricultural land", "kh": "ដីកសិកម្ម", "ha": 75980 }, "geometry": { "type": "Polygon", "coordinates": [ [ [ 103.278, 11.3374 ], [ 103.2772, 11.3301 ], [ 103.2756, 11.3328 ], [ 103.2742, 11.3307 ], [ 103.2712, 11.3323 ], [ 103.2729, 11.3363 ], [ 103.2699, 11.3369 ], [ 103.2723, 11.3393 ], [ 103.2758, 11.3363 ], [ 103.278, 11.3374 ] ] ] } },
{ "type": "Feature", "properties": { "to": "Agricultural land", "kh": "ដីកសិកម្ម", "ha": 75980 }, "geometry": { "type": "Polygon", "coordinates": [ [ [ 103.2645, 11.3498 ], [ 103.2691, 11.3406 ], [ 103.2664, 11.3296 ], [ 103.2702, 11.3269 ], [ 103.268, 11.3274 ], [ 103.2675, 11.3236 ], [ 103.2745, 11.3212 ], [ 103.272, 11.3258 ], [ 103.2761, 11.3201 ], [ 103.2686, 11.3196 ], [ 103.2648, 11.3231 ], [ 103.2634, 11.3199 ], [ 103.2591, 11.3201 ], [ 103.2591, 11.3158 ], [ 103.2543, 11.3177 ], [ 103.2564, 11.3218 ], [ 103.2545, 11.3239 ], [ 103.2575, 11.3226 ], [ 103.2578, 11.3274 ], [ 103.2607, 11.3274 ], [ 103.2621, 11.3298 ], [ 103.2607, 11.332 ], [ 103.2613, 11.3293 ], [ 103.2586, 11.3293 ], [ 103.2594, 11.3344 ], [ 103.2568, 11.3347 ], [ 103.2602, 11.3379 ], [ 103.2586, 11.3439 ], [ 103.261, 11.3425 ], [ 103.2634, 11.3458 ], [ 103.2596, 11.3477 ], [ 103.2583, 11.346 ], [ 103.257, 11.3495 ], [ 103.2594, 11.3495 ], [ 103.2621, 11.356 ], [ 103.2664, 11.3539 ], [ 103.2664, 11.349 ], [ 103.2645, 11.3498 ] ] ] } },
{ "type": "Feature", "properties": { "to": "Agricultural land", "kh": "ដីកសិកម្ម", "ha": 75980 }, "geometry": { "type": "Polygon", "coordinates": [ [ [ 103.2858, 11.3487 ], [ 103.2877, 11.3455 ], [ 103.2922, 11.3483 ], [ 103.2961, 11.3444 ], [ 103.2955, 11.3382 ], [ 103.3031, 11.3315 ], [ 103.2974, 11.3317 ], [ 103.299, 11.3336 ], [ 103.2891, 11.3336 ], [ 103.2891, 11.3309 ], [ 103.285, 11.3328 ], [ 103.2834, 11.339 ], [ 103.2882, 11.3379 ], [ 103.2923, 11.3425 ], [ 103.2866, 11.3436 ], [ 103.2847, 11.3493 ], [ 103.2799, 11.349 ], [ 103.2853, 11.3404 ], [ 103.2802, 11.3396 ], [ 103.2785, 11.3466 ], [ 103.275, 11.3482 ], [ 103.275, 11.3539 ], [ 103.2737, 11.3525 ], [ 103.2712, 11.3547 ], [ 103.2718, 11.359 ], [ 103.2694, 11.3568 ], [ 103.2632, 11.3579 ], [ 103.2691, 11.3611 ], [ 103.2677, 11.3646 ], [ 103.264, 11.359 ], [ 103.2621, 11.3611 ], [ 103.2529, 11.3587 ], [ 103.2607, 11.3687 ], [ 103.2572, 11.373 ], [ 103.2564, 11.366 ], [ 103.2559, 11.3787 ], [ 103.2601, 11.3754 ], [ 103.2588, 11.3734 ], [ 103.2615, 11.3754 ], [ 103.2642, 11.3737 ], [ 103.2632, 11.3773 ], [ 103.2557, 11.3812 ], [ 103.259, 11.3823 ], [ 103.257, 11.385 ], [ 103.2586, 11.3916 ], [ 103.2605, 11.3889 ], [ 103.261, 11.3922 ], [ 103.2648, 11.3897 ], [ 103.2645, 11.3951 ], [ 103.2704, 11.3949 ], [ 103.2726, 11.3919 ], [ 103.265, 11.3876 ], [ 103.2672, 11.3822 ], [ 103.2634, 11.3827 ], [ 103.2659, 11.3805 ], [ 103.2637, 11.3765 ], [ 103.2702, 11.3789 ], [ 103.2664, 11.3676 ], [ 103.271, 11.3682 ], [ 103.2715, 11.3595 ], [ 103.2858, 11.3487 ] ] ] } },
{ "type": "Feature", "properties": { "to": "Agricultural land", "kh": "ដីកសិកម្ម", "ha": 75980 }, "geometry": { "type": "Polygon", "coordinates": [ [ [ 103.2524, 11.363 ], [ 103.2467, 11.3744 ], [ 103.2475, 11.3779 ], [ 103.2432, 11.3795 ], [ 103.2437, 11.3838 ], [ 103.2386, 11.3905 ], [ 103.244, 11.393 ], [ 103.2478, 11.3911 ], [ 103.2475, 11.3949 ], [ 103.2453, 11.3954 ], [ 103.2478, 11.3981 ], [ 103.2507, 11.3932 ], [ 103.248, 11.3938 ], [ 103.2499, 11.3895 ], [ 103.248, 11.3887 ], [ 103.2502, 11.3889 ], [ 103.2513, 11.3855 ], [ 103.2506, 11.3829 ], [ 103.2481, 11.3836 ], [ 103.2497, 11.3808 ], [ 103.248, 11.38 ], [ 103.2516, 11.3795 ], [ 103.2497, 11.373 ], [ 103.2508, 11.3691 ], [ 103.255, 11.3671 ], [ 103.2524, 11.363 ] ] ] } },
{ "type": "Feature", "properties": { "to": "Agricultural land", "kh": "ដីកសិកម្ម", "ha": 75980 }, "geometry": { "type": "Polygon", "coordinates": [ [ [ 103.2567, 11.3941 ], [ 103.2529, 11.3823 ], [ 103.2502, 11.3957 ], [ 103.2521, 11.4003 ], [ 103.2435, 11.4027 ], [ 103.2445, 11.4057 ], [ 103.2464, 11.403 ], [ 103.2524, 11.404 ], [ 103.2567, 11.3941 ] ] ] } },
{ "type": "Feature", "properties": { "to": "Agricultural land", "kh": "ដីកសិកម្ម", "ha": 75980 }, "geometry": { "type": "Polygon", "coordinates": [ [ [ 103.2545, 11.4136 ], [ 103.2586, 11.4078 ], [ 103.2561, 11.4048 ], [ 103.2583, 11.4059 ], [ 103.2594, 11.4013 ], [ 103.2613, 11.4016 ], [ 103.2591, 11.3938 ], [ 103.251, 11.4119 ], [ 103.2521, 11.4135 ], [ 103.2529, 11.4116 ], [ 103.2521, 11.4164 ], [ 103.2556, 11.4205 ], [ 103.2596, 11.4178 ], [ 103.2553, 11.4173 ], [ 103.2545, 11.4136 ] ] ] } },
{ "type": "Feature", "properties": { "to": "Agricultural land", "kh": "ដីកសិកម្ម", "ha": 75980 }, "geometry": { "type": "Polygon", "coordinates": [ [ [ 103.2719, 11.4242 ], [ 103.2775, 11.4321 ], [ 103.282, 11.4307 ], [ 103.2772, 11.431 ], [ 103.2777, 11.4278 ], [ 103.2834, 11.4267 ], [ 103.2758, 11.4256 ], [ 103.2726, 11.421 ], [ 103.2702, 11.4218 ], [ 103.2712, 11.4186 ], [ 103.2667, 11.417 ], [ 103.268, 11.4221 ], [ 103.2645, 11.4232 ], [ 103.264, 11.421 ], [ 103.2626, 11.4272 ], [ 103.2656, 11.4289 ], [ 103.2719, 11.4242 ] ] ] } },
{ "type": "Feature", "properties": { "to": "Agricultural land", "kh": "ដីកសិកម្ម", "ha": 75980 }, "geometry": { "type": "Polygon", "coordinates": [ [ [ 103.22, 11.5912 ], [ 103.2278, 11.5953 ], [ 103.2278, 11.5978 ], [ 103.2297, 11.5956 ], [ 103.2265, 11.5921 ], [ 103.2305, 11.5924 ], [ 103.2321, 11.5953 ], [ 103.2319, 11.5899 ], [ 103.2332, 11.5921 ], [ 103.2386, 11.591 ], [ 103.2445, 11.5934 ], [ 103.2394, 11.5907 ], [ 103.2346, 11.5897 ], [ 103.2313, 11.5851 ], [ 103.2254, 11.5864 ], [ 103.2254, 11.5918 ], [ 103.22, 11.5912 ] ] ] } },
{ "type": "Feature", "properties": { "to": "Agricultural land", "kh": "ដីកសិកម្ម", "ha": 75980 }, "geometry": { "type": "Polygon", "coordinates": [ [ [ 103.3554, 10.8865 ], [ 103.3506, 10.8758 ], [ 103.3495, 10.8939 ], [ 103.3454, 10.8968 ], [ 103.3502, 10.8955 ], [ 103.3509, 10.8903 ], [ 103.3554, 10.8865 ] ] ] } },
{ "type": "Feature", "properties": { "to": "Agricultural land", "kh": "ដីកសិកម្ម", "ha": 75980 }, "geometry": { "type": "Polygon", "coordinates": [ [ [ 103.3305, 10.9176 ], [ 103.3441, 10.9028 ], [ 103.3352, 10.9076 ], [ 103.3314, 10.9141 ], [ 103.3293, 10.9111 ], [ 103.3257, 10.9135 ], [ 103.3303, 10.9151 ], [ 103.3305, 10.9176 ] ] ] } },
{ "type": "Feature", "properties": { "to": "Agricultural land", "kh": "ដីកសិកម្ម", "ha": 75980 }, "geometry": { "type": "Polygon", "coordinates": [ [ [ 103.3444, 10.9559 ], [ 103.3476, 10.9559 ], [ 103.3427, 10.9486 ], [ 103.3465, 10.9465 ], [ 103.3452, 10.9448 ], [ 103.3484, 10.9489 ], [ 103.3508, 10.9481 ], [ 103.3468, 10.9419 ], [ 103.3382, 10.9424 ], [ 103.3413, 10.9434 ], [ 103.3444, 10.9559 ] ] ] } },
{ "type": "Feature", "properties": { "to": "Agricultural land", "kh": "ដីកសិកម្ម", "ha": 75980 }, "geometry": { "type": "Polygon", "coordinates": [ [ [ 103.3109, 10.9586 ], [ 103.3127, 10.9627 ], [ 103.3134, 10.9602 ], [ 103.3161, 10.9618 ], [ 103.3172, 10.9591 ], [ 103.3217, 10.9581 ], [ 103.3144, 10.9564 ], [ 103.3144, 10.9527 ], [ 103.3109, 10.9516 ], [ 103.3099, 10.9481 ], [ 103.3098, 10.9532 ], [ 103.3074, 10.9511 ], [ 103.3066, 10.9527 ], [ 103.3082, 10.9552 ], [ 103.3122, 10.954 ], [ 103.3119, 10.958 ], [ 103.3025, 10.9608 ], [ 103.2976, 10.9664 ], [ 103.3009, 10.967 ], [ 103.2998, 10.9645 ], [ 103.3017, 10.964 ], [ 103.305, 10.9656 ], [ 103.3025, 10.9678 ], [ 103.3047, 10.9705 ], [ 103.3069, 10.9624 ], [ 103.3126, 10.9631 ], [ 103.3101, 10.9616 ], [ 103.3109, 10.9586 ] ] ] } },
{ "type": "Feature", "properties": { "to": "Agricultural land", "kh": "ដីកសិកម្ម", "ha": 75980 }, "geometry": { "type": "Polygon", "coordinates": [ [ [ 103.3365, 11.0732 ], [ 103.3403, 11.0682 ], [ 103.3365, 11.0665 ], [ 103.3368, 11.0703 ], [ 103.3347, 11.0735 ], [ 103.336, 11.0692 ], [ 103.333, 11.066 ], [ 103.3314, 11.0719 ], [ 103.3336, 11.0735 ], [ 103.3303, 11.0719 ], [ 103.3295, 11.0743 ], [ 103.3363, 11.0746 ], [ 103.3411, 11.0803 ], [ 103.3425, 11.0768 ], [ 103.34, 11.076 ], [ 103.3402, 11.0731 ], [ 103.3365, 11.0732 ] ] ] } },
{ "type": "Feature", "properties": { "to": "Agricultural land", "kh": "ដីកសិកម្ម", "ha": 75980 }, "geometry": { "type": "Polygon", "coordinates": [ [ [ 103.3059, 11.0831 ], [ 103.298, 11.0749 ], [ 103.2963, 11.0762 ], [ 103.2974, 11.0846 ], [ 103.2945, 11.0911 ], [ 103.3012, 11.0843 ], [ 103.3028, 11.0854 ], [ 103.3077, 11.0824 ], [ 103.3082, 11.0811 ], [ 103.3114, 11.0835 ], [ 103.311, 11.0793 ], [ 103.3155, 11.0782 ], [ 103.3131, 11.0776 ], [ 103.316, 11.0716 ], [ 103.3055, 11.0681 ], [ 103.3088, 11.0652 ], [ 103.3039, 11.0673 ], [ 103.2942, 11.0657 ], [ 103.3007, 11.0684 ], [ 103.3007, 11.0713 ], [ 103.3068, 11.0713 ], [ 103.3103, 11.0745 ], [ 103.3053, 11.0776 ], [ 103.3059, 11.0831 ] ] ] } },
{ "type": "Feature", "properties": { "to": "Agricultural land", "kh": "ដីកសិកម្ម", "ha": 75980 }, "geometry": { "type": "Polygon", "coordinates": [ [ [ 103.3624, 11.0978 ], [ 103.3611, 11.1 ], [ 103.36, 11.0979 ], [ 103.3543, 11.0992 ], [ 103.3589, 11.1016 ], [ 103.3597, 11.1048 ], [ 103.3616, 11.1027 ], [ 103.3697, 11.1043 ], [ 103.3686, 11.1008 ], [ 103.3662, 11.1032 ], [ 103.3651, 11.1011 ], [ 103.3711, 11.0973 ], [ 103.3624, 11.0978 ] ] ] } },
{ "type": "Feature", "properties": { "to": "Agricultural land", "kh": "ដីកសិកម្ម", "ha": 75980 }, "geometry": { "type": "Polygon", "coordinates": [ [ [ 103.3576, 11.2481 ], [ 103.3516, 11.25 ], [ 103.346, 11.2538 ], [ 103.3427, 11.2621 ], [ 103.3333, 11.2651 ], [ 103.3336, 11.2739 ], [ 103.3247, 11.2772 ], [ 103.3255, 11.2802 ], [ 103.3236, 11.2802 ], [ 103.3271, 11.2821 ], [ 103.3282, 11.278 ], [ 103.3303, 11.2834 ], [ 103.3274, 11.2864 ], [ 103.3268, 11.2826 ], [ 103.3228, 11.2845 ], [ 103.3255, 11.2891 ], [ 103.3236, 11.2888 ], [ 103.3244, 11.2923 ], [ 103.3217, 11.2942 ], [ 103.326, 11.2918 ], [ 103.3268, 11.2869 ], [ 103.3301, 11.2861 ], [ 103.3309, 11.2821 ], [ 103.3301, 11.2791 ], [ 103.3314, 11.2791 ], [ 103.3355, 11.2705 ], [ 103.3338, 11.2673 ], [ 103.3371, 11.2662 ], [ 103.3454, 11.2605 ], [ 103.3476, 11.253 ], [ 103.3576, 11.2481 ] ] ] } },
{ "type": "Feature", "properties": { "to": "Agricultural land", "kh": "ដីកសិកម្ម", "ha": 75980 }, "geometry": { "type": "Polygon", "coordinates": [ [ [ 103.4078, 10.9241 ], [ 103.4026, 10.9235 ], [ 103.4045, 10.92 ], [ 103.3981, 10.9171 ], [ 103.394, 10.9089 ], [ 103.3938, 10.9138 ], [ 103.3897, 10.91 ], [ 103.3878, 10.9111 ], [ 103.3865, 10.9027 ], [ 103.384, 10.9063 ], [ 103.382, 10.9034 ], [ 103.3809, 10.9066 ], [ 103.3843, 10.9133 ], [ 103.3893, 10.9165 ], [ 103.3857, 10.9225 ], [ 103.3809, 10.9123 ], [ 103.3772, 10.9088 ], [ 103.3781, 10.8979 ], [ 103.3746, 10.9009 ], [ 103.3743, 10.9055 ], [ 103.3676, 10.9065 ], [ 103.3683, 10.9091 ], [ 103.3719, 10.9078 ], [ 103.3716, 10.9097 ], [ 103.3677, 10.9121 ], [ 103.3688, 10.9099 ], [ 103.3658, 10.9099 ], [ 103.3662, 10.9079 ], [ 103.3639, 10.9111 ], [ 103.3689, 10.9145 ], [ 103.37, 10.9114 ], [ 103.3749, 10.9127 ], [ 103.3754, 10.9103 ], [ 103.3781, 10.9125 ], [ 103.373, 10.9173 ], [ 103.3765, 10.9201 ], [ 103.3765, 10.9162 ], [ 103.3811, 10.9146 ], [ 103.3793, 10.9204 ], [ 103.3815, 10.9284 ], [ 103.379, 10.93 ], [ 103.3764, 10.9281 ], [ 103.3776, 10.9241 ], [ 103.3731, 10.922 ], [ 103.3726, 10.928 ], [ 103.3696, 10.93 ], [ 103.3659, 10.9295 ], [ 103.3662, 10.9244 ], [ 103.3651, 10.9287 ], [ 103.3603, 10.9255 ], [ 103.3579, 10.9281 ], [ 103.3543, 10.9111 ], [ 103.3578, 10.9079 ], [ 103.3576, 10.9106 ], [ 103.3603, 10.9101 ], [ 103.3582, 10.909 ], [ 103.3603, 10.9048 ], [ 103.3525, 10.9076 ], [ 103.3498, 10.9056 ], [ 103.3468, 10.9091 ], [ 103.3471, 10.9138 ], [ 103.344, 10.9102 ], [ 103.3384, 10.9124 ], [ 103.3363, 10.9163 ], [ 103.3363, 10.9187 ], [ 103.3376, 10.9157 ], [ 103.3406, 10.9187 ], [ 103.3384, 10.9273 ], [ 103.3427, 10.9257 ], [ 103.3462, 10.9286 ], [ 103.3534, 10.9229 ], [ 103.3487, 10.9275 ], [ 103.3516, 10.9294 ], [ 103.3463, 10.9328 ], [ 103.3558, 10.931 ], [ 103.3596, 10.9386 ], [ 103.354, 10.9371 ], [ 103.356, 10.9379 ], [ 103.3541, 10.9397 ], [ 103.3536, 10.9369 ], [ 103.3432, 10.9348 ], [ 103.3581, 10.9425 ], [ 103.36, 10.9473 ], [ 103.3554, 10.9484 ], [ 103.3584, 10.9516 ], [ 103.3603, 10.9502 ], [ 103.36, 10.9532 ], [ 103.3627, 10.9519 ], [ 103.3646, 10.9594 ], [ 103.367, 10.954 ], [ 103.3708, 10.9543 ], [ 103.3719, 10.9497 ], [ 103.3757, 10.9494 ], [ 103.3722, 10.9481 ], [ 103.3738, 10.9454 ], [ 103.3797, 10.9448 ], [ 103.3808, 10.9502 ], [ 103.3838, 10.9494 ], [ 103.3829, 10.9478 ], [ 103.3905, 10.9506 ], [ 103.3939, 10.9489 ], [ 103.3953, 10.9517 ], [ 103.3982, 10.9501 ], [ 103.3984, 10.9446 ], [ 103.3952, 10.947 ], [ 103.3915, 10.9449 ], [ 103.3896, 10.9395 ], [ 103.3934, 10.938 ], [ 103.3929, 10.9361 ], [ 103.386, 10.9358 ], [ 103.3851, 10.9337 ], [ 103.3879, 10.9337 ], [ 103.3856, 10.9299 ], [ 103.3919, 10.9323 ], [ 103.3985, 10.9275 ], [ 103.4085, 10.9282 ], [ 103.4072, 10.9259 ], [ 103.4101, 10.926 ], [ 103.4115, 10.9208 ], [ 103.4107, 10.9133 ], [ 103.4168, 10.9135 ], [ 103.416, 10.9119 ], [ 103.4102, 10.9122 ], [ 103.4078, 10.9241 ] ], [ [ 103.364, 10.944 ], [ 103.3611, 10.941 ], [ 103.3643, 10.9374 ], [ 103.3688, 10.9376 ], [ 103.3683, 10.9433 ], [ 103.364, 10.944 ] ] ] } },
{ "type": "Feature", "properties": { "to": "Agricultural land", "kh": "ដីកសិកម្ម", "ha": 75980 }, "geometry": { "type": "Polygon", "coordinates": [ [ [ 103.3971, 10.9601 ], [ 103.4013, 10.9767 ], [ 103.3983, 10.9671 ], [ 103.3962, 10.9673 ], [ 103.3978, 10.9641 ], [ 103.3954, 10.9545 ], [ 103.387, 10.9539 ], [ 103.3848, 10.9497 ], [ 103.3797, 10.9521 ], [ 103.3886, 10.9548 ], [ 103.3894, 10.9575 ], [ 103.3932, 10.9562 ], [ 103.3929, 10.9594 ], [ 103.3951, 10.96 ], [ 103.3927, 10.9662 ], [ 103.397, 10.9732 ], [ 103.3921, 10.9726 ], [ 103.391, 10.9748 ], [ 103.3951, 10.9772 ], [ 103.3894, 10.978 ], [ 103.3937, 10.9864 ], [ 103.3916, 10.988 ], [ 103.3981, 10.9886 ], [ 103.397, 10.9926 ], [ 103.3989, 10.9875 ], [ 103.3948, 10.9864 ], [ 103.3954, 10.9829 ], [ 103.403, 10.9854 ], [ 103.4033, 10.9907 ], [ 103.4037, 10.9877 ], [ 103.4064, 10.9915 ], [ 103.4037, 10.9804 ], [ 103.4105, 10.9856 ], [ 103.4032, 10.9756 ], [ 103.4056, 10.9718 ], [ 103.4029, 10.9716 ], [ 103.4018, 10.9651 ], [ 103.3971, 10.9601 ] ] ] } },
{ "type": "Feature", "properties": { "to": "Agricultural land", "kh": "ដីកសិកម្ម", "ha": 75980 }, "geometry": { "type": "Polygon", "coordinates": [ [ [ 103.4051, 11.0072 ], [ 103.411, 11.0074 ], [ 103.408, 10.9992 ], [ 103.3981, 10.9937 ], [ 103.4013, 10.998 ], [ 103.4013, 11.0002 ], [ 103.3983, 11.0004 ], [ 103.4024, 11.0031 ], [ 103.4016, 11.0074 ], [ 103.3981, 11.0077 ], [ 103.3964, 11.0118 ], [ 103.4051, 11.0072 ] ] ] } },
{ "type": "Feature", "properties": { "to": "Agricultural land", "kh": "ដីកសិកម្ម", "ha": 75980 }, "geometry": { "type": "Polygon", "coordinates": [ [ [ 103.4099, 11.0104 ], [ 103.4121, 11.0126 ], [ 103.4153, 11.0118 ], [ 103.4137, 11.0088 ], [ 103.4171, 11.0089 ], [ 103.4166, 11.0114 ], [ 103.4188, 11.0139 ], [ 103.4177, 11.0115 ], [ 103.4229, 11.0082 ], [ 103.4175, 10.995 ], [ 103.4093, 10.9959 ], [ 103.4202, 11.0046 ], [ 103.4099, 11.0104 ] ] ] } },
{ "type": "Feature", "properties": { "to": "Agricultural land", "kh": "ដីកសិកម្ម", "ha": 75980 }, "geometry": { "type": "Polygon", "coordinates": [ [ [ 103.4034, 11.0118 ], [ 103.4051, 11.0166 ], [ 103.4088, 11.0142 ], [ 103.4105, 11.0193 ], [ 103.4167, 11.0153 ], [ 103.4067, 11.0128 ], [ 103.4075, 11.0108 ], [ 103.4034, 11.0118 ] ] ] } },
{ "type": "Feature", "properties": { "to": "Agricultural land", "kh": "ដីកសិកម្ម", "ha": 75980 }, "geometry": { "type": "Polygon", "coordinates": [ [ [ 103.4269, 11.0236 ], [ 103.4294, 11.0239 ], [ 103.4296, 11.0209 ], [ 103.431, 11.0261 ], [ 103.4329, 11.0255 ], [ 103.4264, 11.0158 ], [ 103.4275, 11.0142 ], [ 103.4245, 11.015 ], [ 103.4248, 11.0118 ], [ 103.4223, 11.0107 ], [ 103.4198, 11.0179 ], [ 103.4182, 11.0157 ], [ 103.4188, 11.0182 ], [ 103.4156, 11.0169 ], [ 103.4145, 11.0196 ], [ 103.418, 11.0196 ], [ 103.4169, 11.0231 ], [ 103.424, 11.0244 ], [ 103.4151, 11.0244 ], [ 103.4142, 11.0285 ], [ 103.4199, 11.0296 ], [ 103.4181, 11.026 ], [ 103.425, 11.0271 ], [ 103.4269, 11.0236 ] ] ] } },
{ "type": "Feature", "properties": { "to": "Agricultural land", "kh": "ដីកសិកម្ម", "ha": 75980 }, "geometry": { "type": "Polygon", "coordinates": [ [ [ 103.3732, 11.0412 ], [ 103.3697, 11.0398 ], [ 103.3662, 11.0417 ], [ 103.3695, 11.0455 ], [ 103.3659, 11.0439 ], [ 103.3651, 11.0466 ], [ 103.3703, 11.0493 ], [ 103.3732, 11.0412 ] ] ] } },
{ "type": "Feature", "properties": { "to": "Agricultural land", "kh": "ដីកសិកម្ម", "ha": 75980 }, "geometry": { "type": "Polygon", "coordinates": [ [ [ 103.4372, 11.0642 ], [ 103.4331, 11.0622 ], [ 103.4341, 11.0579 ], [ 103.4396, 11.0584 ], [ 103.4415, 11.0527 ], [ 103.4388, 11.053 ], [ 103.4388, 11.0557 ], [ 103.4347, 11.0541 ], [ 103.4326, 11.0499 ], [ 103.4339, 11.0439 ], [ 103.4267, 11.0409 ], [ 103.4287, 11.0337 ], [ 103.4194, 11.0306 ], [ 103.4202, 11.035 ], [ 103.4253, 11.0331 ], [ 103.4269, 11.0358 ], [ 103.4221, 11.0363 ], [ 103.4242, 11.0387 ], [ 103.4221, 11.0404 ], [ 103.4183, 11.0352 ], [ 103.4161, 11.0398 ], [ 103.4234, 11.0417 ], [ 103.421, 11.0463 ], [ 103.4299, 11.0463 ], [ 103.4296, 11.049 ], [ 103.4264, 11.049 ], [ 103.4323, 11.0573 ], [ 103.4272, 11.0582 ], [ 103.4291, 11.0644 ], [ 103.4269, 11.0668 ], [ 103.4315, 11.066 ], [ 103.4288, 11.0692 ], [ 103.4338, 11.0693 ], [ 103.4372, 11.0642 ] ] ] } },
{ "type": "Feature", "properties": { "to": "Agricultural land", "kh": "ដីកសិកម្ម", "ha": 75980 }, "geometry": { "type": "Polygon", "coordinates": [ [ [ 103.4029, 11.087 ], [ 103.3962, 11.0835 ], [ 103.3918, 11.0843 ], [ 103.3905, 11.0862 ], [ 103.3908, 11.0881 ], [ 103.3886, 11.0873 ], [ 103.3902, 11.0895 ], [ 103.3883, 11.0924 ], [ 103.3907, 11.092 ], [ 103.3912, 11.086 ], [ 103.3954, 11.0851 ], [ 103.3952, 11.0877 ], [ 103.3973, 11.0917 ], [ 103.3959, 11.0854 ], [ 103.4016, 11.0896 ], [ 103.4029, 11.087 ] ] ] } },
{ "type": "Feature", "properties": { "to": "Agricultural land", "kh": "ដីកសិកម្ម", "ha": 75980 }, "geometry": { "type": "Polygon", "coordinates": [ [ [ 103.4358, 11.0922 ], [ 103.4321, 11.0819 ], [ 103.4283, 11.0819 ], [ 103.4275, 11.0851 ], [ 103.4196, 11.0876 ], [ 103.4218, 11.0957 ], [ 103.4285, 11.097 ], [ 103.432, 11.0903 ], [ 103.4358, 11.0922 ] ] ] } },
{ "type": "Feature", "properties": { "to": "Agricultural land", "kh": "ដីកសិកម្ម", "ha": 75980 }, "geometry": { "type": "Polygon", "coordinates": [ [ [ 103.3994, 11.1118 ], [ 103.3991, 11.1083 ], [ 103.4032, 11.1092 ], [ 103.4008, 11.1105 ], [ 103.4067, 11.1089 ], [ 103.4067, 11.107 ], [ 103.4091, 11.1075 ], [ 103.4078, 11.109 ], [ 103.4137, 11.107 ], [ 103.4148, 11.1043 ], [ 103.4124, 11.1027 ], [ 103.4102, 11.1043 ], [ 103.408, 11.1043 ], [ 103.4134, 11.097 ], [ 103.4115, 11.0965 ], [ 103.4123, 11.093 ], [ 103.414, 11.0959 ], [ 103.4184, 11.0881 ], [ 103.4142, 11.0916 ], [ 103.4151, 11.0903 ], [ 103.4034, 11.0873 ], [ 103.4045, 11.0908 ], [ 103.4137, 11.0914 ], [ 103.409, 11.0911 ], [ 103.411, 11.0938 ], [ 103.4078, 11.0954 ], [ 103.4091, 11.0981 ], [ 103.4032, 11.0949 ], [ 103.3978, 11.1 ], [ 103.39, 11.1 ], [ 103.3927, 11.1043 ], [ 103.3892, 11.1032 ], [ 103.3873, 11.1075 ], [ 103.3908, 11.1097 ], [ 103.3829, 11.1089 ], [ 103.3851, 11.1054 ], [ 103.3827, 11.1056 ], [ 103.3846, 11.1029 ], [ 103.3827, 11.1016 ], [ 103.3692, 11.1046 ], [ 103.3738, 11.1102 ], [ 103.3846, 11.1097 ], [ 103.3846, 11.1156 ], [ 103.3878, 11.1145 ], [ 103.3908, 11.1181 ], [ 103.3954, 11.1129 ], [ 103.4057, 11.1178 ], [ 103.4056, 11.1148 ], [ 103.3994, 11.1118 ] ], [ [ 103.3867, 11.1118 ], [ 103.3962, 11.1078 ], [ 103.3989, 11.1097 ], [ 103.3986, 11.1124 ], [ 103.3913, 11.1113 ], [ 103.3954, 11.1124 ], [ 103.3921, 11.1159 ], [ 103.3867, 11.1118 ] ] ] } },
{ "type": "Feature", "properties": { "to": "Agricultural land", "kh": "ដីកសិកម្ម", "ha": 75980 }, "geometry": { "type": "Polygon", "coordinates": [ [ [ 103.4488, 11.1275 ], [ 103.4536, 11.1318 ], [ 103.4519, 11.1369 ], [ 103.4549, 11.1385 ], [ 103.4534, 11.1256 ], [ 103.4485, 11.1229 ], [ 103.4474, 11.1245 ], [ 103.4512, 11.1259 ], [ 103.4488, 11.1275 ] ] ] } },
{ "type": "Feature", "properties": { "to": "Agricultural land", "kh": "ដីកសិកម្ម", "ha": 75980 }, "geometry": { "type": "Polygon", "coordinates": [ [ [ 103.4455, 11.1394 ], [ 103.449, 11.1391 ], [ 103.445, 11.1332 ], [ 103.445, 11.1361 ], [ 103.4399, 11.1391 ], [ 103.4399, 11.1423 ], [ 103.4418, 11.1431 ], [ 103.4407, 11.1402 ], [ 103.4431, 11.1394 ], [ 103.442, 11.1418 ], [ 103.4469, 11.1464 ], [ 103.448, 11.141 ], [ 103.4455, 11.1394 ] ] ] } },
{ "type": "Feature", "properties": { "to": "Agricultural land", "kh": "ដីកសិកម្ម", "ha": 75980 }, "geometry": { "type": "Polygon", "coordinates": [ [ [ 103.4399, 11.1485 ], [ 103.4377, 11.1507 ], [ 103.4428, 11.1431 ], [ 103.4372, 11.1456 ], [ 103.4372, 11.1529 ], [ 103.4334, 11.152 ], [ 103.4331, 11.155 ], [ 103.4366, 11.1553 ], [ 103.4364, 11.1593 ], [ 103.4369, 11.1531 ], [ 103.4372, 11.1564 ], [ 103.4404, 11.1574 ], [ 103.4431, 11.1529 ], [ 103.4399, 11.1485 ] ] ] } },
{ "type": "Feature", "properties": { "to": "Agricultural land", "kh": "ដីកសិកម្ម", "ha": 75980 }, "geometry": { "type": "Polygon", "coordinates": [ [ [ 103.432, 11.1746 ], [ 103.4377, 11.1734 ], [ 103.4377, 11.1699 ], [ 103.4331, 11.1701 ], [ 103.4364, 11.1658 ], [ 103.4388, 11.1704 ], [ 103.445, 11.1701 ], [ 103.4528, 11.161 ], [ 103.4439, 11.1588 ], [ 103.4415, 11.1612 ], [ 103.4339, 11.161 ], [ 103.4342, 11.1636 ], [ 103.4307, 11.1658 ], [ 103.4331, 11.168 ], [ 103.4277, 11.1717 ], [ 103.432, 11.1746 ] ] ] } },
{ "type": "Feature", "properties": { "to": "Agricultural land", "kh": "ដីកសិកម្ម", "ha": 75980 }, "geometry": { "type": "Polygon", "coordinates": [ [ [ 103.4674, 11.1688 ], [ 103.4756, 11.172 ], [ 103.4795, 11.1812 ], [ 103.4796, 11.1846 ], [ 103.4754, 11.1888 ], [ 103.4774, 11.189 ], [ 103.4857, 11.1825 ], [ 103.4782, 11.1726 ], [ 103.4704, 11.1674 ], [ 103.4555, 11.1704 ], [ 103.4561, 11.1722 ], [ 103.4642, 11.1721 ], [ 103.4674, 11.1688 ] ] ] } },
{ "type": "Feature", "properties": { "to": "Agricultural land", "kh": "ដីកសិកម្ម", "ha": 75980 }, "geometry": { "type": "Polygon", "coordinates": [ [ [ 103.4509, 11.1842 ], [ 103.4553, 11.1871 ], [ 103.4547, 11.1904 ], [ 103.4526, 11.1879 ], [ 103.4509, 11.1885 ], [ 103.4531, 11.1901 ], [ 103.4493, 11.1896 ], [ 103.4499, 11.1839 ], [ 103.4474, 11.1825 ], [ 103.442, 11.1866 ], [ 103.441, 11.1833 ], [ 103.4436, 11.1825 ], [ 103.4404, 11.182 ], [ 103.445, 11.1804 ], [ 103.4407, 11.1777 ], [ 103.4391, 11.1851 ], [ 103.4339, 11.188 ], [ 103.4362, 11.1915 ], [ 103.4296, 11.1984 ], [ 103.4334, 11.199 ], [ 103.427, 11.2006 ], [ 103.4358, 11.202 ], [ 103.4383, 11.2065 ], [ 103.442, 11.2038 ], [ 103.4407, 11.2076 ], [ 103.4356, 11.2095 ], [ 103.4358, 11.216 ], [ 103.4364, 11.2136 ], [ 103.4431, 11.2117 ], [ 103.449, 11.1987 ], [ 103.4528, 11.1976 ], [ 103.452, 11.1906 ], [ 103.4534, 11.1944 ], [ 103.4568, 11.1914 ], [ 103.4567, 11.1845 ], [ 103.4509, 11.1842 ] ] ] } },
{ "type": "Feature", "properties": { "to": "Agricultural land", "kh": "ដីកសិកម្ម", "ha": 75980 }, "geometry": { "type": "Polygon", "coordinates": [ [ [ 103.4843, 11.22 ], [ 103.4925, 11.2257 ], [ 103.4956, 11.2245 ], [ 103.4957, 11.2195 ], [ 103.4979, 11.22 ], [ 103.4941, 11.2184 ], [ 103.4955, 11.2206 ], [ 103.4938, 11.2208 ], [ 103.4917, 11.2173 ], [ 103.4925, 11.2219 ], [ 103.4898, 11.2219 ], [ 103.4914, 11.2195 ], [ 103.4895, 11.2203 ], [ 103.4903, 11.2171 ], [ 103.4868, 11.2149 ], [ 103.4879, 11.2174 ], [ 103.4843, 11.22 ] ] ] } },
{ "type": "Feature", "properties": { "to": "Agricultural land", "kh": "ដីកសិកម្ម", "ha": 75980 }, "geometry": { "type": "Polygon", "coordinates": [ [ [ 103.4846, 11.2254 ], [ 103.4811, 11.2187 ], [ 103.4795, 11.2192 ], [ 103.4822, 11.2227 ], [ 103.4782, 11.2238 ], [ 103.4806, 11.2289 ], [ 103.4767, 11.2281 ], [ 103.4775, 11.2301 ], [ 103.479, 11.2311 ], [ 103.4846, 11.2254 ] ] ] } },
{ "type": "Feature", "properties": { "to": "Agricultural land", "kh": "ដីកសិកម្ម", "ha": 75980 }, "geometry": { "type": "Polygon", "coordinates": [ [ [ 103.4863, 11.2635 ], [ 103.486, 11.2596 ], [ 103.4812, 11.2635 ], [ 103.4788, 11.2578 ], [ 103.4766, 11.26 ], [ 103.4768, 11.2664 ], [ 103.4822, 11.267 ], [ 103.483, 11.2643 ], [ 103.4887, 11.2667 ], [ 103.4946, 11.264 ], [ 103.4882, 11.261 ], [ 103.4863, 11.2635 ] ] ] } },
{ "type": "Feature", "properties": { "to": "Agricultural land", "kh": "ដីកសិកម្ម", "ha": 75980 }, "geometry": { "type": "Polygon", "coordinates": [ [ [ 103.4814, 11.3309 ], [ 103.4801, 11.3253 ], [ 103.483, 11.3255 ], [ 103.4814, 11.328 ], [ 103.4836, 11.3301 ], [ 103.4838, 11.3266 ], [ 103.4855, 11.3293 ], [ 103.4884, 11.3258 ], [ 103.4928, 11.3253 ], [ 103.4933, 11.3223 ], [ 103.4855, 11.3258 ], [ 103.486, 11.3196 ], [ 103.483, 11.3191 ], [ 103.4844, 11.3204 ], [ 103.4795, 11.3223 ], [ 103.4779, 11.3293 ], [ 103.4739, 11.3288 ], [ 103.4774, 11.3334 ], [ 103.472, 11.3339 ], [ 103.4696, 11.3363 ], [ 103.4706, 11.3398 ], [ 103.4728, 11.339 ], [ 103.4709, 11.3385 ], [ 103.472, 11.3355 ], [ 103.4787, 11.3382 ], [ 103.4787, 11.335 ], [ 103.4768, 11.3352 ], [ 103.4795, 11.3309 ], [ 103.4798, 11.3329 ], [ 103.4844, 11.3325 ], [ 103.4814, 11.3309 ] ] ] } },
{ "type": "Feature", "properties": { "to": "Agricultural land", "kh": "ដីកសិកម្ម", "ha": 75980 }, "geometry": { "type": "Polygon", "coordinates": [ [ [ 103.4619, 11.6804 ], [ 103.4663, 11.6775 ], [ 103.469, 11.6671 ], [ 103.4658, 11.6668 ], [ 103.4679, 11.6695 ], [ 103.4663, 11.6711 ], [ 103.4647, 11.6666 ], [ 103.462, 11.6725 ], [ 103.462, 11.6692 ], [ 103.4596, 11.6684 ], [ 103.4615, 11.6652 ], [ 103.4577, 11.6682 ], [ 103.4544, 11.6671 ], [ 103.4547, 11.6709 ], [ 103.4534, 11.6652 ], [ 103.449, 11.666 ], [ 103.4499, 11.6719 ], [ 103.4466, 11.6722 ], [ 103.4455, 11.6687 ], [ 103.4474, 11.6687 ], [ 103.4434, 11.6684 ], [ 103.4431, 11.6649 ], [ 103.4404, 11.6644 ], [ 103.4415, 11.6682 ], [ 103.4361, 11.6671 ], [ 103.4364, 11.6644 ], [ 103.431, 11.6649 ], [ 103.4318, 11.6668 ], [ 103.4272, 11.669 ], [ 103.4229, 11.6773 ], [ 103.431, 11.6744 ], [ 103.4323, 11.6806 ], [ 103.4196, 11.6782 ], [ 103.4164, 11.6728 ], [ 103.4094, 11.6701 ], [ 103.4091, 11.6612 ], [ 103.4121, 11.6593 ], [ 103.4056, 11.6544 ], [ 103.4048, 11.6496 ], [ 103.3997, 11.6496 ], [ 103.3991, 11.6458 ], [ 103.404, 11.6417 ], [ 103.3948, 11.6469 ], [ 103.3945, 11.6528 ], [ 103.3989, 11.6536 ], [ 103.401, 11.6595 ], [ 103.4042, 11.659 ], [ 103.4059, 11.6728 ], [ 103.4134, 11.6752 ], [ 103.4177, 11.6829 ], [ 103.4261, 11.6832 ], [ 103.4299, 11.6892 ], [ 103.4294, 11.6854 ], [ 103.4318, 11.6852 ], [ 103.4334, 11.6887 ], [ 103.4312, 11.6895 ], [ 103.4366, 11.6884 ], [ 103.4358, 11.6922 ], [ 103.4399, 11.6925 ], [ 103.4369, 11.6946 ], [ 103.4345, 11.6911 ], [ 103.4337, 11.6962 ], [ 103.4385, 11.7032 ], [ 103.4439, 11.7049 ], [ 103.442, 11.7089 ], [ 103.4439, 11.7086 ], [ 103.4426, 11.7116 ], [ 103.4447, 11.7132 ], [ 103.4453, 11.7175 ], [ 103.4439, 11.7138 ], [ 103.442, 11.7186 ], [ 103.4445, 11.7194 ], [ 103.4453, 11.7219 ], [ 103.4431, 11.721 ], [ 103.4439, 11.7243 ], [ 103.441, 11.7237 ], [ 103.441, 11.7308 ], [ 103.4458, 11.7308 ], [ 103.446, 11.7227 ], [ 103.4462, 11.7254 ], [ 103.4487, 11.7257 ], [ 103.4465, 11.73 ], [ 103.4493, 11.734 ], [ 103.4493, 11.7254 ], [ 103.4466, 11.7246 ], [ 103.448, 11.7216 ], [ 103.4531, 11.7229 ], [ 103.4539, 11.721 ], [ 103.448, 11.7186 ], [ 103.4571, 11.7205 ], [ 103.4569, 11.7173 ], [ 103.4512, 11.7143 ], [ 103.4472, 11.7162 ], [ 103.4445, 11.7035 ], [ 103.4377, 11.7011 ], [ 103.441, 11.7008 ], [ 103.4404, 11.6978 ], [ 103.4458, 11.6984 ], [ 103.4434, 11.6935 ], [ 103.4488, 11.6957 ], [ 103.4455, 11.6927 ], [ 103.4401, 11.6941 ], [ 103.4401, 11.6914 ], [ 103.4458, 11.6925 ], [ 103.4436, 11.6908 ], [ 103.4485, 11.6906 ], [ 103.449, 11.6857 ], [ 103.4472, 11.6881 ], [ 103.4469, 11.6854 ], [ 103.4509, 11.6841 ], [ 103.4496, 11.6865 ], [ 103.4523, 11.6895 ], [ 103.449, 11.6922 ], [ 103.4512, 11.6943 ], [ 103.4571, 11.6887 ], [ 103.459, 11.6908 ], [ 103.4569, 11.6908 ], [ 103.4604, 11.6911 ], [ 103.4604, 11.6865 ], [ 103.4652, 11.6889 ], [ 103.4642, 11.6919 ], [ 103.4606, 11.6911 ], [ 103.4636, 11.6938 ], [ 103.4617, 11.6978 ], [ 103.4698, 11.6995 ], [ 103.472, 11.6951 ], [ 103.4722, 11.7022 ], [ 103.4763, 11.7041 ], [ 103.4806, 11.7016 ], [ 103.4844, 11.7032 ], [ 103.4825, 11.7019 ], [ 103.4838, 11.6997 ], [ 103.4852, 11.7024 ], [ 103.4863, 11.6997 ], [ 103.4901, 11.7008 ], [ 103.4901, 11.697 ], [ 103.4949, 11.6976 ], [ 103.4919, 11.6968 ], [ 103.4922, 11.6943 ], [ 103.4863, 11.6946 ], [ 103.4844, 11.6908 ], [ 103.4822, 11.6927 ], [ 103.4847, 11.6862 ], [ 103.482, 11.683 ], [ 103.4833, 11.6808 ], [ 103.4806, 11.6817 ], [ 103.479, 11.6776 ], [ 103.4768, 11.6798 ], [ 103.4741, 11.6736 ], [ 103.4701, 11.6719 ], [ 103.4696, 11.6698 ], [ 103.4771, 11.6711 ], [ 103.4717, 11.6641 ], [ 103.4717, 11.6692 ], [ 103.4694, 11.6694 ], [ 103.468, 11.6759 ], [ 103.4649, 11.6791 ], [ 103.4665, 11.6818 ], [ 103.4586, 11.681 ], [ 103.4577, 11.6834 ], [ 103.4564, 11.6807 ], [ 103.4484, 11.6798 ], [ 103.4619, 11.6804 ] ] ] } },
{ "type": "Feature", "properties": { "to": "Agricultural land", "kh": "ដីកសិកម្ម", "ha": 75980 }, "geometry": { "type": "Polygon", "coordinates": [ [ [ 103.4517, 11.7367 ], [ 103.4445, 11.7313 ], [ 103.4469, 11.7364 ], [ 103.4542, 11.737 ], [ 103.4593, 11.7432 ], [ 103.466, 11.7475 ], [ 103.4579, 11.7413 ], [ 103.4585, 11.7391 ], [ 103.4574, 11.7399 ], [ 103.4547, 11.737 ], [ 103.4574, 11.7389 ], [ 103.4566, 11.7362 ], [ 103.4517, 11.7367 ] ] ] } },
{ "type": "Feature", "properties": { "to": "Agricultural land", "kh": "ដីកសិកម្ម", "ha": 75980 }, "geometry": { "type": "Polygon", "coordinates": [ [ [ 103.4898, 11.7799 ], [ 103.4925, 11.7764 ], [ 103.4911, 11.7739 ], [ 103.4933, 11.7753 ], [ 103.4922, 11.7712 ], [ 103.4874, 11.7747 ], [ 103.4822, 11.7702 ], [ 103.4776, 11.7696 ], [ 103.4736, 11.7726 ], [ 103.4682, 11.7688 ], [ 103.4679, 11.7545 ], [ 103.4622, 11.767 ], [ 103.4693, 11.7716 ], [ 103.4682, 11.7743 ], [ 103.4722, 11.7774 ], [ 103.4776, 11.7745 ], [ 103.485, 11.78 ], [ 103.4863, 11.7839 ], [ 103.4892, 11.7811 ], [ 103.493, 11.7828 ], [ 103.4898, 11.7799 ] ] ] } },
{ "type": "Feature", "properties": { "to": "Agricultural land", "kh": "ដីកសិកម្ម", "ha": 75980 }, "geometry": { "type": "Polygon", "coordinates": [ [ [ 103.4984, 11.1914 ], [ 103.5033, 11.1844 ], [ 103.5022, 11.1815 ], [ 103.4933, 11.186 ], [ 103.4965, 11.1879 ], [ 103.4938, 11.1979 ], [ 103.4963, 11.1982 ], [ 103.5, 11.1928 ], [ 103.4984, 11.1914 ] ] ] } },
{ "type": "Feature", "properties": { "to": "Agricultural land", "kh": "ដីកសិកម្ម", "ha": 75980 }, "geometry": { "type": "Polygon", "coordinates": [ [ [ 103.4965, 11.2141 ], [ 103.4995, 11.21 ], [ 103.4914, 11.2098 ], [ 103.4898, 11.2125 ], [ 103.4925, 11.2171 ], [ 103.4954, 11.2146 ], [ 103.4941, 11.2122 ], [ 103.4965, 11.2141 ] ] ] } },
{ "type": "Feature", "properties": { "to": "Agricultural land", "kh": "ដីកសិកម្ម", "ha": 75980 }, "geometry": { "type": "Polygon", "coordinates": [ [ [ 103.4995, 11.2603 ], [ 103.4987, 11.267 ], [ 103.4938, 11.2681 ], [ 103.4965, 11.2735 ], [ 103.5054, 11.2751 ], [ 103.5071, 11.2699 ], [ 103.5089, 11.2718 ], [ 103.5073, 11.2745 ], [ 103.5108, 11.2745 ], [ 103.5106, 11.2651 ], [ 103.5068, 11.2686 ], [ 103.5027, 11.2675 ], [ 103.5046, 11.2643 ], [ 103.5033, 11.257 ], [ 103.4995, 11.2603 ] ] ] } },
{ "type": "Feature", "properties": { "to": "Agricultural land", "kh": "ដីកសិកម្ម", "ha": 75980 }, "geometry": { "type": "Polygon", "coordinates": [ [ [ 103.5526, 11.3131 ], [ 103.5566, 11.308 ], [ 103.5535, 11.3058 ], [ 103.5545, 11.3034 ], [ 103.5491, 11.3026 ], [ 103.547, 11.2983 ], [ 103.5421, 11.2988 ], [ 103.5432, 11.295 ], [ 103.5474, 11.2956 ], [ 103.5429, 11.2928 ], [ 103.5429, 11.2894 ], [ 103.5373, 11.294 ], [ 103.5405, 11.2872 ], [ 103.5389, 11.284 ], [ 103.5367, 11.2894 ], [ 103.5348, 11.2869 ], [ 103.5284, 11.2932 ], [ 103.5216, 11.2913 ], [ 103.5238, 11.2826 ], [ 103.5192, 11.2732 ], [ 103.524, 11.2762 ], [ 103.5254, 11.2737 ], [ 103.5178, 11.2697 ], [ 103.5149, 11.2648 ], [ 103.5173, 11.2613 ], [ 103.52, 11.2686 ], [ 103.5249, 11.2689 ], [ 103.5289, 11.2732 ], [ 103.5267, 11.2683 ], [ 103.5291, 11.2626 ], [ 103.5216, 11.2605 ], [ 103.5224, 11.2565 ], [ 103.5189, 11.2567 ], [ 103.5165, 11.2538 ], [ 103.5122, 11.2543 ], [ 103.5149, 11.2583 ], [ 103.5178, 11.2573 ], [ 103.5181, 11.26 ], [ 103.5135, 11.2597 ], [ 103.5089, 11.2559 ], [ 103.5092, 11.2503 ], [ 103.5081, 11.254 ], [ 103.5029, 11.2529 ], [ 103.5032, 11.2562 ], [ 103.5057, 11.2543 ], [ 103.5149, 11.2613 ], [ 103.5141, 11.2683 ], [ 103.5211, 11.2829 ], [ 103.5149, 11.2913 ], [ 103.5151, 11.2859 ], [ 103.52, 11.2842 ], [ 103.513, 11.2821 ], [ 103.5135, 11.2867 ], [ 103.5065, 11.2894 ], [ 103.5071, 11.2937 ], [ 103.5097, 11.2961 ], [ 103.5114, 11.2918 ], [ 103.5133, 11.2948 ], [ 103.518, 11.2933 ], [ 103.5179, 11.2985 ], [ 103.52, 11.2942 ], [ 103.5205, 11.2972 ], [ 103.5238, 11.2977 ], [ 103.523, 11.3007 ], [ 103.5181, 11.3004 ], [ 103.5173, 11.3048 ], [ 103.52, 11.3048 ], [ 103.5195, 11.3029 ], [ 103.5224, 11.3045 ], [ 103.5178, 11.3091 ], [ 103.5176, 11.3134 ], [ 103.5133, 11.3134 ], [ 103.5141, 11.3191 ], [ 103.5103, 11.3188 ], [ 103.5106, 11.3142 ], [ 103.5062, 11.3228 ], [ 103.5166, 11.3262 ], [ 103.5276, 11.3234 ], [ 103.533, 11.3177 ], [ 103.5305, 11.3145 ], [ 103.534, 11.3172 ], [ 103.5351, 11.3126 ], [ 103.5332, 11.3069 ], [ 103.5311, 11.3083 ], [ 103.5321, 11.3053 ], [ 103.5246, 11.3056 ], [ 103.5319, 11.3042 ], [ 103.5348, 11.308 ], [ 103.5383, 11.3002 ], [ 103.5402, 11.3007 ], [ 103.5357, 11.308 ], [ 103.5367, 11.3101 ], [ 103.5338, 11.3185 ], [ 103.5373, 11.3185 ], [ 103.5357, 11.3161 ], [ 103.54, 11.3174 ], [ 103.537, 11.3155 ], [ 103.5373, 11.312 ], [ 103.5413, 11.3126 ], [ 103.5429, 11.3101 ], [ 103.5446, 11.3104 ], [ 103.5432, 11.3131 ], [ 103.5545, 11.3157 ], [ 103.5526, 11.3131 ] ], [ [ 103.5311, 11.2972 ], [ 103.5342, 11.2988 ], [ 103.5345, 11.3046 ], [ 103.5235, 11.3021 ], [ 103.5244, 11.2989 ], [ 103.5311, 11.2972 ] ] ] } },
{ "type": "Feature", "properties": { "to": "Agricultural land", "kh": "ដីកសិកម្ម", "ha": 75980 }, "geometry": { "type": "Polygon", "coordinates": [ [ [ 103.5116, 11.2974 ], [ 103.5106, 11.3037 ], [ 103.5057, 11.2907 ], [ 103.5038, 11.2945 ], [ 103.5062, 11.2975 ], [ 103.5, 11.2969 ], [ 103.4938, 11.2926 ], [ 103.4909, 11.295 ], [ 103.4865, 11.2929 ], [ 103.479, 11.2942 ], [ 103.4825, 11.2999 ], [ 103.4849, 11.2996 ], [ 103.4855, 11.2961 ], [ 103.4903, 11.2972 ], [ 103.4892, 11.3037 ], [ 103.4925, 11.2958 ], [ 103.4946, 11.2964 ], [ 103.4949, 11.3012 ], [ 103.4903, 11.3023 ], [ 103.4925, 11.3053 ], [ 103.4895, 11.3137 ], [ 103.4917, 11.3145 ], [ 103.4952, 11.3101 ], [ 103.493, 11.3139 ], [ 103.4963, 11.3131 ], [ 103.4968, 11.3104 ], [ 103.4936, 11.3058 ], [ 103.4968, 11.3058 ], [ 103.4971, 11.3029 ], [ 103.4987, 11.3112 ], [ 103.4933, 11.3158 ], [ 103.4976, 11.3174 ], [ 103.4955, 11.3193 ], [ 103.5041, 11.3223 ], [ 103.5065, 11.3212 ], [ 103.5087, 11.3118 ], [ 103.5103, 11.3118 ], [ 103.5119, 11.3104 ], [ 103.5127, 11.3107 ], [ 103.5114, 11.3083 ], [ 103.5138, 11.3096 ], [ 103.5141, 11.305 ], [ 103.5089, 11.305 ], [ 103.5135, 11.3045 ], [ 103.5173, 11.2996 ], [ 103.5142, 11.3004 ], [ 103.5116, 11.2974 ] ], [ [ 103.5022, 11.3056 ], [ 103.4976, 11.3002 ], [ 103.503, 11.2999 ], [ 103.5038, 11.3023 ], [ 103.5038, 11.2977 ], [ 103.5057, 11.298 ], [ 103.5056, 11.3046 ], [ 103.5112, 11.3077 ], [ 103.5094, 11.3117 ], [ 103.5007, 11.312 ], [ 103.5048, 11.3021 ], [ 103.5022, 11.3056 ] ] ] } },
{ "type": "Feature", "properties": { "to": "Agricultural land", "kh": "ដីកសិកម្ម", "ha": 75980 }, "geometry": { "type": "Polygon", "coordinates": [ [ [ 103.5269, 11.3294 ], [ 103.5316, 11.3334 ], [ 103.5311, 11.3296 ], [ 103.5338, 11.3288 ], [ 103.5319, 11.3331 ], [ 103.5378, 11.3342 ], [ 103.5335, 11.3315 ], [ 103.5373, 11.3282 ], [ 103.5381, 11.332 ], [ 103.5402, 11.328 ], [ 103.5319, 11.3261 ], [ 103.5375, 11.3244 ], [ 103.5346, 11.3239 ], [ 103.5372, 11.322 ], [ 103.532, 11.3196 ], [ 103.5284, 11.3238 ], [ 103.5269, 11.3294 ] ] ] } },
{ "type": "Feature", "properties": { "to": "Agricultural land", "kh": "ដីកសិកម្ម", "ha": 75980 }, "geometry": { "type": "Polygon", "coordinates": [ [ [ 103.5089, 11.3355 ], [ 103.5106, 11.3387 ], [ 103.5071, 11.3396 ], [ 103.5079, 11.3431 ], [ 103.5141, 11.3385 ], [ 103.514, 11.3409 ], [ 103.5203, 11.3447 ], [ 103.5189, 11.342 ], [ 103.5224, 11.339 ], [ 103.5254, 11.3454 ], [ 103.5286, 11.3456 ], [ 103.528, 11.349 ], [ 103.5319, 11.346 ], [ 103.5279, 11.336 ], [ 103.5248, 11.3363 ], [ 103.5257, 11.3341 ], [ 103.522, 11.3309 ], [ 103.5141, 11.3339 ], [ 103.5089, 11.3317 ], [ 103.5103, 11.3347 ], [ 103.5068, 11.3352 ], [ 103.5057, 11.332 ], [ 103.4998, 11.3352 ], [ 103.5054, 11.3397 ], [ 103.5089, 11.3355 ] ] ] } },
{ "type": "Feature", "properties": { "to": "Agricultural land", "kh": "ដីកសិកម្ម", "ha": 75980 }, "geometry": { "type": "Polygon", "coordinates": [ [ [ 103.5008, 11.3539 ], [ 103.5025, 11.3522 ], [ 103.5054, 11.3547 ], [ 103.5017, 11.3552 ], [ 103.5049, 11.3566 ], [ 103.5038, 11.363 ], [ 103.5073, 11.3628 ], [ 103.5054, 11.3649 ], [ 103.5079, 11.3679 ], [ 103.5116, 11.3687 ], [ 103.5095, 11.3628 ], [ 103.5176, 11.3668 ], [ 103.5251, 11.3657 ], [ 103.5249, 11.3692 ], [ 103.5292, 11.366 ], [ 103.5284, 11.3703 ], [ 103.5265, 11.3684 ], [ 103.5216, 11.3744 ], [ 103.5259, 11.3755 ], [ 103.5261, 11.3816 ], [ 103.537, 11.3736 ], [ 103.5362, 11.3651 ], [ 103.5341, 11.3749 ], [ 103.53, 11.3649 ], [ 103.5333, 11.3598 ], [ 103.536, 11.3614 ], [ 103.537, 11.3514 ], [ 103.5408, 11.3495 ], [ 103.5354, 11.3408 ], [ 103.5313, 11.3468 ], [ 103.5322, 11.3498 ], [ 103.5279, 11.3548 ], [ 103.5238, 11.3547 ], [ 103.5196, 11.3607 ], [ 103.5116, 11.3591 ], [ 103.5103, 11.3613 ], [ 103.5072, 11.3592 ], [ 103.5085, 11.3571 ], [ 103.5038, 11.3479 ], [ 103.5013, 11.3502 ], [ 103.499, 11.3447 ], [ 103.4955, 11.3459 ], [ 103.4995, 11.3506 ], [ 103.4968, 11.3517 ], [ 103.5008, 11.3539 ] ] ] } },
{ "type": "Feature", "properties": { "to": "Agricultural land", "kh": "ដីកសិកម្ម", "ha": 75980 }, "geometry": { "type": "Polygon", "coordinates": [ [ [ 103.5485, 11.3852 ], [ 103.5386, 11.3736 ], [ 103.5348, 11.3768 ], [ 103.5386, 11.3838 ], [ 103.5427, 11.3833 ], [ 103.5475, 11.3876 ], [ 103.5485, 11.3852 ] ] ] } },
{ "type": "Feature", "properties": { "to": "Agricultural land", "kh": "ដីកសិកម្ម", "ha": 75980 }, "geometry": { "type": "Polygon", "coordinates": [ [ [ 103.5199, 11.4159 ], [ 103.5187, 11.4102 ], [ 103.5168, 11.4084 ], [ 103.5165, 11.4102 ], [ 103.5141, 11.4041 ], [ 103.5092, 11.4208 ], [ 103.5122, 11.4205 ], [ 103.5133, 11.4146 ], [ 103.5133, 11.4173 ], [ 103.5199, 11.4159 ] ] ] } },
{ "type": "Feature", "properties": { "to": "Agricultural land", "kh": "ដីកសិកម្ម", "ha": 75980 }, "geometry": { "type": "Polygon", "coordinates": [ [ [ 103.4971, 11.4156 ], [ 103.4938, 11.4213 ], [ 103.5008, 11.4194 ], [ 103.5017, 11.4229 ], [ 103.5076, 11.4251 ], [ 103.5052, 11.4232 ], [ 103.5071, 11.4175 ], [ 103.5041, 11.4189 ], [ 103.5025, 11.4162 ], [ 103.4971, 11.4156 ] ] ] } },
{ "type": "Feature", "properties": { "to": "Agricultural land", "kh": "ដីកសិកម្ម", "ha": 75980 }, "geometry": { "type": "Polygon", "coordinates": [ [ [ 103.5475, 11.6115 ], [ 103.5448, 11.6094 ], [ 103.5497, 11.608 ], [ 103.5497, 11.605 ], [ 103.5486, 11.6067 ], [ 103.5459, 11.6031 ], [ 103.5424, 11.6053 ], [ 103.544, 11.6099 ], [ 103.5402, 11.6118 ], [ 103.54, 11.6147 ], [ 103.5464, 11.615 ], [ 103.5475, 11.6115 ] ] ] } },
{ "type": "Feature", "properties": { "to": "Agricultural land", "kh": "ដីកសិកម្ម", "ha": 75980 }, "geometry": { "type": "Polygon", "coordinates": [ [ [ 103.5301, 11.6268 ], [ 103.5335, 11.6293 ], [ 103.5308, 11.6261 ], [ 103.5338, 11.6258 ], [ 103.5327, 11.6228 ], [ 103.5373, 11.618 ], [ 103.5467, 11.6212 ], [ 103.5383, 11.6161 ], [ 103.5346, 11.6174 ], [ 103.5354, 11.6191 ], [ 103.53, 11.6223 ], [ 103.5303, 11.6261 ], [ 103.5227, 11.625 ], [ 103.5259, 11.629 ], [ 103.5286, 11.6277 ], [ 103.527, 11.6309 ], [ 103.5299, 11.6294 ], [ 103.529, 11.6276 ], [ 103.5257, 11.6268 ], [ 103.5301, 11.6268 ] ] ] } },
{ "type": "Feature", "properties": { "to": "Agricultural land", "kh": "ដីកសិកម្ម", "ha": 75980 }, "geometry": { "type": "Polygon", "coordinates": [ [ [ 103.5224, 11.6334 ], [ 103.5205, 11.6334 ], [ 103.5224, 11.6339 ], [ 103.5203, 11.6382 ], [ 103.5249, 11.635 ], [ 103.5278, 11.6393 ], [ 103.5281, 11.635 ], [ 103.5327, 11.6347 ], [ 103.5319, 11.6377 ], [ 103.5365, 11.6409 ], [ 103.5346, 11.6447 ], [ 103.5394, 11.645 ], [ 103.537, 11.6423 ], [ 103.5394, 11.642 ], [ 103.5402, 11.6355 ], [ 103.5367, 11.6371 ], [ 103.5375, 11.6342 ], [ 103.5313, 11.6299 ], [ 103.5265, 11.6331 ], [ 103.5222, 11.6299 ], [ 103.5224, 11.6334 ] ] ] } },
{ "type": "Feature", "properties": { "to": "Agricultural land", "kh": "ដីកសិកម្ម", "ha": 75980 }, "geometry": { "type": "Polygon", "coordinates": [ [ [ 103.4894, 11.7858 ], [ 103.494, 11.791 ], [ 103.4858, 11.7866 ], [ 103.4872, 11.7853 ], [ 103.4841, 11.7855 ], [ 103.485, 11.7814 ], [ 103.4779, 11.7771 ], [ 103.4896, 11.7977 ], [ 103.4912, 11.8055 ], [ 103.4949, 11.8084 ], [ 103.4976, 11.8068 ], [ 103.4981, 11.8092 ], [ 103.5104, 11.8079 ], [ 103.5157, 11.8104 ], [ 103.5114, 11.805 ], [ 103.5065, 11.8041 ], [ 103.5052, 11.7985 ], [ 103.5022, 11.8001 ], [ 103.4979, 11.7963 ], [ 103.4986, 11.7996 ], [ 103.4929, 11.8007 ], [ 103.4949, 11.7933 ], [ 103.4923, 11.7865 ], [ 103.4894, 11.7858 ] ] ] } },
{ "type": "Feature", "properties": { "to": "Agricultural land", "kh": "ដីកសិកម្ម", "ha": 75980 }, "geometry": { "type": "Polygon", "coordinates": [ [ [ 103.5911, 11.1607 ], [ 103.5791, 11.1512 ], [ 103.5802, 11.147 ], [ 103.5761, 11.1473 ], [ 103.5796, 11.1545 ], [ 103.5845, 11.1572 ], [ 103.5831, 11.1599 ], [ 103.5911, 11.1607 ] ] ] } },
{ "type": "Feature", "properties": { "to": "Agricultural land", "kh": "ដីកសិកម្ម", "ha": 75980 }, "geometry": { "type": "Polygon", "coordinates": [ [ [ 103.5869, 11.2076 ], [ 103.5901, 11.2068 ], [ 103.5902, 11.1989 ], [ 103.5877, 11.1989 ], [ 103.5891, 11.2001 ], [ 103.5842, 11.2041 ], [ 103.5822, 11.1995 ], [ 103.5783, 11.2001 ], [ 103.5859, 11.189 ], [ 103.5821, 11.1908 ], [ 103.5815, 11.1941 ], [ 103.5772, 11.192 ], [ 103.5785, 11.1979 ], [ 103.5761, 11.1974 ], [ 103.5758, 11.1939 ], [ 103.5758, 11.1979 ], [ 103.5733, 11.1963 ], [ 103.5735, 11.1985 ], [ 103.5724, 11.1971 ], [ 103.5702, 11.1996 ], [ 103.5672, 11.1962 ], [ 103.5653, 11.1987 ], [ 103.5631, 11.1962 ], [ 103.562, 11.1995 ], [ 103.5604, 11.1952 ], [ 103.5548, 11.1958 ], [ 103.5556, 11.2101 ], [ 103.5505, 11.203 ], [ 103.5523, 11.2095 ], [ 103.5579, 11.2133 ], [ 103.5592, 11.2076 ], [ 103.5623, 11.2106 ], [ 103.5602, 11.2049 ], [ 103.5637, 11.2017 ], [ 103.5648, 11.2071 ], [ 103.5696, 11.2114 ], [ 103.5718, 11.2085 ], [ 103.5699, 11.2018 ], [ 103.5734, 11.2045 ], [ 103.5718, 11.2006 ], [ 103.5758, 11.1982 ], [ 103.5748, 11.2047 ], [ 103.5767, 11.2003 ], [ 103.5788, 11.203 ], [ 103.5736, 11.2112 ], [ 103.5769, 11.2157 ], [ 103.5856, 11.214 ], [ 103.5869, 11.2076 ] ] ] } },
{ "type": "Feature", "properties": { "to": "Agricultural land", "kh": "ដីកសិកម្ម", "ha": 75980 }, "geometry": { "type": "Polygon", "coordinates": [ [ [ 103.581, 11.2197 ], [ 103.5777, 11.216 ], [ 103.5744, 11.2171 ], [ 103.5764, 11.2235 ], [ 103.5799, 11.2227 ], [ 103.5794, 11.2281 ], [ 103.5813, 11.2286 ], [ 103.5836, 11.2214 ], [ 103.5788, 11.2208 ], [ 103.581, 11.2197 ] ] ] } },
{ "type": "Feature", "properties": { "to": "Agricultural land", "kh": "ដីកសិកម្ម", "ha": 75980 }, "geometry": { "type": "Polygon", "coordinates": [ [ [ 103.5721, 11.2893 ], [ 103.5742, 11.2834 ], [ 103.5715, 11.2834 ], [ 103.5699, 11.2875 ], [ 103.5648, 11.2851 ], [ 103.5656, 11.2894 ], [ 103.5602, 11.288 ], [ 103.564, 11.2837 ], [ 103.5583, 11.2805 ], [ 103.5634, 11.2762 ], [ 103.557, 11.2767 ], [ 103.557, 11.2735 ], [ 103.5535, 11.2783 ], [ 103.5564, 11.2691 ], [ 103.5516, 11.2662 ], [ 103.554, 11.271 ], [ 103.5518, 11.2726 ], [ 103.5486, 11.2673 ], [ 103.5454, 11.2681 ], [ 103.5435, 11.2624 ], [ 103.5451, 11.2589 ], [ 103.5386, 11.2516 ], [ 103.5348, 11.25 ], [ 103.5284, 11.2519 ], [ 103.5297, 11.2535 ], [ 103.5276, 11.2548 ], [ 103.5313, 11.2557 ], [ 103.5284, 11.2557 ], [ 103.5294, 11.2592 ], [ 103.5376, 11.2611 ], [ 103.536, 11.2653 ], [ 103.5332, 11.2641 ], [ 103.5297, 11.2681 ], [ 103.5308, 11.274 ], [ 103.5335, 11.2694 ], [ 103.537, 11.2699 ], [ 103.5319, 11.274 ], [ 103.5332, 11.277 ], [ 103.5405, 11.2748 ], [ 103.5416, 11.271 ], [ 103.5446, 11.2721 ], [ 103.5448, 11.2759 ], [ 103.5494, 11.2783 ], [ 103.5508, 11.2826 ], [ 103.5545, 11.2805 ], [ 103.5521, 11.2834 ], [ 103.5593, 11.2851 ], [ 103.5541, 11.2906 ], [ 103.5587, 11.2898 ], [ 103.5606, 11.293 ], [ 103.5624, 11.29 ], [ 103.5647, 11.2921 ], [ 103.5694, 11.2903 ], [ 103.5691, 11.288 ], [ 103.5721, 11.2893 ] ] ] } },
{ "type": "Feature", "properties": { "to": "Agricultural land", "kh": "ដីកសិកម្ម", "ha": 75980 }, "geometry": { "type": "Polygon", "coordinates": [ [ [ 103.5788, 11.3048 ], [ 103.5826, 11.3066 ], [ 103.5821, 11.3026 ], [ 103.5831, 11.305 ], [ 103.5875, 11.305 ], [ 103.5912, 11.3007 ], [ 103.5883, 11.3004 ], [ 103.5812, 11.2921 ], [ 103.5776, 11.2977 ], [ 103.5788, 11.3048 ] ] ] } },
{ "type": "Feature", "properties": { "to": "Agricultural land", "kh": "ដីកសិកម្ម", "ha": 75980 }, "geometry": { "type": "Polygon", "coordinates": [ [ [ 103.5807, 11.3159 ], [ 103.5792, 11.3214 ], [ 103.5751, 11.3239 ], [ 103.5821, 11.3228 ], [ 103.5834, 11.3261 ], [ 103.5872, 11.3244 ], [ 103.5896, 11.3266 ], [ 103.5923, 11.3244 ], [ 103.5883, 11.3231 ], [ 103.5918, 11.3226 ], [ 103.5939, 11.3161 ], [ 103.5969, 11.3145 ], [ 103.5915, 11.3147 ], [ 103.5912, 11.3112 ], [ 103.5958, 11.3137 ], [ 103.5947, 11.3101 ], [ 103.5864, 11.3056 ], [ 103.5772, 11.3096 ], [ 103.5777, 11.3142 ], [ 103.5807, 11.3159 ] ] ] } },
{ "type": "Feature", "properties": { "to": "Agricultural land", "kh": "ដីកសិកម្ម", "ha": 75980 }, "geometry": { "type": "Polygon", "coordinates": [ [ [ 103.5501, 11.3296 ], [ 103.5591, 11.3298 ], [ 103.5586, 11.3236 ], [ 103.5534, 11.3153 ], [ 103.551, 11.3153 ], [ 103.5505, 11.3196 ], [ 103.5559, 11.3266 ], [ 103.5501, 11.3296 ] ] ] } },
{ "type": "Feature", "properties": { "to": "Agricultural land", "kh": "ដីកសិកម្ម", "ha": 75980 }, "geometry": { "type": "Polygon", "coordinates": [ [ [ 103.5696, 11.3355 ], [ 103.5737, 11.3371 ], [ 103.5734, 11.3339 ], [ 103.5753, 11.3374 ], [ 103.5802, 11.3382 ], [ 103.5748, 11.3387 ], [ 103.5799, 11.3436 ], [ 103.5842, 11.3431 ], [ 103.5869, 11.3374 ], [ 103.5848, 11.3355 ], [ 103.5839, 11.339 ], [ 103.5821, 11.3355 ], [ 103.5788, 11.3361 ], [ 103.5752, 11.3324 ], [ 103.5707, 11.3322 ], [ 103.5696, 11.3355 ] ] ] } },
{ "type": "Feature", "properties": { "to": "Agricultural land", "kh": "ដីកសិកម្ម", "ha": 75980 }, "geometry": { "type": "Polygon", "coordinates": [ [ [ 103.5721, 11.3414 ], [ 103.5696, 11.3385 ], [ 103.5632, 11.3382 ], [ 103.5661, 11.3427 ], [ 103.5764, 11.3452 ], [ 103.5737, 11.3401 ], [ 103.5721, 11.3414 ] ] ] } },
{ "type": "Feature", "properties": { "to": "Agricultural land", "kh": "ដីកសិកម្ម", "ha": 75980 }, "geometry": { "type": "Polygon", "coordinates": [ [ [ 103.5613, 11.3484 ], [ 103.5538, 11.3474 ], [ 103.553, 11.3517 ], [ 103.5543, 11.3582 ], [ 103.5529, 11.3563 ], [ 103.5491, 11.359 ], [ 103.5518, 11.3633 ], [ 103.5537, 11.3593 ], [ 103.554, 11.3663 ], [ 103.5634, 11.3679 ], [ 103.5624, 11.3649 ], [ 103.5669, 11.3617 ], [ 103.5758, 11.3668 ], [ 103.5707, 11.3695 ], [ 103.575, 11.37 ], [ 103.578, 11.3673 ], [ 103.5788, 11.3698 ], [ 103.5829, 11.3687 ], [ 103.5839, 11.3638 ], [ 103.5788, 11.3638 ], [ 103.5761, 11.3595 ], [ 103.5729, 11.362 ], [ 103.5707, 11.3587 ], [ 103.5694, 11.3536 ], [ 103.5732, 11.3533 ], [ 103.574, 11.3509 ], [ 103.5694, 11.3512 ], [ 103.5664, 11.3544 ], [ 103.5664, 11.3611 ], [ 103.5629, 11.3606 ], [ 103.5613, 11.3636 ], [ 103.5618, 11.359 ], [ 103.5645, 11.3587 ], [ 103.5621, 11.3576 ], [ 103.557, 11.3641 ], [ 103.5545, 11.3487 ], [ 103.5591, 11.352 ], [ 103.5562, 11.3533 ], [ 103.5578, 11.3557 ], [ 103.5599, 11.3536 ], [ 103.5632, 11.3571 ], [ 103.5656, 11.3544 ], [ 103.5626, 11.3541 ], [ 103.5613, 11.3484 ] ] ] } },
{ "type": "Feature", "properties": { "to": "Agricultural land", "kh": "ដីកសិកម្ម", "ha": 75980 }, "geometry": { "type": "Polygon", "coordinates": [ [ [ 103.5494, 11.3763 ], [ 103.5505, 11.3819 ], [ 103.5589, 11.3819 ], [ 103.5629, 11.3771 ], [ 103.5626, 11.3751 ], [ 103.5555, 11.3798 ], [ 103.5494, 11.3763 ] ] ] } },
{ "type": "Feature", "properties": { "to": "Agricultural land", "kh": "ដីកសិកម្ម", "ha": 75980 }, "geometry": { "type": "Polygon", "coordinates": [ [ [ 103.5513, 11.5983 ], [ 103.5491, 11.5924 ], [ 103.5537, 11.5937 ], [ 103.5532, 11.5913 ], [ 103.5562, 11.594 ], [ 103.5583, 11.591 ], [ 103.5605, 11.5959 ], [ 103.5648, 11.5888 ], [ 103.551, 11.5899 ], [ 103.544, 11.5845 ], [ 103.544, 11.588 ], [ 103.5367, 11.5878 ], [ 103.5408, 11.5899 ], [ 103.5405, 11.5924 ], [ 103.5459, 11.5921 ], [ 103.5478, 11.594 ], [ 103.5451, 11.5932 ], [ 103.544, 11.5959 ], [ 103.5413, 11.5932 ], [ 103.5427, 11.601 ], [ 103.5435, 11.5959 ], [ 103.5454, 11.5999 ], [ 103.551, 11.5994 ], [ 103.5497, 11.604 ], [ 103.5537, 11.6069 ], [ 103.5586, 11.6045 ], [ 103.5556, 11.5994 ], [ 103.5513, 11.5983 ] ] ] } },
{ "type": "Feature", "properties": { "to": "Agricultural land", "kh": "ដីកសិកម្ម", "ha": 75980 }, "geometry": { "type": "Polygon", "coordinates": [ [ [ 103.5586, 11.6593 ], [ 103.5567, 11.6547 ], [ 103.5553, 11.6582 ], [ 103.5516, 11.6566 ], [ 103.5556, 11.6533 ], [ 103.5494, 11.6547 ], [ 103.5502, 11.6506 ], [ 103.5529, 11.6512 ], [ 103.5521, 11.6479 ], [ 103.5435, 11.6471 ], [ 103.5451, 11.6439 ], [ 103.5427, 11.6455 ], [ 103.5392, 11.6431 ], [ 103.5424, 11.6469 ], [ 103.5429, 11.6555 ], [ 103.5462, 11.6552 ], [ 103.547, 11.6579 ], [ 103.5475, 11.6541 ], [ 103.5473, 11.6563 ], [ 103.5497, 11.6558 ], [ 103.5483, 11.6574 ], [ 103.5524, 11.6576 ], [ 103.5486, 11.659 ], [ 103.5505, 11.6625 ], [ 103.5545, 11.6652 ], [ 103.5589, 11.6644 ], [ 103.5559, 11.666 ], [ 103.558, 11.6679 ], [ 103.564, 11.6679 ], [ 103.5599, 11.6639 ], [ 103.5626, 11.6639 ], [ 103.5624, 11.6574 ], [ 103.5597, 11.6563 ], [ 103.5586, 11.6593 ] ] ] } },
{ "type": "Feature", "properties": { "to": "Agricultural land", "kh": "ដីកសិកម្ម", "ha": 75980 }, "geometry": { "type": "Polygon", "coordinates": [ [ [ 103.5629, 11.6578 ], [ 103.5637, 11.6614 ], [ 103.5672, 11.6587 ], [ 103.568, 11.663 ], [ 103.5651, 11.6625 ], [ 103.564, 11.6657 ], [ 103.5656, 11.6671 ], [ 103.5717, 11.6603 ], [ 103.5729, 11.6558 ], [ 103.5702, 11.6566 ], [ 103.5707, 11.6536 ], [ 103.5812, 11.6555 ], [ 103.5812, 11.6528 ], [ 103.5826, 11.6566 ], [ 103.5853, 11.6544 ], [ 103.5794, 11.6514 ], [ 103.5785, 11.6541 ], [ 103.5767, 11.6485 ], [ 103.5678, 11.6504 ], [ 103.5672, 11.6452 ], [ 103.5607, 11.6506 ], [ 103.5589, 11.6463 ], [ 103.5553, 11.6458 ], [ 103.5575, 11.6487 ], [ 103.5556, 11.6525 ], [ 103.5586, 11.6509 ], [ 103.5607, 11.6547 ], [ 103.5655, 11.6508 ], [ 103.5692, 11.6524 ], [ 103.5691, 11.6562 ], [ 103.5629, 11.6578 ] ] ] } },
{ "type": "Feature", "properties": { "to": "Agricultural land", "kh": "ដីកសិកម្ម", "ha": 75980 }, "geometry": { "type": "Polygon", "coordinates": [ [ [ 103.6015, 11.1002 ], [ 103.5982, 11.0981 ], [ 103.6012, 11.1013 ], [ 103.5969, 11.1016 ], [ 103.5966, 11.0973 ], [ 103.6026, 11.0973 ], [ 103.6033, 11.0938 ], [ 103.6061, 11.0932 ], [ 103.6101, 11.09 ], [ 103.595, 11.0978 ], [ 103.5974, 11.1051 ], [ 103.594, 11.1074 ], [ 103.5976, 11.1075 ], [ 103.5976, 11.1146 ], [ 103.6018, 11.1127 ], [ 103.602, 11.117 ], [ 103.6042, 11.1162 ], [ 103.6023, 11.1124 ], [ 103.6044, 11.1124 ], [ 103.5985, 11.1078 ], [ 103.5977, 11.104 ], [ 103.5999, 11.1027 ], [ 103.5993, 11.1056 ], [ 103.6017, 11.1051 ], [ 103.6015, 11.1002 ] ] ] } },
{ "type": "Feature", "properties": { "to": "Agricultural land", "kh": "ដីកសិកម្ម", "ha": 75980 }, "geometry": { "type": "Polygon", "coordinates": [ [ [ 103.6177, 11.1615 ], [ 103.6255, 11.1591 ], [ 103.6234, 11.1607 ], [ 103.6259, 11.1592 ], [ 103.6264, 11.1581 ], [ 103.6218, 11.1559 ], [ 103.6194, 11.1437 ], [ 103.6261, 11.1479 ], [ 103.6279, 11.142 ], [ 103.634, 11.1407 ], [ 103.6315, 11.1368 ], [ 103.6248, 11.1353 ], [ 103.6241, 11.1388 ], [ 103.6214, 11.1342 ], [ 103.6193, 11.1407 ], [ 103.6204, 11.1332 ], [ 103.6179, 11.1299 ], [ 103.625, 11.1315 ], [ 103.6239, 11.1348 ], [ 103.6278, 11.1314 ], [ 103.6293, 11.134 ], [ 103.6352, 11.1337 ], [ 103.6406, 11.1278 ], [ 103.6317, 11.1286 ], [ 103.643, 11.1261 ], [ 103.643, 11.124 ], [ 103.6374, 11.1143 ], [ 103.6366, 11.1044 ], [ 103.6349, 11.1078 ], [ 103.6301, 11.1073 ], [ 103.6206, 11.0959 ], [ 103.6263, 11.0954 ], [ 103.6271, 11.0975 ], [ 103.6293, 11.0946 ], [ 103.625, 11.0951 ], [ 103.6214, 11.0922 ], [ 103.6187, 11.0949 ], [ 103.6193, 11.0908 ], [ 103.6155, 11.0913 ], [ 103.6131, 11.0881 ], [ 103.6107, 11.09 ], [ 103.6163, 11.0954 ], [ 103.6153, 11.1006 ], [ 103.6179, 11.1016 ], [ 103.6204, 11.0986 ], [ 103.6223, 11.1065 ], [ 103.6258, 11.1067 ], [ 103.6298, 11.1113 ], [ 103.6258, 11.1148 ], [ 103.6282, 11.1202 ], [ 103.6255, 11.1224 ], [ 103.6266, 11.127 ], [ 103.6236, 11.1237 ], [ 103.6209, 11.1253 ], [ 103.622, 11.1283 ], [ 103.6196, 11.1253 ], [ 103.6182, 11.1297 ], [ 103.6144, 11.1294 ], [ 103.6179, 11.1283 ], [ 103.6185, 11.1253 ], [ 103.6201, 11.1251 ], [ 103.6166, 11.1202 ], [ 103.6101, 11.1267 ], [ 103.6124, 11.1328 ], [ 103.6181, 11.1337 ], [ 103.6174, 11.1363 ], [ 103.6128, 11.1371 ], [ 103.6163, 11.1472 ], [ 103.6125, 11.1464 ], [ 103.6098, 11.1504 ], [ 103.6093, 11.1467 ], [ 103.6036, 11.1458 ], [ 103.608, 11.1499 ], [ 103.6036, 11.1577 ], [ 103.6096, 11.1558 ], [ 103.6088, 11.1518 ], [ 103.6142, 11.1547 ], [ 103.6115, 11.1531 ], [ 103.6123, 11.1502 ], [ 103.6174, 11.1601 ], [ 103.6139, 11.159 ], [ 103.6177, 11.1615 ] ] ] } },
{ "type": "Feature", "properties": { "to": "Agricultural land", "kh": "ដីកសិកម្ម", "ha": 75980 }, "geometry": { "type": "Polygon", "coordinates": [ [ [ 103.5972, 11.1526 ], [ 103.6026, 11.1566 ], [ 103.6047, 11.1485 ], [ 103.5985, 11.1488 ], [ 103.5947, 11.1453 ], [ 103.5961, 11.1512 ], [ 103.5931, 11.1528 ], [ 103.5972, 11.1526 ] ] ] } },
{ "type": "Feature", "properties": { "to": "Agricultural land", "kh": "ដីកសិកម្ម", "ha": 75980 }, "geometry": { "type": "Polygon", "coordinates": [ [ [ 103.6375, 11.1673 ], [ 103.64, 11.1636 ], [ 103.6356, 11.1625 ], [ 103.6401, 11.1581 ], [ 103.6383, 11.1524 ], [ 103.6293, 11.1566 ], [ 103.633, 11.1591 ], [ 103.6328, 11.1649 ], [ 103.6375, 11.1673 ] ] ] } },
{ "type": "Feature", "properties": { "to": "Agricultural land", "kh": "ដីកសិកម្ម", "ha": 75980 }, "geometry": { "type": "Polygon", "coordinates": [ [ [ 103.6034, 11.1717 ], [ 103.5993, 11.1663 ], [ 103.5965, 11.1663 ], [ 103.5961, 11.1696 ], [ 103.5993, 11.172 ], [ 103.5964, 11.1709 ], [ 103.5958, 11.1742 ], [ 103.5992, 11.1758 ], [ 103.6018, 11.1699 ], [ 103.6034, 11.1717 ] ] ] } },
{ "type": "Feature", "properties": { "to": "Agricultural land", "kh": "ដីកសិកម្ម", "ha": 75980 }, "geometry": { "type": "Polygon", "coordinates": [ [ [ 103.6239, 11.2001 ], [ 103.6214, 11.1949 ], [ 103.6096, 11.1979 ], [ 103.6109, 11.1906 ], [ 103.6071, 11.1909 ], [ 103.6098, 11.1941 ], [ 103.6066, 11.1936 ], [ 103.6061, 11.1987 ], [ 103.6128, 11.2028 ], [ 103.6179, 11.2017 ], [ 103.6246, 11.2055 ], [ 103.6244, 11.1971 ], [ 103.6239, 11.2001 ] ] ] } },
{ "type": "Feature", "properties": { "to": "Agricultural land", "kh": "ដីកសិកម្ម", "ha": 75980 }, "geometry": { "type": "Polygon", "coordinates": [ [ [ 103.5983, 11.2052 ], [ 103.6061, 11.2124 ], [ 103.6095, 11.2106 ], [ 103.6085, 11.2049 ], [ 103.6055, 11.2036 ], [ 103.5983, 11.2052 ] ] ] } },
{ "type": "Feature", "properties": { "to": "Agricultural land", "kh": "ដីកសិកម្ម", "ha": 75980 }, "geometry": { "type": "Polygon", "coordinates": [ [ [ 103.6242, 11.2063 ], [ 103.6166, 11.209 ], [ 103.6163, 11.2055 ], [ 103.6131, 11.2065 ], [ 103.613, 11.212 ], [ 103.6109, 11.2128 ], [ 103.6136, 11.2141 ], [ 103.6163, 11.2092 ], [ 103.6171, 11.2117 ], [ 103.627, 11.2109 ], [ 103.6242, 11.2063 ] ] ] } },
{ "type": "Feature", "properties": { "to": "Agricultural land", "kh": "ដីកសិកម្ម", "ha": 75980 }, "geometry": { "type": "Polygon", "coordinates": [ [ [ 103.6607, 11.2275 ], [ 103.6594, 11.2225 ], [ 103.6561, 11.223 ], [ 103.6519, 11.2175 ], [ 103.6445, 11.2184 ], [ 103.6368, 11.2149 ], [ 103.63, 11.218 ], [ 103.626, 11.2119 ], [ 103.6231, 11.2119 ], [ 103.6157, 11.2168 ], [ 103.6199, 11.2206 ], [ 103.6285, 11.2227 ], [ 103.6428, 11.2198 ], [ 103.6487, 11.2211 ], [ 103.6409, 11.2211 ], [ 103.6409, 11.2235 ], [ 103.6384, 11.2217 ], [ 103.6352, 11.2233 ], [ 103.6349, 11.2265 ], [ 103.6344, 11.2233 ], [ 103.6314, 11.223 ], [ 103.6312, 11.2265 ], [ 103.6298, 11.2238 ], [ 103.6205, 11.2211 ], [ 103.626, 11.2271 ], [ 103.6241, 11.2289 ], [ 103.6212, 11.226 ], [ 103.6196, 11.2273 ], [ 103.6204, 11.2244 ], [ 103.6171, 11.2233 ], [ 103.6187, 11.2246 ], [ 103.6158, 11.2246 ], [ 103.616, 11.23 ], [ 103.6049, 11.2217 ], [ 103.613, 11.2311 ], [ 103.6098, 11.2387 ], [ 103.6023, 11.2346 ], [ 103.5982, 11.2387 ], [ 103.6004, 11.2298 ], [ 103.5972, 11.225 ], [ 103.5976, 11.2308 ], [ 103.5915, 11.2341 ], [ 103.5934, 11.2362 ], [ 103.5934, 11.2392 ], [ 103.5911, 11.2362 ], [ 103.592, 11.244 ], [ 103.5853, 11.244 ], [ 103.5829, 11.2467 ], [ 103.5788, 11.2427 ], [ 103.5756, 11.2478 ], [ 103.5746, 11.2449 ], [ 103.5676, 11.2453 ], [ 103.5662, 11.2481 ], [ 103.5599, 11.2494 ], [ 103.561, 11.2565 ], [ 103.5599, 11.2511 ], [ 103.5578, 11.2513 ], [ 103.5578, 11.2608 ], [ 103.5616, 11.2597 ], [ 103.564, 11.2524 ], [ 103.5678, 11.2562 ], [ 103.5669, 11.2521 ], [ 103.5713, 11.2511 ], [ 103.5713, 11.247 ], [ 103.5732, 11.25 ], [ 103.581, 11.25 ], [ 103.5834, 11.2473 ], [ 103.5831, 11.2516 ], [ 103.5901, 11.2503 ], [ 103.5896, 11.2473 ], [ 103.5993, 11.2476 ], [ 103.5972, 11.2403 ], [ 103.6009, 11.2381 ], [ 103.6055, 11.2411 ], [ 103.609, 11.2408 ], [ 103.6112, 11.2378 ], [ 103.6179, 11.2449 ], [ 103.6158, 11.2381 ], [ 103.6185, 11.2351 ], [ 103.6155, 11.2306 ], [ 103.6231, 11.2338 ], [ 103.6247, 11.2289 ], [ 103.6285, 11.2297 ], [ 103.6277, 11.2327 ], [ 103.6303, 11.2346 ], [ 103.636, 11.2327 ], [ 103.6379, 11.2343 ], [ 103.6393, 11.2319 ], [ 103.6452, 11.2327 ], [ 103.6465, 11.2354 ], [ 103.6503, 11.2341 ], [ 103.65, 11.2362 ], [ 103.6522, 11.2338 ], [ 103.6552, 11.2349 ], [ 103.6554, 11.2324 ], [ 103.6554, 11.2349 ], [ 103.6584, 11.2338 ], [ 103.6608, 11.2368 ], [ 103.6608, 11.2405 ], [ 103.6644, 11.2316 ], [ 103.6611, 11.2311 ], [ 103.665, 11.2291 ], [ 103.6607, 11.2275 ] ] ] } },
{ "type": "Feature", "properties": { "to": "Agricultural land", "kh": "ដីកសិកម្ម", "ha": 75980 }, "geometry": { "type": "Polygon", "coordinates": [ [ [ 103.6004, 11.3018 ], [ 103.5953, 11.2977 ], [ 103.5953, 11.3004 ], [ 103.5926, 11.3002 ], [ 103.5896, 11.3045 ], [ 103.5928, 11.3042 ], [ 103.5969, 11.3091 ], [ 103.5961, 11.3066 ], [ 103.5993, 11.3058 ], [ 103.598, 11.3034 ], [ 103.6004, 11.3018 ] ] ] } },
{ "type": "Feature", "properties": { "to": "Agricultural land", "kh": "ដីកសិកម្ម", "ha": 75980 }, "geometry": { "type": "Polygon", "coordinates": [ [ [ 103.6039, 11.6738 ], [ 103.6026, 11.6783 ], [ 103.6047, 11.6782 ], [ 103.6071, 11.6892 ], [ 103.6036, 11.6911 ], [ 103.6039, 11.6943 ], [ 103.6012, 11.6914 ], [ 103.5964, 11.6941 ], [ 103.5982, 11.6951 ], [ 103.5955, 11.6995 ], [ 103.5982, 11.7003 ], [ 103.5993, 11.6973 ], [ 103.6012, 11.7049 ], [ 103.6039, 11.7054 ], [ 103.6009, 11.7019 ], [ 103.6036, 11.6992 ], [ 103.6026, 11.6954 ], [ 103.6061, 11.6981 ], [ 103.6031, 11.7019 ], [ 103.6083, 11.7024 ], [ 103.615, 11.6987 ], [ 103.6176, 11.7034 ], [ 103.6142, 11.7146 ], [ 103.6166, 11.7135 ], [ 103.6174, 11.7073 ], [ 103.6212, 11.7086 ], [ 103.6233, 11.7024 ], [ 103.6204, 11.7016 ], [ 103.6201, 11.6987 ], [ 103.6177, 11.703 ], [ 103.6142, 11.6919 ], [ 103.6131, 11.6949 ], [ 103.6096, 11.6949 ], [ 103.6117, 11.6908 ], [ 103.6074, 11.6857 ], [ 103.6098, 11.6841 ], [ 103.6082, 11.6865 ], [ 103.6125, 11.6881 ], [ 103.615, 11.6846 ], [ 103.6166, 11.6868 ], [ 103.615, 11.6806 ], [ 103.612, 11.6798 ], [ 103.6142, 11.6782 ], [ 103.6128, 11.6763 ], [ 103.6152, 11.6763 ], [ 103.6101, 11.6749 ], [ 103.6088, 11.6787 ], [ 103.6071, 11.6763 ], [ 103.6044, 11.6771 ], [ 103.6061, 11.6698 ], [ 103.6015, 11.6639 ], [ 103.602, 11.6663 ], [ 103.5999, 11.6663 ], [ 103.6024, 11.6746 ], [ 103.6039, 11.6738 ] ] ] } },
{ "type": "Feature", "properties": { "to": "Agricultural land", "kh": "ដីកសិកម្ម", "ha": 75980 }, "geometry": { "type": "Polygon", "coordinates": [ [ [ 103.6185, 11.7232 ], [ 103.6223, 11.7181 ], [ 103.6214, 11.7154 ], [ 103.6231, 11.7175 ], [ 103.6239, 11.7157 ], [ 103.6285, 11.7167 ], [ 103.6268, 11.713 ], [ 103.6239, 11.714 ], [ 103.6241, 11.7116 ], [ 103.6204, 11.7159 ], [ 103.6177, 11.7154 ], [ 103.6206, 11.7181 ], [ 103.6182, 11.7186 ], [ 103.6185, 11.7232 ] ] ] } },
{ "type": "Feature", "properties": { "to": "Agricultural land", "kh": "ដីកសិកម្ម", "ha": 75980 }, "geometry": { "type": "Polygon", "coordinates": [ [ [ 103.6139, 11.7351 ], [ 103.615, 11.7313 ], [ 103.6171, 11.7348 ], [ 103.6136, 11.7375 ], [ 103.6147, 11.7402 ], [ 103.6123, 11.7402 ], [ 103.6134, 11.7426 ], [ 103.6174, 11.7386 ], [ 103.6187, 11.7399 ], [ 103.6182, 11.7364 ], [ 103.6209, 11.7405 ], [ 103.625, 11.7385 ], [ 103.6215, 11.7333 ], [ 103.6233, 11.727 ], [ 103.6169, 11.7283 ], [ 103.6163, 11.7221 ], [ 103.6139, 11.7351 ] ] ] } },
{ "type": "Feature", "properties": { "to": "Agricultural land", "kh": "ដីកសិកម្ម", "ha": 75980 }, "geometry": { "type": "Polygon", "coordinates": [ [ [ 103.6034, 11.7389 ], [ 103.6012, 11.7372 ], [ 103.5982, 11.7405 ], [ 103.6066, 11.7424 ], [ 103.6098, 11.7405 ], [ 103.6053, 11.7399 ], [ 103.6085, 11.738 ], [ 103.6061, 11.7364 ], [ 103.6096, 11.7367 ], [ 103.6075, 11.7351 ], [ 103.6039, 11.7359 ], [ 103.6034, 11.7389 ] ] ] } },
{ "type": "Feature", "properties": { "to": "Agricultural land", "kh": "ដីកសិកម្ម", "ha": 75980 }, "geometry": { "type": "Polygon", "coordinates": [ [ [ 103.6155, 11.775 ], [ 103.6241, 11.7704 ], [ 103.6236, 11.7664 ], [ 103.6179, 11.7637 ], [ 103.6147, 11.7662 ], [ 103.6098, 11.7726 ], [ 103.6155, 11.775 ] ] ] } },
{ "type": "Feature", "properties": { "to": "Agricultural land", "kh": "ដីកសិកម្ម", "ha": 75980 }, "geometry": { "type": "Polygon", "coordinates": [ [ [ 103.6759, 10.9891 ], [ 103.6821, 10.9845 ], [ 103.6846, 10.9864 ], [ 103.6827, 10.9823 ], [ 103.6851, 10.977 ], [ 103.6889, 10.9767 ], [ 103.6875, 10.9732 ], [ 103.69, 10.9716 ], [ 103.6875, 10.9686 ], [ 103.6928, 10.9697 ], [ 103.6892, 10.9632 ], [ 103.6901, 10.9583 ], [ 103.6884, 10.9662 ], [ 103.6857, 10.9645 ], [ 103.6867, 10.9702 ], [ 103.6832, 10.9689 ], [ 103.6865, 10.974 ], [ 103.6821, 10.9821 ], [ 103.6743, 10.9896 ], [ 103.6703, 10.9877 ], [ 103.6687, 10.9945 ], [ 103.6654, 10.9926 ], [ 103.6611, 10.9964 ], [ 103.6665, 10.9939 ], [ 103.6641, 10.9964 ], [ 103.6654, 10.9983 ], [ 103.6735, 10.9907 ], [ 103.6832, 10.9898 ], [ 103.6759, 10.9891 ] ] ] } },
{ "type": "Feature", "properties": { "to": "Agricultural land", "kh": "ដីកសិកម្ម", "ha": 75980 }, "geometry": { "type": "Polygon", "coordinates": [ [ [ 103.6808, 11.0031 ], [ 103.6827, 10.9945 ], [ 103.68, 10.9934 ], [ 103.6821, 10.9953 ], [ 103.6757, 10.9942 ], [ 103.6741, 10.9964 ], [ 103.6778, 10.9985 ], [ 103.6781, 11.0069 ], [ 103.6805, 11.0058 ], [ 103.6838, 11.0085 ], [ 103.6824, 11.0064 ], [ 103.6867, 11.0037 ], [ 103.6808, 11.0031 ] ] ] } },
{ "type": "Feature", "properties": { "to": "Agricultural land", "kh": "ដីកសិកម្ម", "ha": 75980 }, "geometry": { "type": "Polygon", "coordinates": [ [ [ 103.6649, 11.0145 ], [ 103.6676, 11.0147 ], [ 103.6679, 11.019 ], [ 103.6633, 11.0179 ], [ 103.6677, 11.0248 ], [ 103.6681, 11.0147 ], [ 103.6719, 11.0166 ], [ 103.6719, 11.0139 ], [ 103.6676, 11.0118 ], [ 103.6695, 11.0069 ], [ 103.6776, 11.0096 ], [ 103.6805, 11.0123 ], [ 103.6795, 11.0147 ], [ 103.6838, 11.0147 ], [ 103.6792, 11.0153 ], [ 103.6835, 11.0161 ], [ 103.6821, 11.0196 ], [ 103.6897, 11.0201 ], [ 103.6911, 11.0255 ], [ 103.6881, 11.0286 ], [ 103.6902, 11.0285 ], [ 103.69, 11.0312 ], [ 103.6983, 11.0314 ], [ 103.7005, 11.035 ], [ 103.7, 11.0395 ], [ 103.6973, 11.0379 ], [ 103.6983, 11.0423 ], [ 103.7018, 11.0395 ], [ 103.6991, 11.042 ], [ 103.702, 11.0428 ], [ 103.6994, 11.0495 ], [ 103.7143, 11.0457 ], [ 103.7113, 11.0422 ], [ 103.7143, 11.0431 ], [ 103.7143, 11.0395 ], [ 103.7121, 11.042 ], [ 103.7075, 11.0395 ], [ 103.7094, 11.0355 ], [ 103.7008, 11.0371 ], [ 103.7037, 11.0331 ], [ 103.7059, 11.0347 ], [ 103.7054, 11.0317 ], [ 103.702, 11.0322 ], [ 103.6932, 11.0174 ], [ 103.701, 11.0153 ], [ 103.6989, 11.019 ], [ 103.7016, 11.0258 ], [ 103.7067, 11.0198 ], [ 103.7101, 11.0197 ], [ 103.7064, 11.019 ], [ 103.7045, 11.0129 ], [ 103.7022, 11.0134 ], [ 103.7054, 11.0193 ], [ 103.7021, 11.0153 ], [ 103.6967, 11.0139 ], [ 103.6978, 11.0064 ], [ 103.6857, 11.0182 ], [ 103.6854, 11.0136 ], [ 103.6889, 11.0136 ], [ 103.687, 11.0096 ], [ 103.6821, 11.0109 ], [ 103.6762, 11.0053 ], [ 103.677, 11.0029 ], [ 103.6732, 11.0055 ], [ 103.67, 11.0039 ], [ 103.6719, 11.0012 ], [ 103.6673, 11.0002 ], [ 103.6653, 11.0134 ], [ 103.6673, 11.0145 ], [ 103.6649, 11.0145 ] ] ] } },
{ "type": "Feature", "properties": { "to": "Agricultural land", "kh": "ដីកសិកម្ម", "ha": 75980 }, "geometry": { "type": "Polygon", "coordinates": [ [ [ 103.67, 11.0414 ], [ 103.6676, 11.0484 ], [ 103.6652, 11.0436 ], [ 103.6625, 11.046 ], [ 103.66, 11.0447 ], [ 103.6606, 11.0414 ], [ 103.6568, 11.0428 ], [ 103.6568, 11.0506 ], [ 103.66, 11.0536 ], [ 103.6641, 11.0528 ], [ 103.6622, 11.056 ], [ 103.6757, 11.0541 ], [ 103.6751, 11.0487 ], [ 103.6811, 11.0466 ], [ 103.6789, 11.0422 ], [ 103.6757, 11.0422 ], [ 103.6757, 11.0377 ], [ 103.6787, 11.039 ], [ 103.6765, 11.0344 ], [ 103.67, 11.0414 ] ] ] } },
{ "type": "Feature", "properties": { "to": "Agricultural land", "kh": "ដីកសិកម្ម", "ha": 75980 }, "geometry": { "type": "Polygon", "coordinates": [ [ [ 103.6956, 11.1697 ], [ 103.6878, 11.1715 ], [ 103.6905, 11.1753 ], [ 103.687, 11.1761 ], [ 103.686, 11.1712 ], [ 103.6816, 11.1765 ], [ 103.6874, 11.1835 ], [ 103.6936, 11.1806 ], [ 103.6929, 11.1761 ], [ 103.697, 11.1757 ], [ 103.6956, 11.1697 ] ] ] } },
{ "type": "Feature", "properties": { "to": "Agricultural land", "kh": "ដីកសិកម្ម", "ha": 75980 }, "geometry": { "type": "Polygon", "coordinates": [ [ [ 103.6514, 11.2028 ], [ 103.6506, 11.1987 ], [ 103.6479, 11.2025 ], [ 103.6482, 11.1944 ], [ 103.6517, 11.1952 ], [ 103.6533, 11.2001 ], [ 103.6606, 11.2014 ], [ 103.6603, 11.2036 ], [ 103.6654, 11.2024 ], [ 103.6628, 11.1958 ], [ 103.6667, 11.1909 ], [ 103.6542, 11.1848 ], [ 103.6597, 11.1771 ], [ 103.6482, 11.174 ], [ 103.6519, 11.1811 ], [ 103.6454, 11.181 ], [ 103.6422, 11.1843 ], [ 103.6407, 11.1803 ], [ 103.638, 11.1821 ], [ 103.6346, 11.1752 ], [ 103.6263, 11.1755 ], [ 103.6236, 11.1817 ], [ 103.6303, 11.179 ], [ 103.6301, 11.1833 ], [ 103.6468, 11.1863 ], [ 103.6477, 11.1887 ], [ 103.6436, 11.1891 ], [ 103.6365, 11.1922 ], [ 103.6355, 11.19 ], [ 103.6309, 11.1914 ], [ 103.6282, 11.1887 ], [ 103.6285, 11.1925 ], [ 103.6306, 11.192 ], [ 103.629, 11.1936 ], [ 103.6328, 11.1944 ], [ 103.633, 11.1971 ], [ 103.6332, 11.1947 ], [ 103.6395, 11.1912 ], [ 103.6355, 11.1955 ], [ 103.6371, 11.199 ], [ 103.6429, 11.1989 ], [ 103.649, 11.2038 ], [ 103.6514, 11.2028 ] ] ] } },
{ "type": "Feature", "properties": { "to": "Agricultural land", "kh": "ដីកសិកម្ម", "ha": 75980 }, "geometry": { "type": "Polygon", "coordinates": [ [ [ 103.6878, 11.1877 ], [ 103.6863, 11.195 ], [ 103.6875, 11.2047 ], [ 103.6913, 11.1966 ], [ 103.69, 11.1867 ], [ 103.6859, 11.1885 ], [ 103.6878, 11.1877 ] ] ] } },
{ "type": "Feature", "properties": { "to": "Agricultural land", "kh": "ដីកសិកម្ម", "ha": 75980 }, "geometry": { "type": "Polygon", "coordinates": [ [ [ 103.6717, 11.1902 ], [ 103.6697, 11.1951 ], [ 103.6722, 11.1957 ], [ 103.6676, 11.1994 ], [ 103.6712, 11.199 ], [ 103.6743, 11.2019 ], [ 103.6762, 11.1976 ], [ 103.6727, 11.1958 ], [ 103.6751, 11.1949 ], [ 103.6771, 11.1976 ], [ 103.6785, 11.1953 ], [ 103.6756, 11.1946 ], [ 103.6749, 11.1903 ], [ 103.6717, 11.1902 ] ] ] } },
{ "type": "Feature", "properties": { "to": "Agricultural land", "kh": "ដីកសិកម្ម", "ha": 75980 }, "geometry": { "type": "Polygon", "coordinates": [ [ [ 103.6757, 11.202 ], [ 103.6816, 11.2057 ], [ 103.6813, 11.2114 ], [ 103.6848, 11.2103 ], [ 103.6843, 11.2065 ], [ 103.6876, 11.2049 ], [ 103.6847, 11.2044 ], [ 103.6844, 11.2002 ], [ 103.6782, 11.202 ], [ 103.6765, 11.2001 ], [ 103.6757, 11.202 ] ] ] } },
{ "type": "Feature", "properties": { "to": "Agricultural land", "kh": "ដីកសិកម្ម", "ha": 75980 }, "geometry": { "type": "Polygon", "coordinates": [ [ [ 103.6594, 11.2038 ], [ 103.653, 11.2006 ], [ 103.6504, 11.2057 ], [ 103.6563, 11.2104 ], [ 103.6594, 11.2038 ] ] ] } },
{ "type": "Feature", "properties": { "to": "Agricultural land", "kh": "ដីកសិកម្ម", "ha": 75980 }, "geometry": { "type": "Polygon", "coordinates": [ [ [ 103.6872, 11.22 ], [ 103.6784, 11.2292 ], [ 103.6717, 11.2306 ], [ 103.6704, 11.2357 ], [ 103.6781, 11.2344 ], [ 103.6757, 11.2308 ], [ 103.6797, 11.2338 ], [ 103.6832, 11.2292 ], [ 103.69, 11.2297 ], [ 103.6862, 11.2254 ], [ 103.6905, 11.2252 ], [ 103.6938, 11.2297 ], [ 103.694, 11.2244 ], [ 103.6962, 11.2287 ], [ 103.6938, 11.2311 ], [ 103.697, 11.2311 ], [ 103.7029, 11.2235 ], [ 103.697, 11.2181 ], [ 103.7062, 11.2155 ], [ 103.6973, 11.2146 ], [ 103.6962, 11.223 ], [ 103.7, 11.2244 ], [ 103.6872, 11.22 ] ] ] } },
{ "type": "Feature", "properties": { "to": "Agricultural land", "kh": "ដីកសិកម្ម", "ha": 75980 }, "geometry": { "type": "Polygon", "coordinates": [ [ [ 103.639, 11.6968 ], [ 103.6457, 11.6976 ], [ 103.6406, 11.6943 ], [ 103.65, 11.6922 ], [ 103.6471, 11.6914 ], [ 103.6484, 11.6898 ], [ 103.6446, 11.6854 ], [ 103.6361, 11.6887 ], [ 103.6408, 11.6916 ], [ 103.6372, 11.6935 ], [ 103.639, 11.6968 ] ] ] } },
{ "type": "Feature", "properties": { "to": "Agricultural land", "kh": "ដីកសិកម្ម", "ha": 75980 }, "geometry": { "type": "Polygon", "coordinates": [ [ [ 103.7202, 10.9187 ], [ 103.7174, 10.9138 ], [ 103.7261, 10.9163 ], [ 103.7253, 10.9144 ], [ 103.7299, 10.9127 ], [ 103.7267, 10.9098 ], [ 103.7283, 10.906 ], [ 103.7261, 10.9073 ], [ 103.7253, 10.8974 ], [ 103.7159, 10.9014 ], [ 103.717, 10.9135 ], [ 103.7119, 10.9087 ], [ 103.7073, 10.9107 ], [ 103.7123, 10.9121 ], [ 103.7129, 10.9192 ], [ 103.7202, 10.9187 ] ] ] } },
{ "type": "Feature", "properties": { "to": "Agricultural land", "kh": "ដីកសិកម្ម", "ha": 75980 }, "geometry": { "type": "Polygon", "coordinates": [ [ [ 103.7018, 10.9303 ], [ 103.7058, 10.928 ], [ 103.7091, 10.9359 ], [ 103.7174, 10.9321 ], [ 103.7154, 10.9263 ], [ 103.7122, 10.9275 ], [ 103.7129, 10.9222 ], [ 103.7105, 10.9203 ], [ 103.7075, 10.9257 ], [ 103.7064, 10.9203 ], [ 103.7054, 10.9238 ], [ 103.7037, 10.9211 ], [ 103.7018, 10.9303 ] ] ] } },
{ "type": "Feature", "properties": { "to": "Agricultural land", "kh": "ដីកសិកម្ម", "ha": 75980 }, "geometry": { "type": "Polygon", "coordinates": [ [ [ 103.7453, 11.0358 ], [ 103.738, 11.0263 ], [ 103.7383, 11.0236 ], [ 103.7415, 11.0242 ], [ 103.7406, 11.0183 ], [ 103.7356, 11.0169 ], [ 103.7362, 11.0223 ], [ 103.7317, 11.0224 ], [ 103.7327, 11.0157 ], [ 103.7284, 11.0138 ], [ 103.7215, 11.0182 ], [ 103.7267, 11.0285 ], [ 103.7234, 11.0285 ], [ 103.7253, 11.0293 ], [ 103.7232, 11.0293 ], [ 103.7232, 11.032 ], [ 103.7156, 11.0355 ], [ 103.7124, 11.0328 ], [ 103.7107, 11.0341 ], [ 103.7126, 11.0336 ], [ 103.7148, 11.0355 ], [ 103.7124, 11.0341 ], [ 103.714, 11.039 ], [ 103.7226, 11.0471 ], [ 103.7221, 11.0505 ], [ 103.7272, 11.0549 ], [ 103.7234, 11.0482 ], [ 103.7261, 11.0498 ], [ 103.728, 11.0476 ], [ 103.7291, 11.0525 ], [ 103.731, 11.0547 ], [ 103.734, 11.0541 ], [ 103.7296, 11.052 ], [ 103.7291, 11.0479 ], [ 103.7315, 11.0511 ], [ 103.7388, 11.0487 ], [ 103.7385, 11.042 ], [ 103.735, 11.0414 ], [ 103.7377, 11.0352 ], [ 103.7396, 11.0382 ], [ 103.7453, 11.0358 ] ] ] } },
{ "type": "Feature", "properties": { "to": "Agricultural land", "kh": "ដីកសិកម្ម", "ha": 75980 }, "geometry": { "type": "Polygon", "coordinates": [ [ [ 103.7188, 11.0606 ], [ 103.6989, 11.0627 ], [ 103.7126, 11.0668 ], [ 103.7159, 11.0649 ], [ 103.7205, 11.0665 ], [ 103.7188, 11.0606 ] ] ] } },
{ "type": "Feature", "properties": { "to": "Agricultural land", "kh": "ដីកសិកម្ម", "ha": 75980 }, "geometry": { "type": "Polygon", "coordinates": [ [ [ 103.7048, 11.116 ], [ 103.7002, 11.1067 ], [ 103.6967, 11.1062 ], [ 103.6962, 11.1027 ], [ 103.6924, 11.1008 ], [ 103.6948, 11.0997 ], [ 103.7016, 11.1062 ], [ 103.7043, 11.1062 ], [ 103.7081, 11.1145 ], [ 103.7107, 11.1081 ], [ 103.7072, 11.1083 ], [ 103.6951, 11.0992 ], [ 103.6919, 11.1002 ], [ 103.6959, 11.1065 ], [ 103.7, 11.1078 ], [ 103.7016, 11.114 ], [ 103.7048, 11.116 ] ] ] } },
{ "type": "Feature", "properties": { "to": "Agricultural land", "kh": "ដីកសិកម្ម", "ha": 75980 }, "geometry": { "type": "Polygon", "coordinates": [ [ [ 103.7149, 11.1356 ], [ 103.7118, 11.1291 ], [ 103.7118, 11.1272 ], [ 103.7151, 11.1278 ], [ 103.7142, 11.124 ], [ 103.7129, 11.1267 ], [ 103.7116, 11.1194 ], [ 103.7054, 11.1156 ], [ 103.7106, 11.1215 ], [ 103.7111, 11.1319 ], [ 103.7149, 11.1356 ] ] ] } },
{ "type": "Feature", "properties": { "to": "Agricultural land", "kh": "ដីកសិកម្ម", "ha": 75980 }, "geometry": { "type": "Polygon", "coordinates": [ [ [ 103.7249, 11.1579 ], [ 103.7191, 11.1585 ], [ 103.724, 11.1585 ], [ 103.725, 11.1615 ], [ 103.7199, 11.1645 ], [ 103.7234, 11.1666 ], [ 103.7263, 11.1657 ], [ 103.7279, 11.1625 ], [ 103.726, 11.1605 ], [ 103.729, 11.1593 ], [ 103.7291, 11.1561 ], [ 103.7342, 11.1547 ], [ 103.7326, 11.1572 ], [ 103.735, 11.1572 ], [ 103.734, 11.1529 ], [ 103.7361, 11.1513 ], [ 103.7244, 11.1549 ], [ 103.7249, 11.1579 ] ] ] } },
{ "type": "Feature", "properties": { "to": "Agricultural land", "kh": "ដីកសិកម្ម", "ha": 75980 }, "geometry": { "type": "Polygon", "coordinates": [ [ [ 103.72, 11.1778 ], [ 103.711, 11.1726 ], [ 103.7064, 11.1749 ], [ 103.7048, 11.1697 ], [ 103.7131, 11.1668 ], [ 103.7176, 11.1677 ], [ 103.7179, 11.1699 ], [ 103.7196, 11.1668 ], [ 103.7155, 11.1602 ], [ 103.7154, 11.1662 ], [ 103.7122, 11.1662 ], [ 103.7106, 11.1627 ], [ 103.7056, 11.1634 ], [ 103.7044, 11.1668 ], [ 103.6984, 11.1698 ], [ 103.7057, 11.1779 ], [ 103.7102, 11.1757 ], [ 103.7135, 11.1773 ], [ 103.7102, 11.1812 ], [ 103.7116, 11.1842 ], [ 103.7256, 11.1756 ], [ 103.72, 11.1778 ] ] ] } },
{ "type": "Feature", "properties": { "to": "Agricultural land", "kh": "ដីកសិកម្ម", "ha": 75980 }, "geometry": { "type": "Polygon", "coordinates": [ [ [ 103.7008, 11.1925 ], [ 103.6938, 11.1887 ], [ 103.69, 11.189 ], [ 103.6924, 11.195 ], [ 103.6945, 11.1933 ], [ 103.6967, 11.1995 ], [ 103.7008, 11.2017 ], [ 103.6983, 11.1968 ], [ 103.7037, 11.1941 ], [ 103.7032, 11.1899 ], [ 103.7008, 11.1925 ] ] ] } },
{ "type": "Feature", "properties": { "to": "Agricultural land", "kh": "ដីកសិកម្ម", "ha": 75980 }, "geometry": { "type": "Polygon", "coordinates": [ [ [ 103.6835, 11.2392 ], [ 103.6792, 11.24 ], [ 103.6827, 11.2403 ], [ 103.68, 11.2427 ], [ 103.6851, 11.2408 ], [ 103.6859, 11.2424 ], [ 103.6889, 11.2438 ], [ 103.6916, 11.2489 ], [ 103.6932, 11.2494 ], [ 103.6935, 11.2538 ], [ 103.6954, 11.2516 ], [ 103.6975, 11.2532 ], [ 103.6908, 11.2578 ], [ 103.6951, 11.2589 ], [ 103.6932, 11.2624 ], [ 103.6983, 11.2602 ], [ 103.7071, 11.2661 ], [ 103.7079, 11.2694 ], [ 103.7116, 11.267 ], [ 103.7153, 11.2702 ], [ 103.7089, 11.2699 ], [ 103.7078, 11.2729 ], [ 103.6991, 11.2699 ], [ 103.6962, 11.2716 ], [ 103.7045, 11.2729 ], [ 103.7067, 11.2807 ], [ 103.7099, 11.2764 ], [ 103.7197, 11.2764 ], [ 103.7102, 11.2797 ], [ 103.7075, 11.2869 ], [ 103.7097, 11.2851 ], [ 103.711, 11.2894 ], [ 103.7086, 11.2902 ], [ 103.707, 11.2878 ], [ 103.7067, 11.2902 ], [ 103.7107, 11.2918 ], [ 103.7107, 11.2945 ], [ 103.7294, 11.2953 ], [ 103.7229, 11.2969 ], [ 103.7226, 11.3007 ], [ 103.7175, 11.2972 ], [ 103.7172, 11.3002 ], [ 103.7105, 11.3018 ], [ 103.7132, 11.3061 ], [ 103.7102, 11.3083 ], [ 103.7134, 11.3101 ], [ 103.7159, 11.3088 ], [ 103.7145, 11.3066 ], [ 103.7199, 11.3083 ], [ 103.7164, 11.3072 ], [ 103.7194, 11.3101 ], [ 103.7094, 11.3128 ], [ 103.7081, 11.3091 ], [ 103.7097, 11.3177 ], [ 103.7105, 11.3155 ], [ 103.7143, 11.3161 ], [ 103.7121, 11.3134 ], [ 103.7199, 11.3164 ], [ 103.7183, 11.3177 ], [ 103.7199, 11.3207 ], [ 103.7118, 11.3185 ], [ 103.7118, 11.3253 ], [ 103.7102, 11.3218 ], [ 103.7054, 11.3201 ], [ 103.7118, 11.3293 ], [ 103.711, 11.3336 ], [ 103.7188, 11.336 ], [ 103.7226, 11.3344 ], [ 103.7186, 11.3342 ], [ 103.7242, 11.3339 ], [ 103.7156, 11.3334 ], [ 103.7159, 11.3304 ], [ 103.7269, 11.3239 ], [ 103.7195, 11.3175 ], [ 103.7237, 11.3164 ], [ 103.7199, 11.3158 ], [ 103.7237, 11.315 ], [ 103.7218, 11.3115 ], [ 103.7178, 11.3128 ], [ 103.7186, 11.315 ], [ 103.711, 11.3128 ], [ 103.7178, 11.3126 ], [ 103.7221, 11.3088 ], [ 103.7296, 11.3083 ], [ 103.7242, 11.3149 ], [ 103.7338, 11.3066 ], [ 103.7345, 11.3104 ], [ 103.7361, 11.308 ], [ 103.7383, 11.3104 ], [ 103.7353, 11.312 ], [ 103.7348, 11.3164 ], [ 103.7321, 11.3154 ], [ 103.7297, 11.3177 ], [ 103.7356, 11.3237 ], [ 103.7412, 11.3218 ], [ 103.7396, 11.3258 ], [ 103.745, 11.3247 ], [ 103.7436, 11.3153 ], [ 103.7557, 11.3155 ], [ 103.7566, 11.3069 ], [ 103.7494, 11.2982 ], [ 103.7492, 11.2947 ], [ 103.7449, 11.2974 ], [ 103.741, 11.2932 ], [ 103.7388, 11.2975 ], [ 103.7391, 11.2923 ], [ 103.7457, 11.2923 ], [ 103.7462, 11.2875 ], [ 103.7502, 11.2911 ], [ 103.7526, 11.2859 ], [ 103.7512, 11.294 ], [ 103.759, 11.3012 ], [ 103.7553, 11.2969 ], [ 103.7553, 11.2915 ], [ 103.7528, 11.2913 ], [ 103.7607, 11.2877 ], [ 103.7612, 11.284 ], [ 103.7585, 11.2826 ], [ 103.7596, 11.2778 ], [ 103.7563, 11.2894 ], [ 103.7547, 11.2774 ], [ 103.7595, 11.2715 ], [ 103.7635, 11.2718 ], [ 103.7592, 11.269 ], [ 103.7552, 11.2706 ], [ 103.7493, 11.2775 ], [ 103.745, 11.2735 ], [ 103.7504, 11.2667 ], [ 103.7475, 11.2665 ], [ 103.7488, 11.2603 ], [ 103.7431, 11.2622 ], [ 103.7428, 11.253 ], [ 103.7385, 11.2538 ], [ 103.7342, 11.2586 ], [ 103.7259, 11.257 ], [ 103.728, 11.2567 ], [ 103.7275, 11.2535 ], [ 103.7342, 11.2573 ], [ 103.734, 11.2557 ], [ 103.7372, 11.2551 ], [ 103.738, 11.2535 ], [ 103.7426, 11.2521 ], [ 103.7423, 11.2405 ], [ 103.7383, 11.2438 ], [ 103.7399, 11.2392 ], [ 103.735, 11.24 ], [ 103.7364, 11.2378 ], [ 103.7431, 11.2378 ], [ 103.7431, 11.2357 ], [ 103.7388, 11.2319 ], [ 103.7337, 11.2324 ], [ 103.7388, 11.2292 ], [ 103.7429, 11.2324 ], [ 103.742, 11.2284 ], [ 103.7464, 11.2265 ], [ 103.7439, 11.2233 ], [ 103.7469, 11.2217 ], [ 103.7464, 11.2179 ], [ 103.7418, 11.2168 ], [ 103.742, 11.2206 ], [ 103.7375, 11.223 ], [ 103.7381, 11.2286 ], [ 103.7303, 11.2272 ], [ 103.726, 11.2303 ], [ 103.7235, 11.2286 ], [ 103.7298, 11.222 ], [ 103.7326, 11.2227 ], [ 103.7337, 11.2189 ], [ 103.7258, 11.2191 ], [ 103.7249, 11.2136 ], [ 103.721, 11.2152 ], [ 103.7229, 11.219 ], [ 103.7197, 11.2233 ], [ 103.7202, 11.2289 ], [ 103.724, 11.2327 ], [ 103.7318, 11.2316 ], [ 103.7206, 11.2409 ], [ 103.7342, 11.2486 ], [ 103.735, 11.2446 ], [ 103.7396, 11.2443 ], [ 103.7353, 11.2513 ], [ 103.7304, 11.2511 ], [ 103.7313, 11.2476 ], [ 103.7269, 11.2467 ], [ 103.7167, 11.2514 ], [ 103.7167, 11.2546 ], [ 103.7202, 11.2562 ], [ 103.717, 11.2551 ], [ 103.718, 11.2587 ], [ 103.714, 11.2597 ], [ 103.7188, 11.2589 ], [ 103.7229, 11.2624 ], [ 103.721, 11.2565 ], [ 103.725, 11.2643 ], [ 103.7062, 11.2602 ], [ 103.7037, 11.2551 ], [ 103.7097, 11.2578 ], [ 103.7137, 11.2556 ], [ 103.7096, 11.2532 ], [ 103.7072, 11.2531 ], [ 103.7091, 11.2535 ], [ 103.7078, 11.2557 ], [ 103.7037, 11.2546 ], [ 103.7059, 11.2532 ], [ 103.7043, 11.2485 ], [ 103.7086, 11.2466 ], [ 103.7081, 11.2438 ], [ 103.7048, 11.2451 ], [ 103.7027, 11.2427 ], [ 103.7008, 11.2476 ], [ 103.6948, 11.2494 ], [ 103.6948, 11.2457 ], [ 103.6859, 11.2419 ], [ 103.6843, 11.2362 ], [ 103.6835, 11.2392 ] ] ] } },
{ "type": "Feature", "properties": { "to": "Agricultural land", "kh": "ដីកសិកម្ម", "ha": 75980 }, "geometry": { "type": "Polygon", "coordinates": [ [ [ 103.7205, 11.3568 ], [ 103.7215, 11.3587 ], [ 103.7183, 11.3574 ], [ 103.7176, 11.3619 ], [ 103.728, 11.3633 ], [ 103.7275, 11.3579 ], [ 103.7205, 11.3568 ] ] ] } },
{ "type": "Feature", "properties": { "to": "Agricultural land", "kh": "ដីកសិកម្ម", "ha": 75980 }, "geometry": { "type": "Polygon", "coordinates": [ [ [ 103.7253, 11.4556 ], [ 103.7186, 11.4542 ], [ 103.7161, 11.461 ], [ 103.7188, 11.4664 ], [ 103.7232, 11.4626 ], [ 103.7221, 11.4593 ], [ 103.725, 11.4604 ], [ 103.7253, 11.4556 ] ] ] } },
{ "type": "Feature", "properties": { "to": "Agricultural land", "kh": "ដីកសិកម្ម", "ha": 75980 }, "geometry": { "type": "Polygon", "coordinates": [ [ [ 103.7072, 11.4619 ], [ 103.7125, 11.4611 ], [ 103.7124, 11.4558 ], [ 103.7083, 11.4572 ], [ 103.7043, 11.4669 ], [ 103.707, 11.4674 ], [ 103.7018, 11.4723 ], [ 103.7056, 11.4772 ], [ 103.7137, 11.4772 ], [ 103.7132, 11.4726 ], [ 103.7175, 11.4685 ], [ 103.7145, 11.4658 ], [ 103.7159, 11.4629 ], [ 103.7072, 11.4619 ] ] ] } },
{ "type": "Feature", "properties": { "to": "Agricultural land", "kh": "ដីកសិកម្ម", "ha": 75980 }, "geometry": { "type": "Polygon", "coordinates": [ [ [ 103.7263, 10.932 ], [ 103.7258, 10.9226 ], [ 103.7317, 10.9336 ], [ 103.7313, 10.9372 ], [ 103.7288, 10.9351 ], [ 103.7281, 10.9374 ], [ 103.7296, 10.9458 ], [ 103.7163, 10.9372 ], [ 103.7102, 10.9402 ], [ 103.7075, 10.9384 ], [ 103.7067, 10.9413 ], [ 103.7094, 10.9424 ], [ 103.7062, 10.9421 ], [ 103.7048, 10.94 ], [ 103.697, 10.9427 ], [ 103.7008, 10.9435 ], [ 103.7005, 10.9475 ], [ 103.7054, 10.9465 ], [ 103.7037, 10.9494 ], [ 103.7021, 10.9478 ], [ 103.6989, 10.9484 ], [ 103.7027, 10.9486 ], [ 103.7027, 10.9535 ], [ 103.7037, 10.9497 ], [ 103.707, 10.9505 ], [ 103.707, 10.9534 ], [ 103.7095, 10.9517 ], [ 103.7056, 10.9483 ], [ 103.7214, 10.9436 ], [ 103.7227, 10.949 ], [ 103.7278, 10.9524 ], [ 103.7322, 10.9604 ], [ 103.7297, 10.9682 ], [ 103.7264, 10.9688 ], [ 103.7238, 10.9616 ], [ 103.7262, 10.9554 ], [ 103.7203, 10.9508 ], [ 103.7175, 10.9541 ], [ 103.7194, 10.9559 ], [ 103.7161, 10.9559 ], [ 103.7245, 10.9578 ], [ 103.7213, 10.9575 ], [ 103.7223, 10.9602 ], [ 103.7188, 10.964 ], [ 103.721, 10.9645 ], [ 103.717, 10.967 ], [ 103.7182, 10.9697 ], [ 103.7152, 10.9754 ], [ 103.7177, 10.9748 ], [ 103.7226, 10.9648 ], [ 103.721, 10.9683 ], [ 103.724, 10.971 ], [ 103.721, 10.971 ], [ 103.7202, 10.9718 ], [ 103.7224, 10.9778 ], [ 103.7169, 10.9826 ], [ 103.7102, 10.9823 ], [ 103.7082, 10.9777 ], [ 103.7052, 10.9783 ], [ 103.7041, 10.9842 ], [ 103.7068, 10.9892 ], [ 103.7131, 10.9925 ], [ 103.7125, 10.998 ], [ 103.7169, 11.0037 ], [ 103.7161, 11.0085 ], [ 103.7199, 11.0112 ], [ 103.732, 11.0045 ], [ 103.7343, 11.0055 ], [ 103.736, 10.9931 ], [ 103.7399, 11.0023 ], [ 103.7517, 10.9982 ], [ 103.7456, 11.0029 ], [ 103.751, 11.0061 ], [ 103.7506, 11.0093 ], [ 103.7544, 11.01 ], [ 103.7562, 11.0076 ], [ 103.754, 11.0033 ], [ 103.7594, 11.0017 ], [ 103.7568, 10.9981 ], [ 103.7601, 10.9996 ], [ 103.766, 10.9947 ], [ 103.7674, 10.9983 ], [ 103.7698, 10.9953 ], [ 103.7693, 10.9929 ], [ 103.7663, 10.9929 ], [ 103.7642, 10.9861 ], [ 103.7741, 10.9877 ], [ 103.7754, 10.985 ], [ 103.7644, 10.9853 ], [ 103.7674, 10.9834 ], [ 103.7661, 10.9799 ], [ 103.7688, 10.9767 ], [ 103.7663, 10.9745 ], [ 103.7685, 10.9718 ], [ 103.7671, 10.9699 ], [ 103.7607, 10.971 ], [ 103.7569, 10.9645 ], [ 103.7569, 10.9575 ], [ 103.7504, 10.9589 ], [ 103.742, 10.9551 ], [ 103.7482, 10.9521 ], [ 103.7526, 10.9524 ], [ 103.7545, 10.9556 ], [ 103.7561, 10.9505 ], [ 103.7534, 10.9478 ], [ 103.7461, 10.9486 ], [ 103.7496, 10.9446 ], [ 103.7466, 10.9448 ], [ 103.7488, 10.943 ], [ 103.7447, 10.9427 ], [ 103.7426, 10.9373 ], [ 103.7393, 10.9365 ], [ 103.7404, 10.9327 ], [ 103.738, 10.9292 ], [ 103.7404, 10.9284 ], [ 103.7418, 10.9225 ], [ 103.7469, 10.923 ], [ 103.7466, 10.9265 ], [ 103.7491, 10.9281 ], [ 103.7469, 10.9303 ], [ 103.7563, 10.9327 ], [ 103.7542, 10.9278 ], [ 103.7574, 10.926 ], [ 103.758, 10.9343 ], [ 103.7663, 10.9359 ], [ 103.7663, 10.9324 ], [ 103.7688, 10.9327 ], [ 103.7688, 10.9373 ], [ 103.7661, 10.9397 ], [ 103.7685, 10.9443 ], [ 103.7715, 10.9427 ], [ 103.7712, 10.9462 ], [ 103.7763, 10.9462 ], [ 103.7774, 10.9484 ], [ 103.7804, 10.9463 ], [ 103.7735, 10.9454 ], [ 103.7704, 10.9355 ], [ 103.7723, 10.9327 ], [ 103.7652, 10.9297 ], [ 103.7636, 10.9246 ], [ 103.7509, 10.9227 ], [ 103.7512, 10.92 ], [ 103.7431, 10.915 ], [ 103.7362, 10.9192 ], [ 103.734, 10.9169 ], [ 103.7283, 10.9198 ], [ 103.7275, 10.9171 ], [ 103.7242, 10.9171 ], [ 103.7217, 10.923 ], [ 103.7199, 10.9192 ], [ 103.7174, 10.9257 ], [ 103.7211, 10.9261 ], [ 103.7263, 10.932 ] ], [ [ 103.7237, 11.002 ], [ 103.7218, 11.0101 ], [ 103.7167, 10.9996 ], [ 103.718, 10.9958 ], [ 103.7183, 10.9993 ], [ 103.7237, 11.002 ] ] ] } },
{ "type": "Feature", "properties": { "to": "Agricultural land", "kh": "ដីកសិកម្ម", "ha": 75980 }, "geometry": { "type": "Polygon", "coordinates": [ [ [ 103.7528, 11.0514 ], [ 103.7585, 11.0412 ], [ 103.7566, 11.0414 ], [ 103.759, 11.0387 ], [ 103.758, 11.0344 ], [ 103.7666, 11.0355 ], [ 103.7677, 11.032 ], [ 103.7617, 11.0308 ], [ 103.7593, 11.0318 ], [ 103.7572, 11.0358 ], [ 103.7539, 11.0336 ], [ 103.7534, 11.0358 ], [ 103.7577, 11.0363 ], [ 103.7528, 11.0436 ], [ 103.7528, 11.0514 ] ] ] } },
{ "type": "Feature", "properties": { "to": "Agricultural land", "kh": "ដីកសិកម្ម", "ha": 75980 }, "geometry": { "type": "Polygon", "coordinates": [ [ [ 103.7639, 11.0439 ], [ 103.7607, 11.039 ], [ 103.7617, 11.0444 ], [ 103.7658, 11.0441 ], [ 103.7647, 11.0463 ], [ 103.758, 11.0433 ], [ 103.7569, 11.0466 ], [ 103.7623, 11.0495 ], [ 103.7609, 11.0511 ], [ 103.7636, 11.0547 ], [ 103.7679, 11.0498 ], [ 103.7666, 11.0433 ], [ 103.7639, 11.0439 ] ] ] } },
{ "type": "Feature", "properties": { "to": "Agricultural land", "kh": "ដីកសិកម្ម", "ha": 75980 }, "geometry": { "type": "Polygon", "coordinates": [ [ [ 103.7558, 11.149 ], [ 103.7554, 11.1374 ], [ 103.7534, 11.1394 ], [ 103.7515, 11.1364 ], [ 103.7558, 11.1361 ], [ 103.7507, 11.1348 ], [ 103.7514, 11.1406 ], [ 103.7471, 11.146 ], [ 103.7497, 11.1469 ], [ 103.7462, 11.1485 ], [ 103.754, 11.1467 ], [ 103.7556, 11.1488 ], [ 103.752, 11.1488 ], [ 103.7461, 11.1554 ], [ 103.7441, 11.1543 ], [ 103.7417, 11.1633 ], [ 103.7379, 11.1655 ], [ 103.7376, 11.1615 ], [ 103.7356, 11.1614 ], [ 103.7341, 11.1709 ], [ 103.7366, 11.1685 ], [ 103.7366, 11.1618 ], [ 103.7377, 11.1666 ], [ 103.7429, 11.165 ], [ 103.7423, 11.1628 ], [ 103.7477, 11.1631 ], [ 103.7469, 11.1569 ], [ 103.7488, 11.1593 ], [ 103.7507, 11.1591 ], [ 103.7482, 11.1547 ], [ 103.7501, 11.1534 ], [ 103.7531, 11.1558 ], [ 103.7507, 11.1518 ], [ 103.7588, 11.1502 ], [ 103.7558, 11.149 ] ] ] } },
{ "type": "Feature", "properties": { "to": "Agricultural land", "kh": "ដីកសិកម្ម", "ha": 75980 }, "geometry": { "type": "Polygon", "coordinates": [ [ [ 103.7523, 11.1717 ], [ 103.7499, 11.1736 ], [ 103.7515, 11.1682 ], [ 103.7555, 11.1672 ], [ 103.7596, 11.162 ], [ 103.758, 11.1628 ], [ 103.7596, 11.1604 ], [ 103.755, 11.1574 ], [ 103.7558, 11.1628 ], [ 103.7493, 11.1669 ], [ 103.7488, 11.1777 ], [ 103.7523, 11.1717 ] ] ] } },
{ "type": "Feature", "properties": { "to": "Agricultural land", "kh": "ដីកសិកម្ម", "ha": 75980 }, "geometry": { "type": "Polygon", "coordinates": [ [ [ 103.7554, 11.1839 ], [ 103.7636, 11.1825 ], [ 103.7658, 11.1744 ], [ 103.7642, 11.1699 ], [ 103.7617, 11.1728 ], [ 103.7574, 11.1703 ], [ 103.7542, 11.1728 ], [ 103.7533, 11.1748 ], [ 103.7574, 11.1779 ], [ 103.7554, 11.1839 ] ] ] } },
{ "type": "Feature", "properties": { "to": "Agricultural land", "kh": "ដីកសិកម្ម", "ha": 75980 }, "geometry": { "type": "Polygon", "coordinates": [ [ [ 103.7743, 11.2167 ], [ 103.7664, 11.2042 ], [ 103.7686, 11.2034 ], [ 103.7694, 11.1966 ], [ 103.7644, 11.1944 ], [ 103.7644, 11.1922 ], [ 103.7593, 11.1906 ], [ 103.7615, 11.1847 ], [ 103.7557, 11.1852 ], [ 103.7569, 11.1896 ], [ 103.7628, 11.1928 ], [ 103.7628, 11.1939 ], [ 103.7677, 11.1966 ], [ 103.7677, 11.1979 ], [ 103.7639, 11.1955 ], [ 103.7661, 11.1995 ], [ 103.7647, 11.2044 ], [ 103.7617, 11.1987 ], [ 103.759, 11.1995 ], [ 103.758, 11.1922 ], [ 103.7504, 11.1936 ], [ 103.7566, 11.1979 ], [ 103.7547, 11.2065 ], [ 103.7577, 11.2033 ], [ 103.7593, 11.2063 ], [ 103.7572, 11.2084 ], [ 103.7615, 11.2103 ], [ 103.7566, 11.2133 ], [ 103.752, 11.2109 ], [ 103.7563, 11.2195 ], [ 103.7526, 11.2214 ], [ 103.7555, 11.2241 ], [ 103.7509, 11.2252 ], [ 103.7588, 11.2284 ], [ 103.7563, 11.2219 ], [ 103.7612, 11.223 ], [ 103.7607, 11.2262 ], [ 103.7634, 11.2254 ], [ 103.762, 11.2233 ], [ 103.7696, 11.2249 ], [ 103.7698, 11.2233 ], [ 103.765, 11.2208 ], [ 103.7604, 11.2144 ], [ 103.7634, 11.2149 ], [ 103.7628, 11.2114 ], [ 103.7669, 11.2125 ], [ 103.765, 11.22 ], [ 103.7682, 11.2187 ], [ 103.7677, 11.216 ], [ 103.769, 11.2181 ], [ 103.7701, 11.2163 ], [ 103.7704, 11.2225 ], [ 103.7743, 11.2167 ] ] ] } },
{ "type": "Feature", "properties": { "to": "Agricultural land", "kh": "ដីកសិកម្ម", "ha": 75980 }, "geometry": { "type": "Polygon", "coordinates": [ [ [ 103.7596, 11.2303 ], [ 103.7528, 11.2271 ], [ 103.7499, 11.2292 ], [ 103.7481, 11.2268 ], [ 103.7501, 11.2306 ], [ 103.7542, 11.2314 ], [ 103.7523, 11.2314 ], [ 103.7531, 11.2338 ], [ 103.7588, 11.2343 ], [ 103.7596, 11.2303 ] ] ] } },
{ "type": "Feature", "properties": { "to": "Agricultural land", "kh": "ដីកសិកម្ម", "ha": 75980 }, "geometry": { "type": "Polygon", "coordinates": [ [ [ 103.7448, 11.2521 ], [ 103.7483, 11.2492 ], [ 103.7493, 11.2376 ], [ 103.7528, 11.2408 ], [ 103.7534, 11.2373 ], [ 103.752, 11.2395 ], [ 103.7526, 11.236 ], [ 103.748, 11.237 ], [ 103.7491, 11.2324 ], [ 103.7458, 11.2287 ], [ 103.7458, 11.2319 ], [ 103.7429, 11.2333 ], [ 103.7477, 11.2384 ], [ 103.7445, 11.2408 ], [ 103.7448, 11.2521 ] ] ] } },
{ "type": "Feature", "properties": { "to": "Agricultural land", "kh": "ដីកសិកម្ម", "ha": 75980 }, "geometry": { "type": "Polygon", "coordinates": [ [ [ 103.7696, 11.2284 ], [ 103.7709, 11.2297 ], [ 103.769, 11.2292 ], [ 103.7685, 11.2271 ], [ 103.765, 11.2276 ], [ 103.7658, 11.2308 ], [ 103.7634, 11.2306 ], [ 103.7661, 11.2335 ], [ 103.7655, 11.2397 ], [ 103.7593, 11.2378 ], [ 103.7572, 11.2408 ], [ 103.7617, 11.2411 ], [ 103.7612, 11.2446 ], [ 103.7636, 11.2459 ], [ 103.7666, 11.2459 ], [ 103.764, 11.2452 ], [ 103.7663, 11.2438 ], [ 103.7679, 11.25 ], [ 103.7725, 11.2467 ], [ 103.7712, 11.2511 ], [ 103.7685, 11.2513 ], [ 103.775, 11.2592 ], [ 103.7766, 11.2536 ], [ 103.7742, 11.253 ], [ 103.7766, 11.2504 ], [ 103.7744, 11.2511 ], [ 103.7733, 11.2484 ], [ 103.7763, 11.2497 ], [ 103.7763, 11.2454 ], [ 103.7706, 11.2462 ], [ 103.7704, 11.2443 ], [ 103.7758, 11.2438 ], [ 103.7771, 11.2457 ], [ 103.7801, 11.2378 ], [ 103.7828, 11.2376 ], [ 103.7758, 11.2316 ], [ 103.7804, 11.233 ], [ 103.7812, 11.2362 ], [ 103.7841, 11.2352 ], [ 103.7763, 11.2259 ], [ 103.775, 11.2287 ], [ 103.7696, 11.2284 ] ] ] } },
{ "type": "Feature", "properties": { "to": "Agricultural land", "kh": "ដីកសិកម្ម", "ha": 75980 }, "geometry": { "type": "Polygon", "coordinates": [ [ [ 103.7561, 11.2578 ], [ 103.7566, 11.244 ], [ 103.7553, 11.2438 ], [ 103.7516, 11.2489 ], [ 103.7516, 11.26 ], [ 103.7561, 11.2578 ] ] ] } },
{ "type": "Feature", "properties": { "to": "Agricultural land", "kh": "ដីកសិកម្ម", "ha": 75980 }, "geometry": { "type": "Polygon", "coordinates": [ [ [ 103.7639, 11.261 ], [ 103.7682, 11.2573 ], [ 103.7647, 11.2583 ], [ 103.7634, 11.2519 ], [ 103.759, 11.25 ], [ 103.7631, 11.2613 ], [ 103.7617, 11.2586 ], [ 103.7555, 11.2586 ], [ 103.7577, 11.2651 ], [ 103.7606, 11.2639 ], [ 103.7639, 11.2662 ], [ 103.7639, 11.261 ] ] ] } },
{ "type": "Feature", "properties": { "to": "Agricultural land", "kh": "ដីកសិកម្ម", "ha": 75980 }, "geometry": { "type": "Polygon", "coordinates": [ [ [ 103.7669, 11.3004 ], [ 103.7663, 11.2883 ], [ 103.7706, 11.2821 ], [ 103.7666, 11.2864 ], [ 103.7615, 11.2856 ], [ 103.7647, 11.288 ], [ 103.7628, 11.2899 ], [ 103.7644, 11.2921 ], [ 103.762, 11.2929 ], [ 103.7652, 11.2972 ], [ 103.7636, 11.3007 ], [ 103.7669, 11.3004 ] ] ] } },
{ "type": "Feature", "properties": { "to": "Agricultural land", "kh": "ដីកសិកម្ម", "ha": 75980 }, "geometry": { "type": "Polygon", "coordinates": [ [ [ 103.755, 11.3018 ], [ 103.7568, 11.3151 ], [ 103.7515, 11.3173 ], [ 103.7515, 11.3201 ], [ 103.7482, 11.3177 ], [ 103.7469, 11.3223 ], [ 103.7501, 11.3231 ], [ 103.7534, 11.3196 ], [ 103.7566, 11.3212 ], [ 103.7531, 11.3247 ], [ 103.7572, 11.3244 ], [ 103.7534, 11.3277 ], [ 103.7585, 11.3298 ], [ 103.7577, 11.3334 ], [ 103.7531, 11.3374 ], [ 103.7491, 11.3347 ], [ 103.7542, 11.3396 ], [ 103.7523, 11.3441 ], [ 103.7563, 11.345 ], [ 103.755, 11.3498 ], [ 103.7588, 11.353 ], [ 103.758, 11.3471 ], [ 103.7644, 11.3487 ], [ 103.7712, 11.3379 ], [ 103.7661, 11.3374 ], [ 103.7682, 11.3323 ], [ 103.7644, 11.3307 ], [ 103.7698, 11.325 ], [ 103.7677, 11.3218 ], [ 103.7688, 11.3153 ], [ 103.7651, 11.3158 ], [ 103.765, 11.3193 ], [ 103.7632, 11.3184 ], [ 103.7688, 11.3101 ], [ 103.7623, 11.3115 ], [ 103.7577, 11.3083 ], [ 103.7588, 11.3058 ], [ 103.7634, 11.3058 ], [ 103.7625, 11.3085 ], [ 103.7655, 11.3104 ], [ 103.7669, 11.3029 ], [ 103.758, 11.3023 ], [ 103.7518, 11.2983 ], [ 103.755, 11.3018 ] ] ] } },
{ "type": "Feature", "properties": { "to": "Agricultural land", "kh": "ដីកសិកម្ម", "ha": 75980 }, "geometry": { "type": "Polygon", "coordinates": [ [ [ 103.7407, 11.3474 ], [ 103.7442, 11.3412 ], [ 103.7445, 11.3439 ], [ 103.7474, 11.3431 ], [ 103.745, 11.339 ], [ 103.7493, 11.3398 ], [ 103.7453, 11.3334 ], [ 103.7528, 11.3336 ], [ 103.7523, 11.3315 ], [ 103.7555, 11.3323 ], [ 103.7555, 11.3301 ], [ 103.7496, 11.329 ], [ 103.7426, 11.3352 ], [ 103.7423, 11.3315 ], [ 103.7302, 11.332 ], [ 103.7272, 11.3298 ], [ 103.7267, 11.3379 ], [ 103.7323, 11.3398 ], [ 103.7329, 11.3436 ], [ 103.7364, 11.3439 ], [ 103.735, 11.3396 ], [ 103.7375, 11.339 ], [ 103.7385, 11.3447 ], [ 103.7404, 11.3436 ], [ 103.7388, 11.3466 ], [ 103.7445, 11.3525 ], [ 103.7407, 11.3474 ] ] ] } },
{ "type": "Feature", "properties": { "to": "Agricultural land", "kh": "ដីកសិកម្ម", "ha": 75980 }, "geometry": { "type": "Polygon", "coordinates": [ [ [ 103.7817, 10.9535 ], [ 103.7809, 10.957 ], [ 103.7812, 10.9535 ], [ 103.7804, 10.9559 ], [ 103.7793, 10.9535 ], [ 103.7763, 10.9578 ], [ 103.7798, 10.9573 ], [ 103.7798, 10.9602 ], [ 103.7817, 10.9581 ], [ 103.7812, 10.964 ], [ 103.7844, 10.9602 ], [ 103.782, 10.9691 ], [ 103.7849, 10.9621 ], [ 103.7866, 10.967 ], [ 103.7891, 10.9603 ], [ 103.7849, 10.9589 ], [ 103.7848, 10.9554 ], [ 103.7829, 10.9562 ], [ 103.7817, 10.9535 ] ] ] } },
{ "type": "Feature", "properties": { "to": "Agricultural land", "kh": "ដីកសិកម្ម", "ha": 75980 }, "geometry": { "type": "Polygon", "coordinates": [ [ [ 103.7866, 10.9815 ], [ 103.7882, 10.9842 ], [ 103.7836, 10.9845 ], [ 103.7822, 10.981 ], [ 103.786, 10.98 ], [ 103.7822, 10.9799 ], [ 103.7814, 10.9764 ], [ 103.7774, 10.9805 ], [ 103.775, 10.9783 ], [ 103.7742, 10.9799 ], [ 103.7813, 10.9868 ], [ 103.79, 10.9849 ], [ 103.7902, 10.9822 ], [ 103.7866, 10.9815 ] ] ] } },
{ "type": "Feature", "properties": { "to": "Agricultural land", "kh": "ដីកសិកម្ម", "ha": 75980 }, "geometry": { "type": "Polygon", "coordinates": [ [ [ 103.7803, 10.9987 ], [ 103.7752, 10.9885 ], [ 103.7674, 10.9891 ], [ 103.7712, 10.9958 ], [ 103.7803, 10.9987 ] ] ] } },
{ "type": "Feature", "properties": { "to": "Agricultural land", "kh": "ដីកសិកម្ម", "ha": 75980 }, "geometry": { "type": "Polygon", "coordinates": [ [ [ 103.7806, 11.0312 ], [ 103.7806, 11.0291 ], [ 103.7744, 11.0282 ], [ 103.7768, 11.0208 ], [ 103.7674, 11.0314 ], [ 103.7728, 11.0301 ], [ 103.7715, 11.032 ], [ 103.7766, 11.0339 ], [ 103.776, 11.0301 ], [ 103.7831, 11.0347 ], [ 103.786, 11.0317 ], [ 103.7844, 11.0298 ], [ 103.7847, 11.032 ], [ 103.7806, 11.0312 ] ] ] } },
{ "type": "Feature", "properties": { "to": "Agricultural land", "kh": "ដីកសិកម្ម", "ha": 75980 }, "geometry": { "type": "Polygon", "coordinates": [ [ [ 103.7884, 11.0641 ], [ 103.7893, 11.0611 ], [ 103.7838, 11.0641 ], [ 103.784, 11.0673 ], [ 103.7758, 11.0619 ], [ 103.7804, 11.0676 ], [ 103.7841, 11.0684 ], [ 103.7814, 11.0735 ], [ 103.7831, 11.0776 ], [ 103.786, 11.077 ], [ 103.7836, 11.0706 ], [ 103.7909, 11.0644 ], [ 103.7884, 11.0641 ] ] ] } },
{ "type": "Feature", "properties": { "to": "Agricultural land", "kh": "ដីកសិកម្ម", "ha": 75980 }, "geometry": { "type": "Polygon", "coordinates": [ [ [ 103.8006, 11.0858 ], [ 103.7991, 11.0892 ], [ 103.8049, 11.0892 ], [ 103.806, 11.0938 ], [ 103.8049, 11.0865 ], [ 103.8084, 11.0851 ], [ 103.8087, 11.094 ], [ 103.8119, 11.0913 ], [ 103.8117, 11.0811 ], [ 103.8095, 11.0803 ], [ 103.8081, 11.0833 ], [ 103.8054, 11.0819 ], [ 103.8114, 11.0773 ], [ 103.8076, 11.0789 ], [ 103.8052, 11.077 ], [ 103.8063, 11.0749 ], [ 103.8027, 11.0762 ], [ 103.8018, 11.0793 ], [ 103.805, 11.0795 ], [ 103.8041, 11.0877 ], [ 103.8006, 11.0858 ] ] ] } },
{ "type": "Feature", "properties": { "to": "Agricultural land", "kh": "ដីកសិកម្ម", "ha": 75980 }, "geometry": { "type": "Polygon", "coordinates": [ [ [ 103.8357, 11.1904 ], [ 103.828, 11.186 ], [ 103.829, 11.1912 ], [ 103.823, 11.1863 ], [ 103.8197, 11.1863 ], [ 103.818, 11.1807 ], [ 103.8134, 11.1786 ], [ 103.8065, 11.1791 ], [ 103.8052, 11.1823 ], [ 103.796, 11.1788 ], [ 103.7963, 11.1823 ], [ 103.803, 11.1833 ], [ 103.7971, 11.1858 ], [ 103.8001, 11.1879 ], [ 103.8003, 11.1858 ], [ 103.8011, 11.1896 ], [ 103.8041, 11.1836 ], [ 103.8073, 11.1952 ], [ 103.809, 11.1906 ], [ 103.8109, 11.1902 ], [ 103.8106, 11.1925 ], [ 103.8127, 11.1904 ], [ 103.8108, 11.1893 ], [ 103.8125, 11.1863 ], [ 103.8122, 11.1896 ], [ 103.8146, 11.189 ], [ 103.8168, 11.192 ], [ 103.8227, 11.1874 ], [ 103.8286, 11.1936 ], [ 103.8354, 11.1939 ], [ 103.8357, 11.1904 ] ] ] } },
{ "type": "Feature", "properties": { "to": "Agricultural land", "kh": "ដីកសិកម្ម", "ha": 75980 }, "geometry": { "type": "Polygon", "coordinates": [ [ [ 103.7836, 11.2101 ], [ 103.7888, 11.2068 ], [ 103.7901, 11.2125 ], [ 103.7944, 11.21 ], [ 103.7925, 11.2065 ], [ 103.7893, 11.2079 ], [ 103.7868, 11.2022 ], [ 103.7906, 11.2028 ], [ 103.7898, 11.2055 ], [ 103.793, 11.2045 ], [ 103.7832, 11.1968 ], [ 103.7846, 11.1928 ], [ 103.7828, 11.1917 ], [ 103.7828, 11.1939 ], [ 103.7801, 11.189 ], [ 103.7798, 11.1982 ], [ 103.7777, 11.1971 ], [ 103.7787, 11.2001 ], [ 103.7747, 11.2001 ], [ 103.7742, 11.1933 ], [ 103.7771, 11.1939 ], [ 103.7763, 11.1909 ], [ 103.7717, 11.1898 ], [ 103.7725, 11.1931 ], [ 103.7709, 11.1901 ], [ 103.7696, 11.1964 ], [ 103.7705, 11.1923 ], [ 103.7725, 11.1958 ], [ 103.7697, 11.2018 ], [ 103.7755, 11.2165 ], [ 103.7775, 11.2075 ], [ 103.7788, 11.2099 ], [ 103.7813, 11.205 ], [ 103.7831, 11.2067 ], [ 103.7833, 11.2121 ], [ 103.78, 11.2159 ], [ 103.7839, 11.2162 ], [ 103.7853, 11.2206 ], [ 103.7777, 11.224 ], [ 103.7805, 11.232 ], [ 103.7847, 11.2354 ], [ 103.7849, 11.2324 ], [ 103.7806, 11.2289 ], [ 103.7814, 11.2254 ], [ 103.7841, 11.2252 ], [ 103.7844, 11.23 ], [ 103.7868, 11.23 ], [ 103.7882, 11.2338 ], [ 103.7898, 11.2319 ], [ 103.7901, 11.2349 ], [ 103.7965, 11.2322 ], [ 103.7998, 11.2268 ], [ 103.8025, 11.2276 ], [ 103.8003, 11.2279 ], [ 103.8011, 11.2297 ], [ 103.8106, 11.2276 ], [ 103.8092, 11.2246 ], [ 103.8019, 11.2261 ], [ 103.8, 11.2227 ], [ 103.7981, 11.2236 ], [ 103.7965, 11.2174 ], [ 103.7925, 11.2189 ], [ 103.7925, 11.2235 ], [ 103.7863, 11.22 ], [ 103.7836, 11.2101 ] ] ] } },
{ "type": "Feature", "properties": { "to": "Agricultural land", "kh": "ដីកសិកម្ម", "ha": 75980 }, "geometry": { "type": "Polygon", "coordinates": [ [ [ 103.806, 11.2192 ], [ 103.8073, 11.2233 ], [ 103.8111, 11.2233 ], [ 103.8135, 11.2198 ], [ 103.8138, 11.2249 ], [ 103.8179, 11.2222 ], [ 103.817, 11.2287 ], [ 103.8243, 11.2184 ], [ 103.8197, 11.2152 ], [ 103.8135, 11.2184 ], [ 103.8132, 11.2154 ], [ 103.8046, 11.2141 ], [ 103.8022, 11.2092 ], [ 103.8054, 11.2084 ], [ 103.8009, 11.2082 ], [ 103.8011, 11.2043 ], [ 103.7983, 11.2064 ], [ 103.7978, 11.2121 ], [ 103.806, 11.2192 ] ] ] } },
{ "type": "Feature", "properties": { "to": "Agricultural land", "kh": "ដីកសិកម្ម", "ha": 75980 }, "geometry": { "type": "Polygon", "coordinates": [ [ [ 103.7708, 11.2735 ], [ 103.775, 11.2597 ], [ 103.7717, 11.2575 ], [ 103.7677, 11.2621 ], [ 103.7714, 11.2604 ], [ 103.7708, 11.2735 ] ] ] } },
{ "type": "Feature", "properties": { "to": "Agricultural land", "kh": "ដីកសិកម្ម", "ha": 75980 }, "geometry": { "type": "Polygon", "coordinates": [ [ [ 103.7841, 11.4955 ], [ 103.7874, 11.4968 ], [ 103.7839, 11.4944 ], [ 103.7858, 11.4928 ], [ 103.7839, 11.4904 ], [ 103.7812, 11.4901 ], [ 103.7839, 11.4863 ], [ 103.7828, 11.4834 ], [ 103.7822, 11.4866 ], [ 103.7785, 11.4861 ], [ 103.7774, 11.4906 ], [ 103.775, 11.4896 ], [ 103.7728, 11.4942 ], [ 103.7787, 11.4979 ], [ 103.7804, 11.4955 ], [ 103.7828, 11.4979 ], [ 103.7841, 11.4955 ] ] ] } },
{ "type": "Feature", "properties": { "to": "Agricultural land", "kh": "ដីកសិកម្ម", "ha": 75980 }, "geometry": { "type": "Polygon", "coordinates": [ [ [ 103.8019, 11.5066 ], [ 103.7992, 11.5082 ], [ 103.8044, 11.5101 ], [ 103.8041, 11.5009 ], [ 103.8017, 11.4998 ], [ 103.7982, 11.502 ], [ 103.8019, 11.5066 ] ] ] } },
{ "type": "Feature", "properties": { "to": "Agricultural land", "kh": "ដីកសិកម្ម", "ha": 75980 }, "geometry": { "type": "Polygon", "coordinates": [ [ [ 103.8187, 11.5603 ], [ 103.8117, 11.55 ], [ 103.8073, 11.5505 ], [ 103.8103, 11.5557 ], [ 103.8187, 11.5603 ] ] ] } },
{ "type": "Feature", "properties": { "to": "Agricultural land", "kh": "ដីកសិកម្ម", "ha": 75980 }, "geometry": { "type": "Polygon", "coordinates": [ [ [ 103.8721, 11.1385 ], [ 103.8689, 11.1333 ], [ 103.8659, 11.134 ], [ 103.8686, 11.1359 ], [ 103.8653, 11.1353 ], [ 103.8659, 11.1334 ], [ 103.8675, 11.1332 ], [ 103.867, 11.1324 ], [ 103.8629, 11.1348 ], [ 103.8635, 11.1229 ], [ 103.8591, 11.1202 ], [ 103.8563, 11.1089 ], [ 103.8392, 11.0967 ], [ 103.8396, 11.0857 ], [ 103.8427, 11.083 ], [ 103.8408, 11.0806 ], [ 103.8462, 11.0768 ], [ 103.8462, 11.0725 ], [ 103.8351, 11.0735 ], [ 103.8268, 11.0653 ], [ 103.8176, 11.0658 ], [ 103.8173, 11.07 ], [ 103.8147, 11.069 ], [ 103.8138, 11.0714 ], [ 103.8169, 11.0721 ], [ 103.8122, 11.075 ], [ 103.8155, 11.0796 ], [ 103.8138, 11.0821 ], [ 103.8135, 11.0791 ], [ 103.8133, 11.0843 ], [ 103.8165, 11.0843 ], [ 103.8157, 11.0811 ], [ 103.8197, 11.077 ], [ 103.8203, 11.0816 ], [ 103.8241, 11.08 ], [ 103.8219, 11.0835 ], [ 103.8257, 11.0854 ], [ 103.8233, 11.0857 ], [ 103.8224, 11.0897 ], [ 103.8303, 11.0973 ], [ 103.8281, 11.0992 ], [ 103.833, 11.0986 ], [ 103.8386, 11.1054 ], [ 103.8351, 11.1024 ], [ 103.8284, 11.1019 ], [ 103.8284, 11.1054 ], [ 103.8313, 11.1062 ], [ 103.8289, 11.1092 ], [ 103.8303, 11.111 ], [ 103.8251, 11.1108 ], [ 103.8278, 11.1145 ], [ 103.8219, 11.1172 ], [ 103.8246, 11.1183 ], [ 103.8219, 11.1199 ], [ 103.8233, 11.1218 ], [ 103.8316, 11.1216 ], [ 103.8297, 11.124 ], [ 103.8273, 11.1229 ], [ 103.8273, 11.128 ], [ 103.8233, 11.1237 ], [ 103.8214, 11.1261 ], [ 103.8276, 11.1305 ], [ 103.8268, 11.1321 ], [ 103.8303, 11.1326 ], [ 103.827, 11.1367 ], [ 103.833, 11.134 ], [ 103.8327, 11.1434 ], [ 103.8386, 11.1464 ], [ 103.84, 11.1507 ], [ 103.8394, 11.1526 ], [ 103.834, 11.1483 ], [ 103.8349, 11.1539 ], [ 103.8303, 11.1512 ], [ 103.8297, 11.1488 ], [ 103.833, 11.1504 ], [ 103.8322, 11.1475 ], [ 103.8289, 11.1475 ], [ 103.83, 11.1442 ], [ 103.8265, 11.1445 ], [ 103.8276, 11.1394 ], [ 103.8243, 11.1402 ], [ 103.8246, 11.1494 ], [ 103.8216, 11.1499 ], [ 103.8286, 11.1496 ], [ 103.8286, 11.1583 ], [ 103.8324, 11.1572 ], [ 103.8313, 11.1604 ], [ 103.8332, 11.1572 ], [ 103.8346, 11.1585 ], [ 103.834, 11.1647 ], [ 103.8295, 11.1636 ], [ 103.8303, 11.1728 ], [ 103.834, 11.1734 ], [ 103.8346, 11.168 ], [ 103.8365, 11.1715 ], [ 103.8394, 11.1677 ], [ 103.8394, 11.1726 ], [ 103.8435, 11.1774 ], [ 103.8473, 11.1777 ], [ 103.8462, 11.1803 ], [ 103.8505, 11.1796 ], [ 103.8492, 11.1774 ], [ 103.8516, 11.1777 ], [ 103.8516, 11.1742 ], [ 103.8454, 11.1682 ], [ 103.8519, 11.1728 ], [ 103.8492, 11.1661 ], [ 103.8527, 11.1666 ], [ 103.8519, 11.1636 ], [ 103.8564, 11.162 ], [ 103.8543, 11.158 ], [ 103.8594, 11.1547 ], [ 103.8589, 11.1483 ], [ 103.8672, 11.1502 ], [ 103.868, 11.144 ], [ 103.8662, 11.1458 ], [ 103.8616, 11.1421 ], [ 103.8659, 11.145 ], [ 103.8699, 11.1423 ], [ 103.8721, 11.1385 ] ], [ [ 103.8508, 11.1326 ], [ 103.8494, 11.121 ], [ 103.8473, 11.1199 ], [ 103.8478, 11.1156 ], [ 103.8519, 11.114 ], [ 103.8572, 11.1183 ], [ 103.8586, 11.1218 ], [ 103.8564, 11.1237 ], [ 103.8605, 11.124 ], [ 103.8548, 11.1275 ], [ 103.8583, 11.1305 ], [ 103.8532, 11.131 ], [ 103.8543, 11.134 ], [ 103.8578, 11.134 ], [ 103.861, 11.1442 ], [ 103.8535, 11.1437 ], [ 103.8545, 11.1394 ], [ 103.851, 11.1364 ], [ 103.851, 11.1391 ], [ 103.8448, 11.1367 ], [ 103.8508, 11.1326 ] ] ] } },
{ "type": "Feature", "properties": { "to": "Agricultural land", "kh": "ដីកសិកម្ម", "ha": 75980 }, "geometry": { "type": "Polygon", "coordinates": [ [ [ 103.8848, 11.165 ], [ 103.887, 11.1572 ], [ 103.8826, 11.1545 ], [ 103.8829, 11.1564 ], [ 103.8772, 11.1583 ], [ 103.8778, 11.1623 ], [ 103.8751, 11.1642 ], [ 103.8783, 11.1645 ], [ 103.8759, 11.168 ], [ 103.8794, 11.169 ], [ 103.8813, 11.1631 ], [ 103.881, 11.1669 ], [ 103.8824, 11.1632 ], [ 103.8848, 11.165 ] ] ] } },
{ "type": "Feature", "properties": { "to": "Agricultural land", "kh": "ដីកសិកម្ម", "ha": 75980 }, "geometry": { "type": "Polygon", "coordinates": [ [ [ 103.8637, 11.1771 ], [ 103.8594, 11.1777 ], [ 103.8602, 11.1831 ], [ 103.8632, 11.1836 ], [ 103.8602, 11.1874 ], [ 103.8632, 11.1893 ], [ 103.8653, 11.1874 ], [ 103.8624, 11.1855 ], [ 103.8645, 11.1836 ], [ 103.8637, 11.1771 ] ] ] } },
{ "type": "Feature", "properties": { "to": "Agricultural land", "kh": "ដីកសិកម្ម", "ha": 75980 }, "geometry": { "type": "Polygon", "coordinates": [ [ [ 103.8494, 11.2117 ], [ 103.8521, 11.2079 ], [ 103.8535, 11.2157 ], [ 103.8581, 11.2101 ], [ 103.8502, 11.2044 ], [ 103.8456, 11.2101 ], [ 103.8494, 11.2117 ] ] ] } },
{ "type": "Feature", "properties": { "to": "Agricultural land", "kh": "ដីកសិកម្ម", "ha": 75980 }, "geometry": { "type": "Polygon", "coordinates": [ [ [ 103.847, 11.2211 ], [ 103.8389, 11.2276 ], [ 103.8233, 11.2314 ], [ 103.8246, 11.2365 ], [ 103.8273, 11.2311 ], [ 103.8349, 11.2308 ], [ 103.8335, 11.2384 ], [ 103.8346, 11.2484 ], [ 103.8303, 11.2538 ], [ 103.8285, 11.2587 ], [ 103.833, 11.2592 ], [ 103.8305, 11.2543 ], [ 103.8357, 11.247 ], [ 103.8354, 11.2306 ], [ 103.8465, 11.223 ], [ 103.8489, 11.226 ], [ 103.8518, 11.2241 ], [ 103.8521, 11.2211 ], [ 103.847, 11.2211 ] ] ] } },
{ "type": "Feature", "properties": { "to": "Agricultural land", "kh": "ដីកសិកម្ម", "ha": 75980 }, "geometry": { "type": "Polygon", "coordinates": [ [ [ 103.9104, 11.4135 ], [ 103.9134, 11.4156 ], [ 103.912, 11.4124 ], [ 103.919, 11.4116 ], [ 103.9139, 11.4054 ], [ 103.9139, 11.4094 ], [ 103.912, 11.4075 ], [ 103.908, 11.4132 ], [ 103.905, 11.4119 ], [ 103.9007, 11.4148 ], [ 103.9034, 11.417 ], [ 103.9039, 11.4148 ], [ 103.9066, 11.4159 ], [ 103.905, 11.4143 ], [ 103.9104, 11.4156 ], [ 103.9082, 11.4132 ], [ 103.9117, 11.4124 ], [ 103.9104, 11.4135 ] ] ] } },
{ "type": "Feature", "properties": { "to": "Agricultural land", "kh": "ដីកសិកម្ម", "ha": 75980 }, "geometry": { "type": "Polygon", "coordinates": [ [ [ 103.8931, 11.4251 ], [ 103.8923, 11.431 ], [ 103.8961, 11.4294 ], [ 103.8972, 11.4262 ], [ 103.8937, 11.4267 ], [ 103.895, 11.4245 ], [ 103.9058, 11.4286 ], [ 103.9131, 11.4281 ], [ 103.909, 11.4264 ], [ 103.9104, 11.4229 ], [ 103.9085, 11.4208 ], [ 103.8977, 11.4175 ], [ 103.8964, 11.4218 ], [ 103.891, 11.4232 ], [ 103.8931, 11.4251 ] ] ] } },
{ "type": "Feature", "properties": { "to": "Agricultural land", "kh": "ដីកសិកម្ម", "ha": 75980 }, "geometry": { "type": "Polygon", "coordinates": [ [ [ 103.8805, 11.4235 ], [ 103.8813, 11.4208 ], [ 103.8769, 11.427 ], [ 103.8799, 11.4294 ], [ 103.8775, 11.4289 ], [ 103.8769, 11.434 ], [ 103.8829, 11.431 ], [ 103.8826, 11.4227 ], [ 103.8805, 11.4235 ] ] ] } },
{ "type": "Feature", "properties": { "to": "Agricultural land", "kh": "ដីកសិកម្ម", "ha": 75980 }, "geometry": { "type": "Polygon", "coordinates": [ [ [ 103.8923, 11.4375 ], [ 103.8942, 11.4337 ], [ 103.8864, 11.4345 ], [ 103.8885, 11.4375 ], [ 103.8856, 11.4364 ], [ 103.8875, 11.438 ], [ 103.8848, 11.4388 ], [ 103.8856, 11.4426 ], [ 103.8931, 11.4437 ], [ 103.8904, 11.4399 ], [ 103.8918, 11.4386 ], [ 103.8961, 11.441 ], [ 103.9001, 11.4397 ], [ 103.8991, 11.4367 ], [ 103.8977, 11.4394 ], [ 103.8923, 11.4375 ] ] ] } },
{ "type": "Feature", "properties": { "to": "Agricultural land", "kh": "ដីកសិកម្ម", "ha": 75980 }, "geometry": { "type": "Polygon", "coordinates": [ [ [ 103.8492, 11.4537 ], [ 103.8497, 11.4521 ], [ 103.8435, 11.4513 ], [ 103.8381, 11.4464 ], [ 103.8373, 11.4499 ], [ 103.8448, 11.4548 ], [ 103.8521, 11.4545 ], [ 103.8575, 11.451 ], [ 103.8556, 11.4491 ], [ 103.8548, 11.4523 ], [ 103.8492, 11.4537 ] ] ] } },
{ "type": "Feature", "properties": { "to": "Agricultural land", "kh": "ដីកសិកម្ម", "ha": 75980 }, "geometry": { "type": "Polygon", "coordinates": [ [ [ 103.8767, 11.4553 ], [ 103.8737, 11.454 ], [ 103.8729, 11.4572 ], [ 103.8718, 11.454 ], [ 103.871, 11.4607 ], [ 103.8775, 11.4645 ], [ 103.8759, 11.4666 ], [ 103.8786, 11.4666 ], [ 103.8818, 11.4629 ], [ 103.8764, 11.4585 ], [ 103.8745, 11.4596 ], [ 103.8767, 11.4553 ] ] ] } },
{ "type": "Feature", "properties": { "to": "Agricultural land", "kh": "ដីកសិកម្ម", "ha": 75980 }, "geometry": { "type": "Polygon", "coordinates": [ [ [ 103.847, 11.4615 ], [ 103.8502, 11.4645 ], [ 103.8494, 11.4723 ], [ 103.8516, 11.4704 ], [ 103.8508, 11.4712 ], [ 103.8505, 11.4736 ], [ 103.8524, 11.4736 ], [ 103.851, 11.472 ], [ 103.8543, 11.4707 ], [ 103.851, 11.468 ], [ 103.8554, 11.4707 ], [ 103.854, 11.4685 ], [ 103.8567, 11.4674 ], [ 103.854, 11.4656 ], [ 103.8575, 11.4645 ], [ 103.8608, 11.4669 ], [ 103.8581, 11.462 ], [ 103.8502, 11.4612 ], [ 103.8505, 11.4585 ], [ 103.8618, 11.4588 ], [ 103.861, 11.4558 ], [ 103.8572, 11.4545 ], [ 103.857, 11.4575 ], [ 103.8551, 11.4548 ], [ 103.8513, 11.4575 ], [ 103.8494, 11.4556 ], [ 103.8497, 11.4583 ], [ 103.8467, 11.4561 ], [ 103.8486, 11.4588 ], [ 103.847, 11.4615 ] ] ] } }
]
}
