{
"type": "FeatureCollection",
"name": "lc1997",
"crs": { "type": "name", "properties": { "name": "urn:ogc:def:crs:OGC:1.3:CRS84" } },
"xy_coordinate_resolution": 0.0001,
"features": [
{ "type": "Feature", "properties": { "cls": "Agricultural land", "kh": "ដីកសិកម្ម", "ha": 40385 }, "geometry": { "type": "Polygon", "coordinates": [ [ [ 103.1315, 10.8794 ], [ 103.1343, 10.8769 ], [ 103.137, 10.8788 ], [ 103.1382, 10.8924 ], [ 103.1354, 10.8992 ], [ 103.1387, 10.9015 ], [ 103.1413, 10.8956 ], [ 103.14, 10.8876 ], [ 103.1532, 10.8792 ], [ 103.1541, 10.8747 ], [ 103.1466, 10.8758 ], [ 103.1454, 10.8695 ], [ 103.1397, 10.875 ], [ 103.1291, 10.8751 ], [ 103.1315, 10.8794 ] ] ] } },
{ "type": "Feature", "properties": { "cls": "Agricultural land", "kh": "ដីកសិកម្ម", "ha": 40385 }, "geometry": { "type": "Polygon", "coordinates": [ [ [ 103.0743, 10.8963 ], [ 103.0705, 10.8955 ], [ 103.0728, 10.906 ], [ 103.0891, 10.8944 ], [ 103.0798, 10.8932 ], [ 103.0743, 10.8963 ] ] ] } },
{ "type": "Feature", "properties": { "cls": "Agricultural land", "kh": "ដីកសិកម្ម", "ha": 40385 }, "geometry": { "type": "Polygon", "coordinates": [ [ [ 103.0657, 10.9111 ], [ 103.0605, 10.9066 ], [ 103.0574, 10.9101 ], [ 103.0657, 10.9111 ] ] ] } },
{ "type": "Feature", "properties": { "cls": "Agricultural land", "kh": "ដីកសិកម្ម", "ha": 40385 }, "geometry": { "type": "Polygon", "coordinates": [ [ [ 103.0725, 10.9323 ], [ 103.0721, 10.9376 ], [ 103.0797, 10.9454 ], [ 103.0807, 10.9431 ], [ 103.0748, 10.9389 ], [ 103.077, 10.9379 ], [ 103.0722, 10.9275 ], [ 103.0699, 10.9287 ], [ 103.0725, 10.9323 ] ] ] } },
{ "type": "Feature", "properties": { "cls": "Agricultural land", "kh": "ដីកសិកម្ម", "ha": 40385 }, "geometry": { "type": "Polygon", "coordinates": [ [ [ 102.9938, 11.2602 ], [ 102.9904, 11.2699 ], [ 102.9933, 11.2714 ], [ 102.9939, 11.2672 ], [ 102.9978, 11.2652 ], [ 102.9938, 11.2602 ] ] ] } },
{ "type": "Feature", "properties": { "cls": "Agricultural land", "kh": "ដីកសិកម្ម", "ha": 40385 }, "geometry": { "type": "Polygon", "coordinates": [ [ [ 102.9838, 11.302 ], [ 102.988, 11.3025 ], [ 102.9881, 11.2951 ], [ 102.9838, 11.302 ] ] ] } },
{ "type": "Feature", "properties": { "cls": "Agricultural land", "kh": "ដីកសិកម្ម", "ha": 40385 }, "geometry": { "type": "Polygon", "coordinates": [ [ [ 103.0637, 11.4569 ], [ 103.0593, 11.4606 ], [ 103.0627, 11.4649 ], [ 103.0728, 11.4602 ], [ 103.0726, 11.4576 ], [ 103.0675, 11.4603 ], [ 103.0637, 11.4569 ] ] ] } },
{ "type": "Feature", "properties": { "cls": "Agricultural land", "kh": "ដីកសិកម្ម", "ha": 40385 }, "geometry": { "type": "Polygon", "coordinates": [ [ [ 103.0419, 11.5345 ], [ 103.0404, 11.5475 ], [ 103.0485, 11.5366 ], [ 103.0483, 11.5332 ], [ 103.0419, 11.5345 ] ] ] } },
{ "type": "Feature", "properties": { "cls": "Agricultural land", "kh": "ដីកសិកម្ម", "ha": 40385 }, "geometry": { "type": "Polygon", "coordinates": [ [ [ 103.0221, 11.5756 ], [ 103.019, 11.5832 ], [ 103.0139, 11.5852 ], [ 103.022, 11.5897 ], [ 103.0289, 11.5807 ], [ 103.0263, 11.577 ], [ 103.0314, 11.5693 ], [ 103.0221, 11.5756 ] ] ] } },
{ "type": "Feature", "properties": { "cls": "Agricultural land", "kh": "ដីកសិកម្ម", "ha": 40385 }, "geometry": { "type": "Polygon", "coordinates": [ [ [ 103.0527, 11.5867 ], [ 103.0389, 11.6 ], [ 103.0447, 11.5993 ], [ 103.0496, 11.5956 ], [ 103.0527, 11.5867 ] ] ] } },
{ "type": "Feature", "properties": { "cls": "Agricultural land", "kh": "ដីកសិកម្ម", "ha": 40385 }, "geometry": { "type": "Polygon", "coordinates": [ [ [ 102.9201, 11.6502 ], [ 102.9311, 11.6521 ], [ 102.9286, 11.6563 ], [ 102.9308, 11.6601 ], [ 102.9246, 11.6622 ], [ 102.9232, 11.6674 ], [ 102.927, 11.6712 ], [ 102.9253, 11.6765 ], [ 102.9288, 11.6786 ], [ 102.926, 11.6841 ], [ 102.9326, 11.6878 ], [ 102.9391, 11.6763 ], [ 102.9386, 11.6686 ], [ 102.9354, 11.6631 ], [ 102.9356, 11.6516 ], [ 102.94, 11.6532 ], [ 102.9435, 11.6518 ], [ 102.9409, 11.6486 ], [ 102.9425, 11.6431 ], [ 102.9384, 11.642 ], [ 102.9375, 11.6447 ], [ 102.9398, 11.6466 ], [ 102.9348, 11.6492 ], [ 102.9346, 11.6455 ], [ 102.9234, 11.6456 ], [ 102.9225, 11.6393 ], [ 102.9189, 11.6428 ], [ 102.9201, 11.6502 ] ] ] } },
{ "type": "Feature", "properties": { "cls": "Agricultural land", "kh": "ដីកសិកម្ម", "ha": 40385 }, "geometry": { "type": "Polygon", "coordinates": [ [ [ 103.1728, 10.8601 ], [ 103.1699, 10.8653 ], [ 103.1654, 10.8672 ], [ 103.1698, 10.8679 ], [ 103.1635, 10.8843 ], [ 103.1735, 10.8711 ], [ 103.1729, 10.8659 ], [ 103.1787, 10.8643 ], [ 103.1807, 10.8595 ], [ 103.1728, 10.8601 ] ] ] } },
{ "type": "Feature", "properties": { "cls": "Agricultural land", "kh": "ដីកសិកម្ម", "ha": 40385 }, "geometry": { "type": "Polygon", "coordinates": [ [ [ 103.2196, 10.9041 ], [ 103.2241, 10.9047 ], [ 103.2243, 10.9088 ], [ 103.2295, 10.9123 ], [ 103.234, 10.9199 ], [ 103.2266, 10.9183 ], [ 103.2205, 10.9199 ], [ 103.2211, 10.9157 ], [ 103.2122, 10.9168 ], [ 103.2167, 10.9239 ], [ 103.2148, 10.9396 ], [ 103.2127, 10.9426 ], [ 103.2145, 10.9438 ], [ 103.2184, 10.9411 ], [ 103.2209, 10.9481 ], [ 103.2274, 10.9439 ], [ 103.2252, 10.9356 ], [ 103.2306, 10.9382 ], [ 103.2318, 10.9351 ], [ 103.2296, 10.932 ], [ 103.2227, 10.9338 ], [ 103.2183, 10.9325 ], [ 103.2216, 10.9299 ], [ 103.2203, 10.9253 ], [ 103.2244, 10.922 ], [ 103.2269, 10.9224 ], [ 103.2296, 10.9236 ], [ 103.2261, 10.9279 ], [ 103.2333, 10.9244 ], [ 103.2349, 10.9293 ], [ 103.2388, 10.9245 ], [ 103.2358, 10.9173 ], [ 103.2413, 10.9136 ], [ 103.2394, 10.9101 ], [ 103.2292, 10.906 ], [ 103.2259, 10.896 ], [ 103.2198, 10.8954 ], [ 103.2182, 10.8985 ], [ 103.2196, 10.9041 ] ] ] } },
{ "type": "Feature", "properties": { "cls": "Agricultural land", "kh": "ដីកសិកម្ម", "ha": 40385 }, "geometry": { "type": "Polygon", "coordinates": [ [ [ 103.2017, 10.8987 ], [ 103.1973, 10.9015 ], [ 103.1997, 10.9088 ], [ 103.2035, 10.9098 ], [ 103.2058, 10.9058 ], [ 103.2017, 10.8987 ] ] ] } },
{ "type": "Feature", "properties": { "cls": "Agricultural land", "kh": "ដីកសិកម្ម", "ha": 40385 }, "geometry": { "type": "Polygon", "coordinates": [ [ [ 103.2093, 10.9178 ], [ 103.2117, 10.9162 ], [ 103.2101, 10.9131 ], [ 103.2057, 10.9163 ], [ 103.2093, 10.9178 ] ] ] } },
{ "type": "Feature", "properties": { "cls": "Agricultural land", "kh": "ដីកសិកម្ម", "ha": 40385 }, "geometry": { "type": "Polygon", "coordinates": [ [ [ 103.2344, 10.9585 ], [ 103.2369, 10.9503 ], [ 103.2296, 10.9516 ], [ 103.2289, 10.9552 ], [ 103.2344, 10.9585 ] ] ] } },
{ "type": "Feature", "properties": { "cls": "Agricultural land", "kh": "ដីកសិកម្ម", "ha": 40385 }, "geometry": { "type": "Polygon", "coordinates": [ [ [ 103.2177, 10.967 ], [ 103.2156, 10.9718 ], [ 103.2172, 10.9735 ], [ 103.2211, 10.9728 ], [ 103.2194, 10.9618 ], [ 103.2163, 10.9606 ], [ 103.2151, 10.9627 ], [ 103.2177, 10.967 ] ] ] } },
{ "type": "Feature", "properties": { "cls": "Agricultural land", "kh": "ដីកសិកម្ម", "ha": 40385 }, "geometry": { "type": "Polygon", "coordinates": [ [ [ 103.2055, 11.3975 ], [ 103.1995, 11.4066 ], [ 103.1999, 11.4129 ], [ 103.2021, 11.4135 ], [ 103.2053, 11.4201 ], [ 103.2148, 11.4211 ], [ 103.2184, 11.4175 ], [ 103.2158, 11.4131 ], [ 103.2218, 11.4126 ], [ 103.2209, 11.4097 ], [ 103.2147, 11.4055 ], [ 103.2164, 11.3947 ], [ 103.2141, 11.3938 ], [ 103.2055, 11.3975 ] ] ] } },
{ "type": "Feature", "properties": { "cls": "Agricultural land", "kh": "ដីកសិកម្ម", "ha": 40385 }, "geometry": { "type": "Polygon", "coordinates": [ [ [ 103.1437, 11.5321 ], [ 103.1376, 11.5279 ], [ 103.1401, 11.536 ], [ 103.1437, 11.5321 ] ] ] } },
{ "type": "Feature", "properties": { "cls": "Agricultural land", "kh": "ដីកសិកម្ម", "ha": 40385 }, "geometry": { "type": "Polygon", "coordinates": [ [ [ 103.3804, 10.8798 ], [ 103.3846, 10.8928 ], [ 103.3904, 10.8973 ], [ 103.3978, 10.8927 ], [ 103.4024, 10.8977 ], [ 103.4043, 10.903 ], [ 103.3954, 10.9101 ], [ 103.3992, 10.916 ], [ 103.4032, 10.9176 ], [ 103.41, 10.9146 ], [ 103.3994, 10.9105 ], [ 103.4136, 10.9065 ], [ 103.4082, 10.8938 ], [ 103.4025, 10.8883 ], [ 103.4028, 10.8858 ], [ 103.3829, 10.8782 ], [ 103.3804, 10.8798 ] ] ] } },
{ "type": "Feature", "properties": { "cls": "Agricultural land", "kh": "ដីកសិកម្ម", "ha": 40385 }, "geometry": { "type": "Polygon", "coordinates": [ [ [ 103.357, 10.8881 ], [ 103.3554, 10.8865 ], [ 103.3503, 10.8921 ], [ 103.3533, 10.8959 ], [ 103.3521, 10.9004 ], [ 103.3486, 10.8977 ], [ 103.3482, 10.9024 ], [ 103.3463, 10.9035 ], [ 103.3462, 10.9005 ], [ 103.3438, 10.9016 ], [ 103.3434, 10.9053 ], [ 103.3331, 10.917 ], [ 103.3305, 10.9176 ], [ 103.3303, 10.9151 ], [ 103.3255, 10.9135 ], [ 103.3257, 10.91 ], [ 103.3218, 10.9046 ], [ 103.3191, 10.9088 ], [ 103.3143, 10.9093 ], [ 103.3122, 10.9151 ], [ 103.3169, 10.9165 ], [ 103.3164, 10.914 ], [ 103.3202, 10.9139 ], [ 103.3204, 10.9113 ], [ 103.3345, 10.923 ], [ 103.3348, 10.921 ], [ 103.3381, 10.922 ], [ 103.3393, 10.9191 ], [ 103.3358, 10.9179 ], [ 103.3384, 10.9124 ], [ 103.3464, 10.9097 ], [ 103.3498, 10.9056 ], [ 103.3576, 10.9043 ], [ 103.365, 10.9075 ], [ 103.3724, 10.9046 ], [ 103.3742, 10.897 ], [ 103.3728, 10.8914 ], [ 103.3687, 10.8928 ], [ 103.368, 10.8858 ], [ 103.3617, 10.8793 ], [ 103.3575, 10.8827 ], [ 103.357, 10.8881 ] ] ] } },
{ "type": "Feature", "properties": { "cls": "Agricultural land", "kh": "ដីកសិកម្ម", "ha": 40385 }, "geometry": { "type": "Polygon", "coordinates": [ [ [ 103.378, 10.8851 ], [ 103.3772, 10.9088 ], [ 103.3857, 10.9225 ], [ 103.3876, 10.9223 ], [ 103.3891, 10.9159 ], [ 103.3843, 10.9133 ], [ 103.3813, 10.9041 ], [ 103.387, 10.9027 ], [ 103.3899, 10.9105 ], [ 103.3938, 10.9138 ], [ 103.3929, 10.9094 ], [ 103.3946, 10.9068 ], [ 103.3912, 10.9065 ], [ 103.3894, 10.8998 ], [ 103.3857, 10.9014 ], [ 103.3825, 10.8996 ], [ 103.378, 10.8851 ] ] ] } },
{ "type": "Feature", "properties": { "cls": "Agricultural land", "kh": "ដីកសិកម្ម", "ha": 40385 }, "geometry": { "type": "Polygon", "coordinates": [ [ [ 103.3555, 10.9107 ], [ 103.3563, 10.9222 ], [ 103.3629, 10.9276 ], [ 103.3642, 10.9248 ], [ 103.3673, 10.9245 ], [ 103.369, 10.9301 ], [ 103.3726, 10.928 ], [ 103.3713, 10.9245 ], [ 103.3731, 10.922 ], [ 103.3776, 10.9241 ], [ 103.3768, 10.9295 ], [ 103.3815, 10.9284 ], [ 103.3793, 10.9167 ], [ 103.3775, 10.9165 ], [ 103.3774, 10.92 ], [ 103.3729, 10.9172 ], [ 103.377, 10.9138 ], [ 103.3673, 10.9145 ], [ 103.3633, 10.9098 ], [ 103.3555, 10.9107 ] ] ] } },
{ "type": "Feature", "properties": { "cls": "Agricultural land", "kh": "ដីកសិកម្ម", "ha": 40385 }, "geometry": { "type": "Polygon", "coordinates": [ [ [ 103.3013, 10.9248 ], [ 103.3064, 10.9322 ], [ 103.3116, 10.9258 ], [ 103.3126, 10.9207 ], [ 103.3078, 10.9193 ], [ 103.3013, 10.9248 ] ] ] } },
{ "type": "Feature", "properties": { "cls": "Agricultural land", "kh": "ដីកសិកម្ម", "ha": 40385 }, "geometry": { "type": "Polygon", "coordinates": [ [ [ 103.2433, 10.9252 ], [ 103.2421, 10.9312 ], [ 103.2341, 10.9315 ], [ 103.2386, 10.9367 ], [ 103.2381, 10.9424 ], [ 103.2406, 10.9397 ], [ 103.2457, 10.9413 ], [ 103.2477, 10.9382 ], [ 103.2582, 10.9373 ], [ 103.263, 10.9296 ], [ 103.2433, 10.9252 ] ] ] } },
{ "type": "Feature", "properties": { "cls": "Agricultural land", "kh": "ដីកសិកម្ម", "ha": 40385 }, "geometry": { "type": "Polygon", "coordinates": [ [ [ 103.2813, 10.9403 ], [ 103.2849, 10.9386 ], [ 103.2875, 10.9407 ], [ 103.2913, 10.94 ], [ 103.2972, 10.9368 ], [ 103.2991, 10.9282 ], [ 103.2899, 10.9325 ], [ 103.2905, 10.9372 ], [ 103.286, 10.9363 ], [ 103.288, 10.9325 ], [ 103.2791, 10.9316 ], [ 103.2785, 10.9355 ], [ 103.2813, 10.9403 ] ] ] } },
{ "type": "Feature", "properties": { "cls": "Agricultural land", "kh": "ដីកសិកម្ម", "ha": 40385 }, "geometry": { "type": "Polygon", "coordinates": [ [ [ 103.3131, 10.98 ], [ 103.3164, 10.9807 ], [ 103.3196, 10.9853 ], [ 103.3177, 10.9932 ], [ 103.3199, 10.9936 ], [ 103.3195, 10.9967 ], [ 103.3251, 10.9972 ], [ 103.3218, 11.0033 ], [ 103.3276, 11.0016 ], [ 103.3164, 10.9759 ], [ 103.3122, 10.9772 ], [ 103.3124, 10.9822 ], [ 103.3131, 10.98 ] ] ] } },
{ "type": "Feature", "properties": { "cls": "Agricultural land", "kh": "ដីកសិកម្ម", "ha": 40385 }, "geometry": { "type": "Polygon", "coordinates": [ [ [ 103.4076, 10.9253 ], [ 103.4093, 10.9276 ], [ 103.4074, 10.9287 ], [ 103.402, 10.9272 ], [ 103.3964, 10.93 ], [ 103.3941, 10.9287 ], [ 103.3919, 10.9323 ], [ 103.3856, 10.9299 ], [ 103.3879, 10.9337 ], [ 103.3851, 10.9337 ], [ 103.386, 10.9358 ], [ 103.3929, 10.9361 ], [ 103.3934, 10.938 ], [ 103.3896, 10.9395 ], [ 103.3915, 10.9449 ], [ 103.3952, 10.947 ], [ 103.3984, 10.9446 ], [ 103.3999, 10.9496 ], [ 103.3953, 10.9517 ], [ 103.3939, 10.9489 ], [ 103.3905, 10.9506 ], [ 103.3866, 10.9482 ], [ 103.3849, 10.9505 ], [ 103.387, 10.9539 ], [ 103.3954, 10.9545 ], [ 103.3949, 10.9574 ], [ 103.3983, 10.961 ], [ 103.4006, 10.9606 ], [ 103.4032, 10.9484 ], [ 103.4007, 10.9463 ], [ 103.4005, 10.9402 ], [ 103.4045, 10.9391 ], [ 103.4064, 10.9349 ], [ 103.4188, 10.9288 ], [ 103.418, 10.9236 ], [ 103.4149, 10.9234 ], [ 103.4129, 10.9262 ], [ 103.4076, 10.9253 ] ] ] } },
{ "type": "Feature", "properties": { "cls": "Agricultural land", "kh": "ដីកសិកម្ម", "ha": 40385 }, "geometry": { "type": "Polygon", "coordinates": [ [ [ 103.4034, 10.9912 ], [ 103.4022, 10.9848 ], [ 103.3977, 10.9894 ], [ 103.3988, 10.9946 ], [ 103.4064, 10.9975 ], [ 103.4093, 11.0056 ], [ 103.4114, 11.0059 ], [ 103.41, 11.008 ], [ 103.4007, 11.0095 ], [ 103.4017, 11.0123 ], [ 103.4098, 11.0106 ], [ 103.4146, 11.0071 ], [ 103.4171, 11.0081 ], [ 103.4202, 11.0046 ], [ 103.4162, 10.9994 ], [ 103.4086, 10.9964 ], [ 103.4125, 10.9937 ], [ 103.4125, 10.9905 ], [ 103.4097, 10.9844 ], [ 103.4037, 10.9804 ], [ 103.4068, 10.9915 ], [ 103.4034, 10.9912 ] ] ] } },
{ "type": "Feature", "properties": { "cls": "Agricultural land", "kh": "ដីកសិកម្ម", "ha": 40385 }, "geometry": { "type": "Polygon", "coordinates": [ [ [ 103.3973, 11.0917 ], [ 103.3954, 11.0851 ], [ 103.3912, 11.086 ], [ 103.3895, 11.0974 ], [ 103.392, 11.0978 ], [ 103.3939, 11.0939 ], [ 103.3959, 11.0993 ], [ 103.4017, 11.0929 ], [ 103.4004, 11.0885 ], [ 103.3973, 11.0917 ] ] ] } },
{ "type": "Feature", "properties": { "cls": "Agricultural land", "kh": "ដីកសិកម្ម", "ha": 40385 }, "geometry": { "type": "Polygon", "coordinates": [ [ [ 103.4006, 11.1105 ], [ 103.4056, 11.1148 ], [ 103.4075, 11.1203 ], [ 103.4048, 11.1251 ], [ 103.4072, 11.1276 ], [ 103.4009, 11.1318 ], [ 103.4033, 11.1331 ], [ 103.4092, 11.1305 ], [ 103.4122, 11.1322 ], [ 103.4141, 11.1302 ], [ 103.4125, 11.1283 ], [ 103.4146, 11.1246 ], [ 103.4134, 11.1228 ], [ 103.4173, 11.1224 ], [ 103.4187, 11.1183 ], [ 103.4114, 11.1135 ], [ 103.4136, 11.1105 ], [ 103.4123, 11.1088 ], [ 103.4006, 11.1105 ] ] ] } },
{ "type": "Feature", "properties": { "cls": "Agricultural land", "kh": "ដីកសិកម្ម", "ha": 40385 }, "geometry": { "type": "Polygon", "coordinates": [ [ [ 103.4091, 11.1414 ], [ 103.4182, 11.1406 ], [ 103.4181, 11.1452 ], [ 103.4231, 11.1464 ], [ 103.4247, 11.1511 ], [ 103.429, 11.1515 ], [ 103.429, 11.1487 ], [ 103.4329, 11.1469 ], [ 103.4322, 11.141 ], [ 103.4284, 11.14 ], [ 103.4294, 11.1361 ], [ 103.4222, 11.1316 ], [ 103.4186, 11.1356 ], [ 103.4075, 11.1375 ], [ 103.4091, 11.1414 ] ] ] } },
{ "type": "Feature", "properties": { "cls": "Agricultural land", "kh": "ដីកសិកម្ម", "ha": 40385 }, "geometry": { "type": "Polygon", "coordinates": [ [ [ 103.418, 11.0272 ], [ 103.4216, 11.0311 ], [ 103.4287, 11.0337 ], [ 103.4308, 11.0432 ], [ 103.4346, 11.0452 ], [ 103.4375, 11.0436 ], [ 103.4392, 11.051 ], [ 103.4435, 11.0483 ], [ 103.4362, 11.0373 ], [ 103.4373, 11.0321 ], [ 103.4334, 11.0275 ], [ 103.43, 11.0286 ], [ 103.419, 11.0256 ], [ 103.418, 11.0272 ] ] ] } },
{ "type": "Feature", "properties": { "cls": "Agricultural land", "kh": "ដីកសិកម្ម", "ha": 40385 }, "geometry": { "type": "Polygon", "coordinates": [ [ [ 103.4338, 11.0693 ], [ 103.4204, 11.0732 ], [ 103.424, 11.08 ], [ 103.4319, 11.0817 ], [ 103.4339, 11.0841 ], [ 103.4327, 11.0857 ], [ 103.4359, 11.0894 ], [ 103.437, 11.0967 ], [ 103.4408, 11.0991 ], [ 103.4429, 11.0963 ], [ 103.4638, 11.0901 ], [ 103.4611, 11.0904 ], [ 103.4621, 11.0867 ], [ 103.4449, 11.0755 ], [ 103.4418, 11.0632 ], [ 103.4371, 11.0626 ], [ 103.4338, 11.0693 ] ] ] } },
{ "type": "Feature", "properties": { "cls": "Agricultural land", "kh": "ដីកសិកម្ម", "ha": 40385 }, "geometry": { "type": "Polygon", "coordinates": [ [ [ 103.4247, 11.1199 ], [ 103.4199, 11.123 ], [ 103.4216, 11.1293 ], [ 103.427, 11.1296 ], [ 103.4301, 11.1262 ], [ 103.4334, 11.1314 ], [ 103.4373, 11.1298 ], [ 103.4444, 11.1328 ], [ 103.448, 11.1208 ], [ 103.4425, 11.1209 ], [ 103.4392, 11.1239 ], [ 103.4342, 11.1224 ], [ 103.4318, 11.119 ], [ 103.4301, 11.1215 ], [ 103.4278, 11.1211 ], [ 103.4251, 11.1158 ], [ 103.4268, 11.1096 ], [ 103.4193, 11.1089 ], [ 103.4208, 11.1152 ], [ 103.4247, 11.1199 ] ] ] } },
{ "type": "Feature", "properties": { "cls": "Agricultural land", "kh": "ដីកសិកម្ម", "ha": 40385 }, "geometry": { "type": "Polygon", "coordinates": [ [ [ 103.4302, 11.1766 ], [ 103.4303, 11.1807 ], [ 103.4375, 11.1861 ], [ 103.4417, 11.1744 ], [ 103.432, 11.1746 ], [ 103.426, 11.1706 ], [ 103.422, 11.1782 ], [ 103.4234, 11.18 ], [ 103.4302, 11.1766 ] ] ] } },
{ "type": "Feature", "properties": { "cls": "Agricultural land", "kh": "ដីកសិកម្ម", "ha": 40385 }, "geometry": { "type": "Polygon", "coordinates": [ [ [ 103.4324, 11.2294 ], [ 103.4307, 11.2354 ], [ 103.4396, 11.2302 ], [ 103.4384, 11.2207 ], [ 103.4321, 11.2232 ], [ 103.4239, 11.2161 ], [ 103.4215, 11.2187 ], [ 103.4324, 11.2294 ] ] ] } },
{ "type": "Feature", "properties": { "cls": "Agricultural land", "kh": "ដីកសិកម្ម", "ha": 40385 }, "geometry": { "type": "Polygon", "coordinates": [ [ [ 103.461, 11.1036 ], [ 103.4656, 11.1028 ], [ 103.4666, 11.0963 ], [ 103.4621, 11.0962 ], [ 103.4582, 11.1014 ], [ 103.461, 11.1036 ] ] ] } },
{ "type": "Feature", "properties": { "cls": "Agricultural land", "kh": "ដីកសិកម្ម", "ha": 40385 }, "geometry": { "type": "Polygon", "coordinates": [ [ [ 103.449, 11.1479 ], [ 103.4519, 11.1479 ], [ 103.4491, 11.1414 ], [ 103.4471, 11.1426 ], [ 103.449, 11.1479 ] ] ] } },
{ "type": "Feature", "properties": { "cls": "Agricultural land", "kh": "ដីកសិកម្ម", "ha": 40385 }, "geometry": { "type": "Polygon", "coordinates": [ [ [ 103.4642, 11.1721 ], [ 103.4532, 11.1716 ], [ 103.4496, 11.1746 ], [ 103.4512, 11.1841 ], [ 103.457, 11.185 ], [ 103.4574, 11.1919 ], [ 103.4682, 11.1894 ], [ 103.4702, 11.1927 ], [ 103.4796, 11.1846 ], [ 103.4756, 11.172 ], [ 103.4695, 11.1685 ], [ 103.4642, 11.1721 ] ] ] } },
{ "type": "Feature", "properties": { "cls": "Agricultural land", "kh": "ដីកសិកម្ម", "ha": 40385 }, "geometry": { "type": "Polygon", "coordinates": [ [ [ 103.4846, 11.2254 ], [ 103.479, 11.2311 ], [ 103.4747, 11.2278 ], [ 103.4701, 11.2323 ], [ 103.472, 11.2351 ], [ 103.4691, 11.2387 ], [ 103.4653, 11.2357 ], [ 103.4626, 11.2373 ], [ 103.46, 11.2336 ], [ 103.4534, 11.235 ], [ 103.4528, 11.2329 ], [ 103.4473, 11.2371 ], [ 103.4497, 11.2471 ], [ 103.4513, 11.238 ], [ 103.4705, 11.242 ], [ 103.4758, 11.2484 ], [ 103.4791, 11.2424 ], [ 103.4892, 11.2426 ], [ 103.492, 11.2458 ], [ 103.4876, 11.2545 ], [ 103.4783, 11.2544 ], [ 103.4788, 11.2613 ], [ 103.4812, 11.2635 ], [ 103.484, 11.2595 ], [ 103.4956, 11.2637 ], [ 103.4962, 11.2603 ], [ 103.5021, 11.2584 ], [ 103.5029, 11.2529 ], [ 103.5085, 11.2537 ], [ 103.5065, 11.25 ], [ 103.5146, 11.2518 ], [ 103.5189, 11.2567 ], [ 103.5244, 11.2569 ], [ 103.5254, 11.2542 ], [ 103.5225, 11.2534 ], [ 103.5234, 11.2508 ], [ 103.5205, 11.2488 ], [ 103.5226, 11.2466 ], [ 103.5265, 11.2486 ], [ 103.5328, 11.2447 ], [ 103.5369, 11.2477 ], [ 103.5403, 11.2461 ], [ 103.5494, 11.2513 ], [ 103.5505, 11.2453 ], [ 103.5547, 11.2426 ], [ 103.5567, 11.2451 ], [ 103.5608, 11.2428 ], [ 103.5594, 11.2484 ], [ 103.5631, 11.2495 ], [ 103.5676, 11.2453 ], [ 103.5753, 11.2447 ], [ 103.5723, 11.2411 ], [ 103.5705, 11.2439 ], [ 103.5661, 11.2363 ], [ 103.5616, 11.2361 ], [ 103.5621, 11.2337 ], [ 103.5643, 11.2338 ], [ 103.5631, 11.2302 ], [ 103.5682, 11.2259 ], [ 103.5637, 11.2254 ], [ 103.5598, 11.2282 ], [ 103.561, 11.2221 ], [ 103.5562, 11.2199 ], [ 103.5626, 11.2154 ], [ 103.565, 11.2185 ], [ 103.5715, 11.2201 ], [ 103.5762, 11.2156 ], [ 103.5736, 11.2112 ], [ 103.5752, 11.2064 ], [ 103.5699, 11.2018 ], [ 103.5718, 11.2085 ], [ 103.5702, 11.2111 ], [ 103.565, 11.2078 ], [ 103.5618, 11.2111 ], [ 103.5592, 11.2076 ], [ 103.5579, 11.2133 ], [ 103.5557, 11.213 ], [ 103.5519, 11.2093 ], [ 103.5418, 11.2068 ], [ 103.544, 11.2035 ], [ 103.5406, 11.2025 ], [ 103.5384, 11.1989 ], [ 103.5423, 11.1972 ], [ 103.5401, 11.1943 ], [ 103.5561, 11.1913 ], [ 103.5571, 11.1947 ], [ 103.5704, 11.1981 ], [ 103.5758, 11.1923 ], [ 103.5859, 11.189 ], [ 103.5829, 11.1921 ], [ 103.5819, 11.1994 ], [ 103.5969, 11.1827 ], [ 103.5896, 11.1787 ], [ 103.5857, 11.1821 ], [ 103.5822, 11.1818 ], [ 103.5719, 11.1872 ], [ 103.5668, 11.1851 ], [ 103.5623, 11.1903 ], [ 103.5451, 11.1886 ], [ 103.5093, 11.2026 ], [ 103.5083, 11.2063 ], [ 103.5032, 11.2083 ], [ 103.5022, 11.2063 ], [ 103.5066, 11.1998 ], [ 103.4897, 11.2097 ], [ 103.5008, 11.2101 ], [ 103.5001, 11.2138 ], [ 103.4936, 11.2167 ], [ 103.4983, 11.2204 ], [ 103.4946, 11.2254 ], [ 103.4899, 11.2255 ], [ 103.4847, 11.2216 ], [ 103.4879, 11.2174 ], [ 103.4806, 11.2146 ], [ 103.4846, 11.2254 ] ], [ [ 103.5022, 11.2211 ], [ 103.5027, 11.2105 ], [ 103.51, 11.2099 ], [ 103.5063, 11.2135 ], [ 103.5073, 11.2157 ], [ 103.5022, 11.2211 ] ] ] } },
{ "type": "Feature", "properties": { "cls": "Agricultural land", "kh": "ដីកសិកម្ម", "ha": 40385 }, "geometry": { "type": "Polygon", "coordinates": [ [ [ 103.4792, 11.3418 ], [ 103.4863, 11.3425 ], [ 103.487, 11.3457 ], [ 103.4849, 11.3474 ], [ 103.4828, 11.3461 ], [ 103.4836, 11.352 ], [ 103.4807, 11.3543 ], [ 103.4791, 11.3529 ], [ 103.4769, 11.3561 ], [ 103.4812, 11.3579 ], [ 103.4811, 11.3619 ], [ 103.4834, 11.3638 ], [ 103.4847, 11.3611 ], [ 103.4935, 11.3575 ], [ 103.4914, 11.3565 ], [ 103.4919, 11.3486 ], [ 103.4895, 11.3472 ], [ 103.4913, 11.3459 ], [ 103.4902, 11.3378 ], [ 103.484, 11.3354 ], [ 103.4841, 11.333 ], [ 103.4795, 11.3329 ], [ 103.4813, 11.3357 ], [ 103.4792, 11.3418 ] ] ] } },
{ "type": "Feature", "properties": { "cls": "Agricultural land", "kh": "ដីកសិកម្ម", "ha": 40385 }, "geometry": { "type": "Polygon", "coordinates": [ [ [ 103.4947, 11.3398 ], [ 103.4945, 11.345 ], [ 103.499, 11.3447 ], [ 103.5013, 11.3502 ], [ 103.5037, 11.3478 ], [ 103.5085, 11.3571 ], [ 103.5072, 11.3592 ], [ 103.5103, 11.3613 ], [ 103.5116, 11.3591 ], [ 103.5218, 11.3596 ], [ 103.5238, 11.3547 ], [ 103.5287, 11.3542 ], [ 103.5327, 11.3485 ], [ 103.528, 11.349 ], [ 103.5286, 11.3456 ], [ 103.5254, 11.3454 ], [ 103.523, 11.3395 ], [ 103.5203, 11.3447 ], [ 103.5137, 11.3408 ], [ 103.5102, 11.3419 ], [ 103.5087, 11.3434 ], [ 103.5105, 11.3474 ], [ 103.505, 11.3452 ], [ 103.5047, 11.3391 ], [ 103.5004, 11.3374 ], [ 103.4992, 11.3405 ], [ 103.4947, 11.3398 ] ] ] } },
{ "type": "Feature", "properties": { "cls": "Agricultural land", "kh": "ដីកសិកម្ម", "ha": 40385 }, "geometry": { "type": "Polygon", "coordinates": [ [ [ 103.5001, 11.365 ], [ 103.5028, 11.3631 ], [ 103.5017, 11.3577 ], [ 103.4935, 11.3575 ], [ 103.5001, 11.365 ] ] ] } },
{ "type": "Feature", "properties": { "cls": "Agricultural land", "kh": "ដីកសិកម្ម", "ha": 40385 }, "geometry": { "type": "Polygon", "coordinates": [ [ [ 103.5278, 11.2611 ], [ 103.5293, 11.2649 ], [ 103.5326, 11.2663 ], [ 103.5332, 11.2641 ], [ 103.5373, 11.2641 ], [ 103.5369, 11.2598 ], [ 103.5278, 11.2611 ] ] ] } },
{ "type": "Feature", "properties": { "cls": "Agricultural land", "kh": "ដីកសិកម្ម", "ha": 40385 }, "geometry": { "type": "Polygon", "coordinates": [ [ [ 103.524, 11.2799 ], [ 103.5258, 11.2844 ], [ 103.5236, 11.2862 ], [ 103.5322, 11.2891 ], [ 103.5344, 11.2879 ], [ 103.5326, 11.2847 ], [ 103.5282, 11.2842 ], [ 103.5291, 11.2802 ], [ 103.5268, 11.2781 ], [ 103.524, 11.2799 ] ] ] } },
{ "type": "Feature", "properties": { "cls": "Agricultural land", "kh": "ដីកសិកម្ម", "ha": 40385 }, "geometry": { "type": "Polygon", "coordinates": [ [ [ 103.5422, 11.2916 ], [ 103.5481, 11.2965 ], [ 103.5499, 11.3025 ], [ 103.5546, 11.3034 ], [ 103.5608, 11.301 ], [ 103.566, 11.3022 ], [ 103.5671, 11.3052 ], [ 103.5704, 11.303 ], [ 103.5691, 11.3144 ], [ 103.5645, 11.3101 ], [ 103.5661, 11.3057 ], [ 103.5625, 11.3062 ], [ 103.5611, 11.3024 ], [ 103.557, 11.3037 ], [ 103.5533, 11.3126 ], [ 103.5544, 11.3165 ], [ 103.5565, 11.3196 ], [ 103.5599, 11.3192 ], [ 103.56, 11.3227 ], [ 103.5631, 11.3214 ], [ 103.5656, 11.3244 ], [ 103.5647, 11.327 ], [ 103.5707, 11.3322 ], [ 103.5808, 11.3354 ], [ 103.5768, 11.329 ], [ 103.5803, 11.3237 ], [ 103.5751, 11.3239 ], [ 103.5782, 11.3227 ], [ 103.5809, 11.3179 ], [ 103.5777, 11.3142 ], [ 103.5772, 11.3096 ], [ 103.5817, 11.3072 ], [ 103.5788, 11.3048 ], [ 103.5783, 11.2982 ], [ 103.5756, 11.2979 ], [ 103.5732, 11.3009 ], [ 103.5706, 11.2983 ], [ 103.5773, 11.295 ], [ 103.5775, 11.292 ], [ 103.5724, 11.2916 ], [ 103.5715, 11.289 ], [ 103.5647, 11.2921 ], [ 103.5624, 11.29 ], [ 103.5606, 11.293 ], [ 103.5591, 11.29 ], [ 103.5536, 11.2901 ], [ 103.5592, 11.2863 ], [ 103.5588, 11.2844 ], [ 103.5539, 11.2848 ], [ 103.5477, 11.2821 ], [ 103.5453, 11.2833 ], [ 103.5459, 11.2891 ], [ 103.5422, 11.2916 ] ] ] } },
{ "type": "Feature", "properties": { "cls": "Agricultural land", "kh": "ដីកសិកម្ម", "ha": 40385 }, "geometry": { "type": "Polygon", "coordinates": [ [ [ 103.5535, 11.3384 ], [ 103.5508, 11.3386 ], [ 103.5474, 11.3465 ], [ 103.5416, 11.3397 ], [ 103.536, 11.3375 ], [ 103.535, 11.34 ], [ 103.5412, 11.351 ], [ 103.5361, 11.3548 ], [ 103.536, 11.3614 ], [ 103.5333, 11.3598 ], [ 103.53, 11.3649 ], [ 103.5341, 11.3749 ], [ 103.5358, 11.3656 ], [ 103.5395, 11.3615 ], [ 103.5409, 11.3661 ], [ 103.5477, 11.3659 ], [ 103.5456, 11.3547 ], [ 103.5486, 11.3527 ], [ 103.5496, 11.3575 ], [ 103.5526, 11.3568 ], [ 103.5543, 11.3468 ], [ 103.5613, 11.3484 ], [ 103.5634, 11.3515 ], [ 103.5638, 11.3443 ], [ 103.5545, 11.3363 ], [ 103.5551, 11.3312 ], [ 103.5502, 11.3342 ], [ 103.5535, 11.3384 ] ] ] } },
{ "type": "Feature", "properties": { "cls": "Agricultural land", "kh": "ដីកសិកម្ម", "ha": 40385 }, "geometry": { "type": "Polygon", "coordinates": [ [ [ 103.5494, 11.369 ], [ 103.5479, 11.372 ], [ 103.5494, 11.3763 ], [ 103.5541, 11.3796 ], [ 103.5627, 11.3749 ], [ 103.5577, 11.3688 ], [ 103.5494, 11.369 ] ] ] } },
{ "type": "Feature", "properties": { "cls": "Agricultural land", "kh": "ដីកសិកម្ម", "ha": 40385 }, "geometry": { "type": "Polygon", "coordinates": [ [ [ 103.5851, 11.1167 ], [ 103.5877, 11.1232 ], [ 103.5921, 11.1218 ], [ 103.595, 11.1271 ], [ 103.604, 11.1318 ], [ 103.6042, 11.1365 ], [ 103.6177, 11.136 ], [ 103.6171, 11.1324 ], [ 103.6124, 11.1328 ], [ 103.6098, 11.1282 ], [ 103.6141, 11.1205 ], [ 103.6051, 11.1143 ], [ 103.6048, 11.1278 ], [ 103.6018, 11.1229 ], [ 103.6027, 11.1187 ], [ 103.5976, 11.1146 ], [ 103.5963, 11.108 ], [ 103.5909, 11.1076 ], [ 103.5877, 11.1154 ], [ 103.5851, 11.1167 ] ] ] } },
{ "type": "Feature", "properties": { "cls": "Agricultural land", "kh": "ដីកសិកម្ម", "ha": 40385 }, "geometry": { "type": "Polygon", "coordinates": [ [ [ 103.5758, 11.1471 ], [ 103.5802, 11.147 ], [ 103.58, 11.1526 ], [ 103.5914, 11.1615 ], [ 103.5953, 11.1598 ], [ 103.5969, 11.1565 ], [ 103.5931, 11.1528 ], [ 103.5894, 11.1378 ], [ 103.5808, 11.1306 ], [ 103.5776, 11.1319 ], [ 103.5758, 11.1471 ] ] ] } },
{ "type": "Feature", "properties": { "cls": "Agricultural land", "kh": "ដីកសិកម្ម", "ha": 40385 }, "geometry": { "type": "Polygon", "coordinates": [ [ [ 103.6073, 11.181 ], [ 103.6208, 11.1805 ], [ 103.6242, 11.1795 ], [ 103.6263, 11.1755 ], [ 103.6321, 11.1742 ], [ 103.6348, 11.1752 ], [ 103.638, 11.1821 ], [ 103.6407, 11.1803 ], [ 103.6422, 11.1843 ], [ 103.6454, 11.181 ], [ 103.6519, 11.1811 ], [ 103.6482, 11.174 ], [ 103.6531, 11.1739 ], [ 103.6597, 11.1771 ], [ 103.6542, 11.1848 ], [ 103.6669, 11.191 ], [ 103.6628, 11.1958 ], [ 103.6654, 11.2024 ], [ 103.6594, 11.2039 ], [ 103.6577, 11.2089 ], [ 103.6547, 11.2105 ], [ 103.6429, 11.1989 ], [ 103.6407, 11.2046 ], [ 103.6437, 11.2082 ], [ 103.641, 11.2086 ], [ 103.642, 11.2131 ], [ 103.6354, 11.2127 ], [ 103.6414, 11.2177 ], [ 103.6515, 11.2173 ], [ 103.6551, 11.2218 ], [ 103.6593, 11.2224 ], [ 103.6607, 11.2275 ], [ 103.665, 11.2291 ], [ 103.6638, 11.2354 ], [ 103.6655, 11.2406 ], [ 103.669, 11.2383 ], [ 103.6718, 11.2424 ], [ 103.6789, 11.2438 ], [ 103.6793, 11.2389 ], [ 103.6843, 11.2363 ], [ 103.6837, 11.233 ], [ 103.6771, 11.2351 ], [ 103.6735, 11.2336 ], [ 103.6708, 11.2363 ], [ 103.6704, 11.232 ], [ 103.6817, 11.2273 ], [ 103.6825, 11.2239 ], [ 103.6872, 11.22 ], [ 103.6911, 11.2225 ], [ 103.6937, 11.2211 ], [ 103.6882, 11.214 ], [ 103.6888, 11.21 ], [ 103.697, 11.2078 ], [ 103.6972, 11.1967 ], [ 103.695, 11.1972 ], [ 103.6945, 11.1933 ], [ 103.6918, 11.1964 ], [ 103.6929, 11.1995 ], [ 103.6875, 11.2047 ], [ 103.6866, 11.1868 ], [ 103.6949, 11.1864 ], [ 103.6967, 11.1803 ], [ 103.6993, 11.1833 ], [ 103.6978, 11.1908 ], [ 103.7008, 11.1925 ], [ 103.7038, 11.1877 ], [ 103.7091, 11.1859 ], [ 103.7066, 11.182 ], [ 103.7122, 11.1809 ], [ 103.7135, 11.1773 ], [ 103.7102, 11.1757 ], [ 103.7057, 11.1779 ], [ 103.6984, 11.1698 ], [ 103.7044, 11.1668 ], [ 103.7056, 11.1634 ], [ 103.7106, 11.1627 ], [ 103.7122, 11.1662 ], [ 103.7154, 11.1662 ], [ 103.7145, 11.1605 ], [ 103.717, 11.1607 ], [ 103.7196, 11.1668 ], [ 103.7177, 11.1685 ], [ 103.7184, 11.1716 ], [ 103.7257, 11.1681 ], [ 103.7272, 11.1735 ], [ 103.7329, 11.1722 ], [ 103.7356, 11.1614 ], [ 103.7376, 11.1615 ], [ 103.7379, 11.1655 ], [ 103.7417, 11.1633 ], [ 103.7441, 11.1605 ], [ 103.7441, 11.1543 ], [ 103.7461, 11.1554 ], [ 103.7521, 11.1481 ], [ 103.7448, 11.1497 ], [ 103.7518, 11.1386 ], [ 103.7455, 11.1435 ], [ 103.7435, 11.1388 ], [ 103.741, 11.1382 ], [ 103.7337, 11.1463 ], [ 103.7212, 11.1444 ], [ 103.7164, 11.1497 ], [ 103.7097, 11.1515 ], [ 103.7106, 11.1543 ], [ 103.7049, 11.1544 ], [ 103.7022, 11.151 ], [ 103.7056, 11.1394 ], [ 103.7012, 11.1359 ], [ 103.7007, 11.1443 ], [ 103.6933, 11.1512 ], [ 103.6885, 11.151 ], [ 103.6871, 11.1588 ], [ 103.6848, 11.1594 ], [ 103.6811, 11.1558 ], [ 103.6794, 11.1625 ], [ 103.6734, 11.1588 ], [ 103.6699, 11.1641 ], [ 103.663, 11.1632 ], [ 103.6625, 11.1724 ], [ 103.657, 11.1648 ], [ 103.6597, 11.1572 ], [ 103.6674, 11.1523 ], [ 103.6737, 11.1426 ], [ 103.6774, 11.1435 ], [ 103.6888, 11.1364 ], [ 103.6882, 11.1288 ], [ 103.6911, 11.1255 ], [ 103.6918, 11.1167 ], [ 103.6823, 11.1159 ], [ 103.684, 11.1104 ], [ 103.681, 11.1084 ], [ 103.6758, 11.111 ], [ 103.6795, 11.1302 ], [ 103.6821, 11.1242 ], [ 103.6808, 11.1214 ], [ 103.683, 11.1204 ], [ 103.6873, 11.1239 ], [ 103.6826, 11.1327 ], [ 103.6866, 11.1323 ], [ 103.6827, 11.1391 ], [ 103.6777, 11.1404 ], [ 103.6707, 11.1377 ], [ 103.6707, 11.1431 ], [ 103.6692, 11.1389 ], [ 103.665, 11.1372 ], [ 103.6677, 11.1341 ], [ 103.6639, 11.1308 ], [ 103.664, 11.1254 ], [ 103.661, 11.1246 ], [ 103.6533, 11.1287 ], [ 103.647, 11.1237 ], [ 103.6482, 11.1187 ], [ 103.6459, 11.1168 ], [ 103.643, 11.1187 ], [ 103.6445, 11.128 ], [ 103.6497, 11.131 ], [ 103.6521, 11.1363 ], [ 103.6501, 11.1381 ], [ 103.6473, 11.1529 ], [ 103.6428, 11.152 ], [ 103.645, 11.138 ], [ 103.6413, 11.1378 ], [ 103.6392, 11.1332 ], [ 103.6293, 11.134 ], [ 103.6273, 11.1317 ], [ 103.6248, 11.1359 ], [ 103.6315, 11.1368 ], [ 103.6339, 11.1414 ], [ 103.6279, 11.142 ], [ 103.6282, 11.1459 ], [ 103.6261, 11.1479 ], [ 103.6217, 11.1459 ], [ 103.6213, 11.1433 ], [ 103.6192, 11.1452 ], [ 103.6194, 11.1493 ], [ 103.6222, 11.1514 ], [ 103.6218, 11.1559 ], [ 103.6261, 11.1576 ], [ 103.6259, 11.1592 ], [ 103.6214, 11.1622 ], [ 103.6129, 11.1593 ], [ 103.6123, 11.1658 ], [ 103.6092, 11.1685 ], [ 103.6055, 11.1664 ], [ 103.6082, 11.1701 ], [ 103.607, 11.1728 ], [ 103.6024, 11.1713 ], [ 103.5993, 11.1731 ], [ 103.5999, 11.178 ], [ 103.6073, 11.181 ] ], [ [ 103.6885, 11.2077 ], [ 103.6849, 11.2087 ], [ 103.6814, 11.2136 ], [ 103.681, 11.2086 ], [ 103.6764, 11.213 ], [ 103.6742, 11.2097 ], [ 103.6773, 11.2085 ], [ 103.6765, 11.2034 ], [ 103.6712, 11.199 ], [ 103.6676, 11.1994 ], [ 103.6717, 11.1902 ], [ 103.6749, 11.1903 ], [ 103.6756, 11.1946 ], [ 103.6785, 11.1953 ], [ 103.6768, 11.2014 ], [ 103.6803, 11.2018 ], [ 103.6831, 11.1993 ], [ 103.6847, 11.2044 ], [ 103.6876, 11.2049 ], [ 103.6885, 11.2077 ] ], [ [ 103.6816, 11.1776 ], [ 103.6875, 11.1698 ], [ 103.6956, 11.1697 ], [ 103.697, 11.1757 ], [ 103.6929, 11.1761 ], [ 103.6939, 11.1833 ], [ 103.6857, 11.1829 ], [ 103.6816, 11.1776 ] ], [ [ 103.6516, 11.1529 ], [ 103.6545, 11.149 ], [ 103.6567, 11.1545 ], [ 103.6556, 11.1635 ], [ 103.6523, 11.1608 ], [ 103.6516, 11.1529 ] ], [ [ 103.6293, 11.1566 ], [ 103.6324, 11.1569 ], [ 103.6383, 11.1524 ], [ 103.6401, 11.1581 ], [ 103.6356, 11.1625 ], [ 103.64, 11.1636 ], [ 103.6375, 11.1673 ], [ 103.6328, 11.1649 ], [ 103.6315, 11.162 ], [ 103.6335, 11.1604 ], [ 103.6293, 11.1566 ] ], [ [ 103.673, 11.2242 ], [ 103.6649, 11.2232 ], [ 103.6656, 11.2158 ], [ 103.6671, 11.2188 ], [ 103.6733, 11.2188 ], [ 103.673, 11.2242 ] ], [ [ 103.7244, 11.1549 ], [ 103.7361, 11.1513 ], [ 103.7364, 11.1577 ], [ 103.73, 11.1579 ], [ 103.726, 11.1605 ], [ 103.7273, 11.1646 ], [ 103.7228, 11.1666 ], [ 103.7199, 11.1647 ], [ 103.7218, 11.1621 ], [ 103.7191, 11.1585 ], [ 103.7251, 11.157 ], [ 103.7244, 11.1549 ] ] ] } },
{ "type": "Feature", "properties": { "cls": "Agricultural land", "kh": "ដីកសិកម្ម", "ha": 40385 }, "geometry": { "type": "Polygon", "coordinates": [ [ [ 103.5879, 11.2102 ], [ 103.5814, 11.2159 ], [ 103.5769, 11.2145 ], [ 103.5794, 11.2193 ], [ 103.5833, 11.2203 ], [ 103.585, 11.2179 ], [ 103.5925, 11.2326 ], [ 103.5976, 11.2308 ], [ 103.5972, 11.225 ], [ 103.6018, 11.2319 ], [ 103.6039, 11.2317 ], [ 103.6059, 11.237 ], [ 103.6091, 11.2356 ], [ 103.6069, 11.2316 ], [ 103.6126, 11.2329 ], [ 103.6125, 11.2301 ], [ 103.605, 11.2224 ], [ 103.6058, 11.2162 ], [ 103.6145, 11.2193 ], [ 103.6173, 11.2235 ], [ 103.6225, 11.2235 ], [ 103.6156, 11.2166 ], [ 103.6209, 11.2152 ], [ 103.6233, 11.2123 ], [ 103.6131, 11.2149 ], [ 103.6101, 11.2119 ], [ 103.613, 11.212 ], [ 103.6096, 11.2049 ], [ 103.6095, 11.2106 ], [ 103.6039, 11.2139 ], [ 103.6012, 11.2082 ], [ 103.5982, 11.2069 ], [ 103.6033, 11.2031 ], [ 103.5937, 11.2034 ], [ 103.5902, 11.1989 ], [ 103.5909, 11.2071 ], [ 103.5869, 11.2076 ], [ 103.5879, 11.2102 ] ] ] } },
{ "type": "Feature", "properties": { "cls": "Agricultural land", "kh": "ដីកសិកម្ម", "ha": 40385 }, "geometry": { "type": "Polygon", "coordinates": [ [ [ 103.5755, 11.2397 ], [ 103.5837, 11.2406 ], [ 103.5843, 11.2338 ], [ 103.5748, 11.2357 ], [ 103.5755, 11.2397 ] ] ] } },
{ "type": "Feature", "properties": { "cls": "Agricultural land", "kh": "ដីកសិកម្ម", "ha": 40385 }, "geometry": { "type": "Polygon", "coordinates": [ [ [ 103.601, 11.1043 ], [ 103.6032, 11.1079 ], [ 103.6132, 11.1039 ], [ 103.6137, 11.1099 ], [ 103.6158, 11.1106 ], [ 103.6179, 11.1035 ], [ 103.6153, 11.1006 ], [ 103.6163, 11.0954 ], [ 103.6147, 11.0957 ], [ 103.6134, 11.0911 ], [ 103.6033, 11.0938 ], [ 103.601, 11.1043 ] ] ] } },
{ "type": "Feature", "properties": { "cls": "Agricultural land", "kh": "ដីកសិកម្ម", "ha": 40385 }, "geometry": { "type": "Polygon", "coordinates": [ [ [ 103.69, 10.9659 ], [ 103.693, 10.9667 ], [ 103.6929, 10.9699 ], [ 103.6977, 10.9697 ], [ 103.7025, 10.9737 ], [ 103.6987, 10.9751 ], [ 103.7004, 10.982 ], [ 103.6984, 10.9842 ], [ 103.6891, 10.9731 ], [ 103.6915, 10.9769 ], [ 103.6884, 10.9783 ], [ 103.6902, 10.9816 ], [ 103.689, 10.986 ], [ 103.6828, 10.9905 ], [ 103.6821, 10.9983 ], [ 103.6839, 10.9991 ], [ 103.6821, 11.0027 ], [ 103.6865, 11.0019 ], [ 103.6885, 11.0055 ], [ 103.6912, 11.0056 ], [ 103.6911, 11.0132 ], [ 103.6944, 11.0116 ], [ 103.6965, 11.0059 ], [ 103.7002, 11.0129 ], [ 103.7082, 11.0143 ], [ 103.7101, 11.0197 ], [ 103.708, 11.0206 ], [ 103.7127, 11.0269 ], [ 103.7129, 11.0316 ], [ 103.7187, 11.0289 ], [ 103.7221, 11.0244 ], [ 103.7215, 11.0181 ], [ 103.7252, 11.0177 ], [ 103.725, 11.0156 ], [ 103.7284, 11.0138 ], [ 103.7327, 11.0157 ], [ 103.7337, 11.0197 ], [ 103.7317, 11.0224 ], [ 103.7362, 11.0223 ], [ 103.7356, 11.0169 ], [ 103.7402, 11.0178 ], [ 103.7412, 11.0234 ], [ 103.7435, 11.025 ], [ 103.7424, 11.0276 ], [ 103.7496, 11.0293 ], [ 103.7439, 11.0327 ], [ 103.7478, 11.0376 ], [ 103.7453, 11.0404 ], [ 103.7482, 11.0419 ], [ 103.747, 11.0456 ], [ 103.7527, 11.0421 ], [ 103.754, 11.0333 ], [ 103.7572, 11.0358 ], [ 103.7593, 11.0318 ], [ 103.7689, 11.031 ], [ 103.7768, 11.0208 ], [ 103.7787, 11.0242 ], [ 103.776, 11.0274 ], [ 103.7854, 11.0302 ], [ 103.7884, 11.0423 ], [ 103.7849, 11.0454 ], [ 103.7831, 11.0437 ], [ 103.7806, 11.0483 ], [ 103.7777, 11.0487 ], [ 103.777, 11.0512 ], [ 103.7847, 11.0542 ], [ 103.777, 11.0643 ], [ 103.7796, 11.0632 ], [ 103.7826, 11.065 ], [ 103.7894, 11.0607 ], [ 103.7913, 11.0647 ], [ 103.7868, 11.07 ], [ 103.7884, 11.0781 ], [ 103.7951, 11.0773 ], [ 103.8018, 11.0793 ], [ 103.8041, 11.0645 ], [ 103.8121, 11.0682 ], [ 103.8124, 11.0625 ], [ 103.8046, 11.0587 ], [ 103.8014, 11.0596 ], [ 103.8017, 11.0578 ], [ 103.8037, 11.0531 ], [ 103.8109, 11.0516 ], [ 103.8027, 11.0477 ], [ 103.7969, 11.0476 ], [ 103.7916, 11.0407 ], [ 103.7856, 11.0247 ], [ 103.787, 11.0122 ], [ 103.7838, 11.0014 ], [ 103.7803, 11.0024 ], [ 103.7787, 10.9989 ], [ 103.7758, 10.9992 ], [ 103.7735, 10.9961 ], [ 103.7735, 11.0027 ], [ 103.7707, 11.0053 ], [ 103.7657, 10.9971 ], [ 103.7676, 10.995 ], [ 103.7646, 10.995 ], [ 103.7601, 10.9996 ], [ 103.7568, 10.9981 ], [ 103.7591, 11.0026 ], [ 103.754, 11.0033 ], [ 103.7562, 11.0076 ], [ 103.7528, 11.0102 ], [ 103.7503, 11.0089 ], [ 103.751, 11.0061 ], [ 103.7456, 11.0029 ], [ 103.7517, 10.9982 ], [ 103.7399, 11.0023 ], [ 103.736, 10.9931 ], [ 103.7353, 11.001 ], [ 103.7332, 11.0032 ], [ 103.7343, 11.0055 ], [ 103.732, 11.0045 ], [ 103.7199, 11.0112 ], [ 103.7161, 11.0085 ], [ 103.7169, 11.0037 ], [ 103.7125, 10.998 ], [ 103.7131, 10.9925 ], [ 103.7068, 10.9892 ], [ 103.7033, 10.982 ], [ 103.7037, 10.9795 ], [ 103.7082, 10.9777 ], [ 103.7102, 10.9823 ], [ 103.7195, 10.9817 ], [ 103.7224, 10.9778 ], [ 103.7215, 10.9715 ], [ 103.7152, 10.9754 ], [ 103.7172, 10.9682 ], [ 103.7117, 10.9757 ], [ 103.7081, 10.9755 ], [ 103.7115, 10.9701 ], [ 103.7059, 10.9697 ], [ 103.6976, 10.9644 ], [ 103.6958, 10.9663 ], [ 103.6937, 10.9625 ], [ 103.7014, 10.9508 ], [ 103.6961, 10.952 ], [ 103.6937, 10.9488 ], [ 103.6905, 10.9554 ], [ 103.69, 10.9659 ] ] ] } },
{ "type": "Feature", "properties": { "cls": "Agricultural land", "kh": "ដីកសិកម្ម", "ha": 40385 }, "geometry": { "type": "Polygon", "coordinates": [ [ [ 103.7053, 10.9175 ], [ 103.7083, 10.9254 ], [ 103.7105, 10.9203 ], [ 103.7129, 10.9222 ], [ 103.7122, 10.9275 ], [ 103.7154, 10.9263 ], [ 103.7175, 10.9301 ], [ 103.7159, 10.9338 ], [ 103.7091, 10.9359 ], [ 103.707, 10.9351 ], [ 103.7058, 10.928 ], [ 103.7021, 10.9311 ], [ 103.7059, 10.9378 ], [ 103.7102, 10.9402 ], [ 103.7163, 10.9372 ], [ 103.7265, 10.9433 ], [ 103.7261, 10.9367 ], [ 103.728, 10.9377 ], [ 103.7288, 10.9351 ], [ 103.7313, 10.9372 ], [ 103.7319, 10.9357 ], [ 103.7304, 10.9286 ], [ 103.7258, 10.9226 ], [ 103.7272, 10.9315 ], [ 103.7211, 10.9261 ], [ 103.7174, 10.9257 ], [ 103.7168, 10.9238 ], [ 103.7201, 10.9227 ], [ 103.7189, 10.9181 ], [ 103.7129, 10.9192 ], [ 103.7123, 10.9121 ], [ 103.7073, 10.9107 ], [ 103.7053, 10.9175 ] ] ] } },
{ "type": "Feature", "properties": { "cls": "Agricultural land", "kh": "ដីកសិកម្ម", "ha": 40385 }, "geometry": { "type": "Polygon", "coordinates": [ [ [ 103.7079, 10.9575 ], [ 103.7066, 10.9603 ], [ 103.703, 10.9602 ], [ 103.6991, 10.9565 ], [ 103.696, 10.9602 ], [ 103.7074, 10.9655 ], [ 103.7095, 10.9644 ], [ 103.7115, 10.9701 ], [ 103.7156, 10.963 ], [ 103.7202, 10.9633 ], [ 103.7203, 10.9597 ], [ 103.7131, 10.9561 ], [ 103.7138, 10.9524 ], [ 103.7173, 10.9542 ], [ 103.7222, 10.9504 ], [ 103.7228, 10.9539 ], [ 103.7262, 10.9554 ], [ 103.7238, 10.9599 ], [ 103.7267, 10.9658 ], [ 103.7251, 10.9677 ], [ 103.728, 10.9689 ], [ 103.7308, 10.9666 ], [ 103.7322, 10.9604 ], [ 103.7278, 10.9524 ], [ 103.7227, 10.949 ], [ 103.7214, 10.9436 ], [ 103.7168, 10.9433 ], [ 103.7149, 10.946 ], [ 103.7056, 10.9483 ], [ 103.7095, 10.9517 ], [ 103.7062, 10.9543 ], [ 103.7079, 10.9575 ] ] ] } },
{ "type": "Feature", "properties": { "cls": "Agricultural land", "kh": "ដីកសិកម្ម", "ha": 40385 }, "geometry": { "type": "Polygon", "coordinates": [ [ [ 103.6971, 11.0557 ], [ 103.7026, 11.057 ], [ 103.6996, 11.0589 ], [ 103.7006, 11.0621 ], [ 103.7043, 11.0608 ], [ 103.7069, 11.0555 ], [ 103.7166, 11.0538 ], [ 103.7022, 11.0484 ], [ 103.6971, 11.0557 ] ] ] } },
{ "type": "Feature", "properties": { "cls": "Agricultural land", "kh": "ដីកសិកម្ម", "ha": 40385 }, "geometry": { "type": "Polygon", "coordinates": [ [ [ 103.7167, 11.0784 ], [ 103.7306, 11.0835 ], [ 103.7257, 11.0901 ], [ 103.7248, 11.0994 ], [ 103.7143, 11.097 ], [ 103.7182, 11.1058 ], [ 103.7251, 11.1022 ], [ 103.7238, 11.1079 ], [ 103.7269, 11.1153 ], [ 103.734, 11.121 ], [ 103.7471, 11.1259 ], [ 103.7604, 11.1252 ], [ 103.7697, 11.1348 ], [ 103.7788, 11.1359 ], [ 103.7711, 11.1316 ], [ 103.7759, 11.0965 ], [ 103.7789, 11.096 ], [ 103.7822, 11.0989 ], [ 103.7849, 11.0961 ], [ 103.7848, 11.0988 ], [ 103.7904, 11.1041 ], [ 103.7917, 11.1082 ], [ 103.7875, 11.1112 ], [ 103.7876, 11.1163 ], [ 103.7904, 11.1165 ], [ 103.7915, 11.1204 ], [ 103.7968, 11.1126 ], [ 103.799, 11.1041 ], [ 103.807, 11.0987 ], [ 103.7989, 11.0887 ], [ 103.7987, 11.0858 ], [ 103.8013, 11.0865 ], [ 103.8021, 11.0832 ], [ 103.7961, 11.0809 ], [ 103.7908, 11.084 ], [ 103.7918, 11.087 ], [ 103.7971, 11.0894 ], [ 103.7971, 11.0969 ], [ 103.7934, 11.0914 ], [ 103.7895, 11.09 ], [ 103.7883, 11.084 ], [ 103.7839, 11.0915 ], [ 103.7792, 11.0905 ], [ 103.7807, 11.0835 ], [ 103.7793, 11.0824 ], [ 103.7772, 11.0855 ], [ 103.7756, 11.0839 ], [ 103.7788, 11.079 ], [ 103.7756, 11.0712 ], [ 103.7734, 11.0708 ], [ 103.771, 11.0739 ], [ 103.7703, 11.0668 ], [ 103.767, 11.0658 ], [ 103.7711, 11.0608 ], [ 103.7658, 11.0593 ], [ 103.7581, 11.0633 ], [ 103.75, 11.0489 ], [ 103.747, 11.052 ], [ 103.7524, 11.0632 ], [ 103.751, 11.066 ], [ 103.7541, 11.0657 ], [ 103.7545, 11.0677 ], [ 103.7508, 11.0789 ], [ 103.7571, 11.0793 ], [ 103.7533, 11.0826 ], [ 103.7552, 11.0846 ], [ 103.7542, 11.0882 ], [ 103.7476, 11.0823 ], [ 103.7429, 11.0834 ], [ 103.7488, 11.0856 ], [ 103.7477, 11.0872 ], [ 103.7329, 11.0825 ], [ 103.7318, 11.0776 ], [ 103.7342, 11.075 ], [ 103.7302, 11.0735 ], [ 103.7374, 11.0725 ], [ 103.7369, 11.0691 ], [ 103.7283, 11.072 ], [ 103.7152, 11.0714 ], [ 103.7167, 11.0784 ] ] ] } },
{ "type": "Feature", "properties": { "cls": "Agricultural land", "kh": "ដីកសិកម្ម", "ha": 40385 }, "geometry": { "type": "Polygon", "coordinates": [ [ [ 103.7099, 11.1231 ], [ 103.7082, 11.126 ], [ 103.7048, 11.1256 ], [ 103.7029, 11.1278 ], [ 103.7104, 11.1367 ], [ 103.709, 11.1401 ], [ 103.7141, 11.1385 ], [ 103.719, 11.1424 ], [ 103.7317, 11.134 ], [ 103.7302, 11.127 ], [ 103.7324, 11.1257 ], [ 103.7297, 11.1234 ], [ 103.7268, 11.1261 ], [ 103.7177, 11.1177 ], [ 103.7138, 11.1232 ], [ 103.7237, 11.1325 ], [ 103.7226, 11.1342 ], [ 103.7161, 11.1329 ], [ 103.7149, 11.1356 ], [ 103.7111, 11.1319 ], [ 103.7106, 11.1215 ], [ 103.7024, 11.1139 ], [ 103.7099, 11.1231 ] ] ] } },
{ "type": "Feature", "properties": { "cls": "Agricultural land", "kh": "ដីកសិកម្ម", "ha": 40385 }, "geometry": { "type": "Polygon", "coordinates": [ [ [ 103.7104, 11.2455 ], [ 103.7043, 11.2485 ], [ 103.7056, 11.253 ], [ 103.7138, 11.2545 ], [ 103.7109, 11.2569 ], [ 103.713, 11.2598 ], [ 103.718, 11.2587 ], [ 103.7167, 11.2514 ], [ 103.7273, 11.2479 ], [ 103.7206, 11.2409 ], [ 103.7274, 11.2346 ], [ 103.7248, 11.2322 ], [ 103.7226, 11.2362 ], [ 103.714, 11.2423 ], [ 103.7118, 11.2419 ], [ 103.7104, 11.2455 ] ] ] } },
{ "type": "Feature", "properties": { "cls": "Agricultural land", "kh": "ដីកសិកម្ម", "ha": 40385 }, "geometry": { "type": "Polygon", "coordinates": [ [ [ 103.7431, 10.915 ], [ 103.7501, 10.9195 ], [ 103.7501, 10.9171 ], [ 103.7527, 10.9174 ], [ 103.7543, 10.9148 ], [ 103.7519, 10.9126 ], [ 103.7486, 10.9156 ], [ 103.7449, 10.9097 ], [ 103.741, 10.9103 ], [ 103.738, 10.907 ], [ 103.7337, 10.9086 ], [ 103.7359, 10.9131 ], [ 103.7322, 10.9141 ], [ 103.7319, 10.9163 ], [ 103.7367, 10.9191 ], [ 103.7431, 10.915 ] ] ] } },
{ "type": "Feature", "properties": { "cls": "Agricultural land", "kh": "ដីកសិកម្ម", "ha": 40385 }, "geometry": { "type": "Polygon", "coordinates": [ [ [ 103.7258, 11.2191 ], [ 103.7298, 11.2201 ], [ 103.7374, 11.2161 ], [ 103.7249, 11.2136 ], [ 103.7258, 11.2191 ] ] ] } },
{ "type": "Feature", "properties": { "cls": "Agricultural land", "kh": "ដីកសិកម្ម", "ha": 40385 }, "geometry": { "type": "Polygon", "coordinates": [ [ [ 103.7237, 11.2291 ], [ 103.7275, 11.2302 ], [ 103.7311, 11.2272 ], [ 103.7366, 11.2295 ], [ 103.7387, 11.2269 ], [ 103.7378, 11.2221 ], [ 103.7411, 11.2205 ], [ 103.74, 11.2188 ], [ 103.7337, 11.2189 ], [ 103.7332, 11.222 ], [ 103.7298, 11.222 ], [ 103.7237, 11.2291 ] ] ] } },
{ "type": "Feature", "properties": { "cls": "Agricultural land", "kh": "ដីកសិកម្ម", "ha": 40385 }, "geometry": { "type": "Polygon", "coordinates": [ [ [ 103.745, 10.9078 ], [ 103.7459, 10.9069 ], [ 103.7371, 10.9021 ], [ 103.745, 10.9078 ] ] ] } },
{ "type": "Feature", "properties": { "cls": "Agricultural land", "kh": "ដីកសិកម្ម", "ha": 40385 }, "geometry": { "type": "Polygon", "coordinates": [ [ [ 103.7526, 11.173 ], [ 103.7434, 11.1826 ], [ 103.7426, 11.1863 ], [ 103.7449, 11.1888 ], [ 103.7478, 11.1835 ], [ 103.7507, 11.186 ], [ 103.7554, 11.1841 ], [ 103.7561, 11.1776 ], [ 103.7526, 11.173 ] ] ] } },
{ "type": "Feature", "properties": { "cls": "Agricultural land", "kh": "ដីកសិកម្ម", "ha": 40385 }, "geometry": { "type": "Polygon", "coordinates": [ [ [ 103.7431, 11.2622 ], [ 103.7488, 11.2603 ], [ 103.7475, 11.2665 ], [ 103.7509, 11.2667 ], [ 103.7514, 11.2689 ], [ 103.7493, 11.272 ], [ 103.754, 11.273 ], [ 103.7551, 11.2697 ], [ 103.7535, 11.2641 ], [ 103.7513, 11.2631 ], [ 103.7517, 11.2484 ], [ 103.7496, 11.2427 ], [ 103.7475, 11.2441 ], [ 103.7493, 11.2573 ], [ 103.7449, 11.2538 ], [ 103.7447, 11.2418 ], [ 103.7416, 11.2435 ], [ 103.7431, 11.2622 ] ] ] } },
{ "type": "Feature", "properties": { "cls": "Agricultural land", "kh": "ដីកសិកម្ម", "ha": 40385 }, "geometry": { "type": "Polygon", "coordinates": [ [ [ 103.7698, 11.2793 ], [ 103.7726, 11.2674 ], [ 103.7671, 11.2696 ], [ 103.7665, 11.2742 ], [ 103.7643, 11.2749 ], [ 103.7619, 11.2714 ], [ 103.7577, 11.2733 ], [ 103.7547, 11.2774 ], [ 103.7563, 11.2894 ], [ 103.7591, 11.278 ], [ 103.7641, 11.2757 ], [ 103.7698, 11.2793 ] ] ] } },
{ "type": "Feature", "properties": { "cls": "Agricultural land", "kh": "ដីកសិកម្ម", "ha": 40385 }, "geometry": { "type": "Polygon", "coordinates": [ [ [ 103.7449, 11.2974 ], [ 103.7485, 11.2947 ], [ 103.7494, 11.2982 ], [ 103.7541, 11.2973 ], [ 103.7505, 11.2937 ], [ 103.7526, 11.2859 ], [ 103.7502, 11.2911 ], [ 103.7462, 11.2875 ], [ 103.7449, 11.2974 ] ] ] } },
{ "type": "Feature", "properties": { "cls": "Agricultural land", "kh": "ដីកសិកម្ម", "ha": 40385 }, "geometry": { "type": "Polygon", "coordinates": [ [ [ 103.7704, 10.9355 ], [ 103.774, 10.9457 ], [ 103.7804, 10.9464 ], [ 103.7797, 10.9516 ], [ 103.7822, 10.9556 ], [ 103.7848, 10.9554 ], [ 103.7849, 10.9589 ], [ 103.7886, 10.9589 ], [ 103.7884, 10.9648 ], [ 103.7825, 10.9732 ], [ 103.7854, 10.9771 ], [ 103.7838, 10.9791 ], [ 103.7907, 10.9834 ], [ 103.7772, 10.9873 ], [ 103.7769, 10.9899 ], [ 103.7814, 10.9886 ], [ 103.7838, 10.9921 ], [ 103.7859, 10.9889 ], [ 103.7894, 10.9888 ], [ 103.7921, 10.9918 ], [ 103.7911, 10.9963 ], [ 103.792, 10.994 ], [ 103.7936, 10.9803 ], [ 103.7906, 10.9559 ], [ 103.7959, 10.9388 ], [ 103.7892, 10.9376 ], [ 103.7889, 10.9352 ], [ 103.787, 10.9392 ], [ 103.7834, 10.9372 ], [ 103.785, 10.9348 ], [ 103.7804, 10.9365 ], [ 103.7704, 10.9355 ] ] ] } },
{ "type": "Feature", "properties": { "cls": "Agricultural land", "kh": "ដីកសិកម្ម", "ha": 40385 }, "geometry": { "type": "Polygon", "coordinates": [ [ [ 103.7714, 11.1514 ], [ 103.767, 11.1573 ], [ 103.7675, 11.1639 ], [ 103.784, 11.1518 ], [ 103.7839, 11.1466 ], [ 103.7793, 11.1496 ], [ 103.7771, 11.1487 ], [ 103.7754, 11.141 ], [ 103.7745, 11.1535 ], [ 103.7714, 11.1514 ] ] ] } },
{ "type": "Feature", "properties": { "cls": "Agricultural land", "kh": "ដីកសិកម្ម", "ha": 40385 }, "geometry": { "type": "Polygon", "coordinates": [ [ [ 103.7847, 11.2134 ], [ 103.7917, 11.2191 ], [ 103.7965, 11.2174 ], [ 103.7981, 11.2236 ], [ 103.8, 11.2227 ], [ 103.8019, 11.2261 ], [ 103.8054, 11.2242 ], [ 103.8036, 11.2174 ], [ 103.8005, 11.2164 ], [ 103.7976, 11.21 ], [ 103.7901, 11.2125 ], [ 103.7888, 11.2068 ], [ 103.7843, 11.2104 ], [ 103.7847, 11.2134 ] ] ] } },
{ "type": "Feature", "properties": { "cls": "Agricultural land", "kh": "ដីកសិកម្ម", "ha": 40385 }, "geometry": { "type": "Polygon", "coordinates": [ [ [ 103.8086, 11.1737 ], [ 103.8021, 11.1787 ], [ 103.8052, 11.1823 ], [ 103.8065, 11.1791 ], [ 103.8134, 11.1786 ], [ 103.818, 11.1807 ], [ 103.82, 11.1855 ], [ 103.8295, 11.1909 ], [ 103.8275, 11.1843 ], [ 103.823, 11.1843 ], [ 103.8198, 11.1782 ], [ 103.8086, 11.1737 ] ] ] } },
{ "type": "Feature", "properties": { "cls": "Agricultural land", "kh": "ដីកសិកម្ម", "ha": 40385 }, "geometry": { "type": "Polygon", "coordinates": [ [ [ 103.9685, 11.4404 ], [ 103.9669, 11.4519 ], [ 103.9605, 11.4642 ], [ 103.9596, 11.4719 ], [ 103.9535, 11.487 ], [ 103.9563, 11.5086 ], [ 103.9578, 11.5038 ], [ 103.9652, 11.5036 ], [ 103.9621, 11.4944 ], [ 103.9717, 11.4984 ], [ 103.973, 11.4867 ], [ 103.9795, 11.486 ], [ 103.9846, 11.4881 ], [ 103.9862, 11.4841 ], [ 103.993, 11.4831 ], [ 103.9948, 11.4791 ], [ 103.994, 11.4751 ], [ 103.9858, 11.4719 ], [ 103.9846, 11.463 ], [ 103.9766, 11.4551 ], [ 103.9774, 11.4343 ], [ 103.9669, 11.4373 ], [ 103.9685, 11.4404 ] ], [ [ 103.9736, 11.4693 ], [ 103.9731, 11.4725 ], [ 103.9659, 11.4694 ], [ 103.9662, 11.4651 ], [ 103.9695, 11.4609 ], [ 103.9736, 11.4693 ] ] ] } },
{ "type": "Feature", "properties": { "cls": "Agricultural land", "kh": "ដីកសិកម្ម", "ha": 40385 }, "geometry": { "type": "Polygon", "coordinates": [ [ [ 103.9557, 11.5166 ], [ 103.9653, 11.5218 ], [ 103.9638, 11.5168 ], [ 103.9567, 11.5103 ], [ 103.9557, 11.5166 ] ] ] } },
{ "type": "Feature", "properties": { "cls": "Baren land", "kh": "ដីទំនេរ", "ha": 25388 }, "geometry": { "type": "Polygon", "coordinates": [ [ [ 102.9489, 11.5692 ], [ 102.9416, 11.587 ], [ 102.9356, 11.5907 ], [ 102.942, 11.5901 ], [ 102.9442, 11.5876 ], [ 102.9506, 11.569 ], [ 102.9489, 11.5692 ] ] ] } },
{ "type": "Feature", "properties": { "cls": "Baren land", "kh": "ដីទំនេរ", "ha": 25388 }, "geometry": { "type": "Polygon", "coordinates": [ [ [ 102.9506, 11.5749 ], [ 102.9532, 11.5742 ], [ 102.9555, 11.5721 ], [ 102.9537, 11.5709 ], [ 102.9506, 11.5749 ] ] ] } },
{ "type": "Feature", "properties": { "cls": "Baren land", "kh": "ដីទំនេរ", "ha": 25388 }, "geometry": { "type": "Polygon", "coordinates": [ [ [ 102.9556, 11.5722 ], [ 102.9596, 11.5809 ], [ 102.9601, 11.582 ], [ 102.9582, 11.5732 ], [ 102.9556, 11.5722 ] ] ] } },
{ "type": "Feature", "properties": { "cls": "Baren land", "kh": "ដីទំនេរ", "ha": 25388 }, "geometry": { "type": "Polygon", "coordinates": [ [ [ 102.9834, 11.5776 ], [ 102.9824, 11.5971 ], [ 102.9775, 11.6032 ], [ 102.9805, 11.6073 ], [ 102.984, 11.5997 ], [ 102.9895, 11.5956 ], [ 102.9899, 11.5983 ], [ 102.984, 11.6054 ], [ 102.9884, 11.6019 ], [ 102.9878, 11.6129 ], [ 102.9913, 11.6189 ], [ 102.999, 11.6164 ], [ 103.0032, 11.6174 ], [ 103.0074, 11.6227 ], [ 103.0165, 11.6179 ], [ 103.0256, 11.6231 ], [ 103.0295, 11.6214 ], [ 103.0299, 11.6182 ], [ 103.0252, 11.6166 ], [ 103.0219, 11.608 ], [ 103.0188, 11.6088 ], [ 103.0116, 11.6177 ], [ 103.0081, 11.618 ], [ 103.0083, 11.6142 ], [ 103.0045, 11.6137 ], [ 103.021, 11.603 ], [ 103.0208, 11.5992 ], [ 103.0187, 11.5982 ], [ 103.0106, 11.606 ], [ 103.0072, 11.6068 ], [ 103.0136, 11.5978 ], [ 103.0098, 11.5981 ], [ 103.0059, 11.595 ], [ 103.0154, 11.5833 ], [ 103.019, 11.5832 ], [ 103.0204, 11.5718 ], [ 103.0154, 11.5748 ], [ 103.0133, 11.5732 ], [ 103.0095, 11.5746 ], [ 103.0051, 11.5809 ], [ 103.0, 11.5749 ], [ 102.9959, 11.5806 ], [ 102.9918, 11.5815 ], [ 102.9881, 11.5727 ], [ 102.9834, 11.5776 ] ] ] } },
{ "type": "Feature", "properties": { "cls": "Baren land", "kh": "ដីទំនេរ", "ha": 25388 }, "geometry": { "type": "Polygon", "coordinates": [ [ [ 102.9515, 11.6054 ], [ 102.9438, 11.6241 ], [ 102.9358, 11.6284 ], [ 102.9392, 11.6326 ], [ 102.938, 11.6358 ], [ 102.9471, 11.6261 ], [ 102.948, 11.6305 ], [ 102.9453, 11.6377 ], [ 102.9335, 11.6424 ], [ 102.9241, 11.643 ], [ 102.9234, 11.6456 ], [ 102.9346, 11.6455 ], [ 102.9341, 11.6481 ], [ 102.9362, 11.6489 ], [ 102.9398, 11.6466 ], [ 102.9375, 11.6447 ], [ 102.9384, 11.642 ], [ 102.9424, 11.643 ], [ 102.9432, 11.6392 ], [ 102.9449, 11.6422 ], [ 102.9529, 11.6342 ], [ 102.9559, 11.6266 ], [ 102.9577, 11.6287 ], [ 102.9594, 11.6273 ], [ 102.9628, 11.6137 ], [ 102.9602, 11.6124 ], [ 102.9537, 11.6146 ], [ 102.9606, 11.6093 ], [ 102.9587, 11.6049 ], [ 102.9515, 11.6054 ] ] ] } },
{ "type": "Feature", "properties": { "cls": "Baren land", "kh": "ដីទំនេរ", "ha": 25388 }, "geometry": { "type": "Polygon", "coordinates": [ [ [ 102.9575, 11.6331 ], [ 102.9579, 11.6366 ], [ 102.9705, 11.6271 ], [ 102.973, 11.6193 ], [ 102.9672, 11.6188 ], [ 102.9637, 11.6207 ], [ 102.9575, 11.6331 ] ] ] } },
{ "type": "Feature", "properties": { "cls": "Baren land", "kh": "ដីទំនេរ", "ha": 25388 }, "geometry": { "type": "Polygon", "coordinates": [ [ [ 102.9181, 11.6369 ], [ 102.9109, 11.6491 ], [ 102.9116, 11.6495 ], [ 102.9181, 11.6369 ] ] ] } },
{ "type": "Feature", "properties": { "cls": "Baren land", "kh": "ដីទំនេរ", "ha": 25388 }, "geometry": { "type": "Polygon", "coordinates": [ [ [ 102.9, 11.7815 ], [ 102.8984, 11.7768 ], [ 102.8964, 11.7795 ], [ 102.901, 11.7861 ], [ 102.9081, 11.7863 ], [ 102.9115, 11.7837 ], [ 102.9051, 11.7764 ], [ 102.9017, 11.7769 ], [ 102.9035, 11.7814 ], [ 102.9, 11.7815 ] ] ] } },
{ "type": "Feature", "properties": { "cls": "Baren land", "kh": "ដីទំនេរ", "ha": 25388 }, "geometry": { "type": "Polygon", "coordinates": [ [ [ 102.9668, 11.785 ], [ 102.9724, 11.7808 ], [ 102.968, 11.7816 ], [ 102.9638, 11.7863 ], [ 102.9679, 11.7885 ], [ 102.9668, 11.785 ] ] ] } },
{ "type": "Feature", "properties": { "cls": "Baren land", "kh": "ដីទំនេរ", "ha": 25388 }, "geometry": { "type": "Polygon", "coordinates": [ [ [ 102.8467, 11.8409 ], [ 102.8382, 11.8523 ], [ 102.842, 11.8557 ], [ 102.8422, 11.859 ], [ 102.845, 11.8591 ], [ 102.848, 11.8635 ], [ 102.8489, 11.8588 ], [ 102.8454, 11.8528 ], [ 102.8517, 11.8446 ], [ 102.85, 11.8395 ], [ 102.8467, 11.8409 ] ] ] } },
{ "type": "Feature", "properties": { "cls": "Baren land", "kh": "ដីទំនេរ", "ha": 25388 }, "geometry": { "type": "Polygon", "coordinates": [ [ [ 103.0654, 11.2542 ], [ 103.0664, 11.2578 ], [ 103.0737, 11.2389 ], [ 103.0713, 11.24 ], [ 103.0654, 11.2542 ] ] ] } },
{ "type": "Feature", "properties": { "cls": "Baren land", "kh": "ដីទំនេរ", "ha": 25388 }, "geometry": { "type": "Polygon", "coordinates": [ [ [ 103.0172, 11.4237 ], [ 103.013, 11.4268 ], [ 103.0125, 11.4312 ], [ 103.0168, 11.4321 ], [ 103.0172, 11.4237 ] ] ] } },
{ "type": "Feature", "properties": { "cls": "Baren land", "kh": "ដីទំនេរ", "ha": 25388 }, "geometry": { "type": "Polygon", "coordinates": [ [ [ 103.0149, 11.4413 ], [ 103.0143, 11.4495 ], [ 103.0166, 11.4501 ], [ 103.0178, 11.4453 ], [ 103.0149, 11.4413 ] ] ] } },
{ "type": "Feature", "properties": { "cls": "Baren land", "kh": "ដីទំនេរ", "ha": 25388 }, "geometry": { "type": "Polygon", "coordinates": [ [ [ 103.0136, 11.4558 ], [ 103.0127, 11.4649 ], [ 103.014, 11.4658 ], [ 103.0169, 11.4629 ], [ 103.0174, 11.4577 ], [ 103.0136, 11.4558 ] ] ] } },
{ "type": "Feature", "properties": { "cls": "Baren land", "kh": "ដីទំនេរ", "ha": 25388 }, "geometry": { "type": "Polygon", "coordinates": [ [ [ 103.0496, 11.4569 ], [ 103.0499, 11.4603 ], [ 103.0556, 11.4615 ], [ 103.0556, 11.4598 ], [ 103.0496, 11.4569 ] ] ] } },
{ "type": "Feature", "properties": { "cls": "Baren land", "kh": "ដីទំនេរ", "ha": 25388 }, "geometry": { "type": "Polygon", "coordinates": [ [ [ 103.0548, 11.5617 ], [ 103.0451, 11.5785 ], [ 103.0453, 11.5799 ], [ 103.048, 11.5778 ], [ 103.0513, 11.5723 ], [ 103.05, 11.582 ], [ 103.0611, 11.5641 ], [ 103.0576, 11.5643 ], [ 103.0548, 11.5617 ] ] ] } },
{ "type": "Feature", "properties": { "cls": "Baren land", "kh": "ដីទំនេរ", "ha": 25388 }, "geometry": { "type": "Polygon", "coordinates": [ [ [ 103.0557, 11.6687 ], [ 103.0472, 11.6713 ], [ 103.0461, 11.6691 ], [ 103.0437, 11.671 ], [ 103.0389, 11.6682 ], [ 103.0412, 11.6715 ], [ 103.034, 11.672 ], [ 103.0338, 11.6769 ], [ 103.0378, 11.6744 ], [ 103.042, 11.677 ], [ 103.0461, 11.6733 ], [ 103.0497, 11.6754 ], [ 103.0557, 11.6687 ] ] ] } },
{ "type": "Feature", "properties": { "cls": "Baren land", "kh": "ដីទំនេរ", "ha": 25388 }, "geometry": { "type": "Polygon", "coordinates": [ [ [ 103.0648, 11.8808 ], [ 103.0586, 11.8834 ], [ 103.0626, 11.8905 ], [ 103.073, 11.8914 ], [ 103.0737, 11.8768 ], [ 103.0687, 11.8754 ], [ 103.0679, 11.871 ], [ 103.0641, 11.8716 ], [ 103.0648, 11.8808 ] ] ] } },
{ "type": "Feature", "properties": { "cls": "Baren land", "kh": "ដីទំនេរ", "ha": 25388 }, "geometry": { "type": "Polygon", "coordinates": [ [ [ 103.0994, 10.9179 ], [ 103.096, 10.9365 ], [ 103.1014, 10.9187 ], [ 103.1204, 10.9082 ], [ 103.1272, 10.9016 ], [ 103.1274, 10.8982 ], [ 103.1354, 10.8992 ], [ 103.1354, 10.8973 ], [ 103.1305, 10.8948 ], [ 103.132, 10.8914 ], [ 103.1329, 10.8853 ], [ 103.1315, 10.8794 ], [ 103.1323, 10.8878 ], [ 103.1283, 10.897 ], [ 103.1153, 10.9092 ], [ 103.0994, 10.9179 ] ] ] } },
{ "type": "Feature", "properties": { "cls": "Baren land", "kh": "ដីទំនេរ", "ha": 25388 }, "geometry": { "type": "Polygon", "coordinates": [ [ [ 103.0786, 10.943 ], [ 103.0807, 10.9431 ], [ 103.0797, 10.94 ], [ 103.0756, 10.9382 ], [ 103.0786, 10.943 ] ] ] } },
{ "type": "Feature", "properties": { "cls": "Baren land", "kh": "ដីទំនេរ", "ha": 25388 }, "geometry": { "type": "Polygon", "coordinates": [ [ [ 103.0971, 10.9404 ], [ 103.0978, 10.9462 ], [ 103.1058, 10.9456 ], [ 103.1001, 10.9403 ], [ 103.0971, 10.9404 ] ] ] } },
{ "type": "Feature", "properties": { "cls": "Baren land", "kh": "ដីទំនេរ", "ha": 25388 }, "geometry": { "type": "Polygon", "coordinates": [ [ [ 103.1049, 11.028 ], [ 103.097, 11.0575 ], [ 103.1012, 11.0491 ], [ 103.1019, 11.0516 ], [ 103.105, 11.0474 ], [ 103.1025, 11.0416 ], [ 103.106, 11.041 ], [ 103.1034, 11.0379 ], [ 103.1049, 11.028 ] ] ] } },
{ "type": "Feature", "properties": { "cls": "Baren land", "kh": "ដីទំនេរ", "ha": 25388 }, "geometry": { "type": "Polygon", "coordinates": [ [ [ 103.0986, 11.0587 ], [ 103.0986, 11.0744 ], [ 103.1016, 11.0756 ], [ 103.1014, 11.0634 ], [ 103.0986, 11.0587 ] ] ] } },
{ "type": "Feature", "properties": { "cls": "Baren land", "kh": "ដីទំនេរ", "ha": 25388 }, "geometry": { "type": "Polygon", "coordinates": [ [ [ 103.0984, 11.2 ], [ 103.0982, 11.2078 ], [ 103.0957, 11.2079 ], [ 103.0955, 11.2111 ], [ 103.0929, 11.2114 ], [ 103.0862, 11.2207 ], [ 103.0949, 11.2175 ], [ 103.096, 11.2132 ], [ 103.1019, 11.2096 ], [ 103.1172, 11.1802 ], [ 103.1208, 11.1795 ], [ 103.1242, 11.1719 ], [ 103.1191, 11.1702 ], [ 103.1221, 11.1663 ], [ 103.1175, 11.1661 ], [ 103.1178, 11.1521 ], [ 103.1163, 11.152 ], [ 103.1149, 11.1616 ], [ 103.1165, 11.1611 ], [ 103.1132, 11.1747 ], [ 103.1073, 11.1799 ], [ 103.1051, 11.193 ], [ 103.1007, 11.2017 ], [ 103.0984, 11.2 ] ] ] } },
{ "type": "Feature", "properties": { "cls": "Baren land", "kh": "ដីទំនេរ", "ha": 25388 }, "geometry": { "type": "Polygon", "coordinates": [ [ [ 103.0695, 11.5244 ], [ 103.064, 11.534 ], [ 103.0667, 11.5363 ], [ 103.0712, 11.5286 ], [ 103.0695, 11.5244 ] ] ] } },
{ "type": "Feature", "properties": { "cls": "Baren land", "kh": "ដីទំនេរ", "ha": 25388 }, "geometry": { "type": "Polygon", "coordinates": [ [ [ 103.0945, 11.6143 ], [ 103.0923, 11.6187 ], [ 103.0959, 11.6204 ], [ 103.0992, 11.6191 ], [ 103.0999, 11.6158 ], [ 103.0945, 11.6143 ] ] ] } },
{ "type": "Feature", "properties": { "cls": "Baren land", "kh": "ដីទំនេរ", "ha": 25388 }, "geometry": { "type": "Polygon", "coordinates": [ [ [ 103.0859, 11.6327 ], [ 103.0775, 11.6353 ], [ 103.0811, 11.6418 ], [ 103.0832, 11.637 ], [ 103.0901, 11.6395 ], [ 103.0888, 11.6345 ], [ 103.0859, 11.6327 ] ] ] } },
{ "type": "Feature", "properties": { "cls": "Baren land", "kh": "ដីទំនេរ", "ha": 25388 }, "geometry": { "type": "Polygon", "coordinates": [ [ [ 103.0873, 11.6436 ], [ 103.0874, 11.6468 ], [ 103.0844, 11.6468 ], [ 103.0863, 11.6515 ], [ 103.092, 11.6473 ], [ 103.091, 11.6431 ], [ 103.0873, 11.6436 ] ] ] } },
{ "type": "Feature", "properties": { "cls": "Baren land", "kh": "ដីទំនេរ", "ha": 25388 }, "geometry": { "type": "Polygon", "coordinates": [ [ [ 103.0884, 11.6524 ], [ 103.0864, 11.6559 ], [ 103.091, 11.6582 ], [ 103.0958, 11.6534 ], [ 103.0926, 11.6511 ], [ 103.0884, 11.6524 ] ] ] } },
{ "type": "Feature", "properties": { "cls": "Baren land", "kh": "ដីទំនេរ", "ha": 25388 }, "geometry": { "type": "Polygon", "coordinates": [ [ [ 103.1073, 10.9278 ], [ 103.1149, 10.9205 ], [ 103.1142, 10.9191 ], [ 103.11, 10.9192 ], [ 103.1067, 10.922 ], [ 103.1054, 10.9269 ], [ 103.1073, 10.9278 ] ] ] } },
{ "type": "Feature", "properties": { "cls": "Baren land", "kh": "ដីទំនេរ", "ha": 25388 }, "geometry": { "type": "Polygon", "coordinates": [ [ [ 103.1084, 10.9644 ], [ 103.109, 10.995 ], [ 103.1071, 11.0208 ], [ 103.1105, 10.997 ], [ 103.1104, 10.9731 ], [ 103.1125, 10.9688 ], [ 103.1084, 10.9644 ] ] ] } },
{ "type": "Feature", "properties": { "cls": "Baren land", "kh": "ដីទំនេរ", "ha": 25388 }, "geometry": { "type": "Polygon", "coordinates": [ [ [ 103.1135, 10.9926 ], [ 103.121, 10.9902 ], [ 103.1204, 10.9861 ], [ 103.1148, 10.9884 ], [ 103.1135, 10.9926 ] ] ] } },
{ "type": "Feature", "properties": { "cls": "Baren land", "kh": "ដីទំនេរ", "ha": 25388 }, "geometry": { "type": "Polygon", "coordinates": [ [ [ 103.1042, 11.0784 ], [ 103.1103, 11.0864 ], [ 103.1109, 11.0914 ], [ 103.1111, 11.0878 ], [ 103.1088, 11.0817 ], [ 103.1042, 11.0784 ] ] ] } },
{ "type": "Feature", "properties": { "cls": "Baren land", "kh": "ដីទំនេរ", "ha": 25388 }, "geometry": { "type": "Polygon", "coordinates": [ [ [ 103.1115, 11.1485 ], [ 103.1074, 11.1525 ], [ 103.1045, 11.162 ], [ 103.1088, 11.1528 ], [ 103.1135, 11.1513 ], [ 103.1115, 11.1485 ] ] ] } },
{ "type": "Feature", "properties": { "cls": "Baren land", "kh": "ដីទំនេរ", "ha": 25388 }, "geometry": { "type": "Polygon", "coordinates": [ [ [ 103.1085, 11.7864 ], [ 103.108, 11.7921 ], [ 103.1124, 11.7903 ], [ 103.1147, 11.7945 ], [ 103.1259, 11.7886 ], [ 103.1281, 11.7911 ], [ 103.1364, 11.7901 ], [ 103.136, 11.7942 ], [ 103.1391, 11.7939 ], [ 103.1349, 11.7849 ], [ 103.1328, 11.7865 ], [ 103.1316, 11.7828 ], [ 103.1278, 11.7815 ], [ 103.1236, 11.7814 ], [ 103.1118, 11.7876 ], [ 103.1085, 11.7864 ] ] ] } },
{ "type": "Feature", "properties": { "cls": "Baren land", "kh": "ដីទំនេរ", "ha": 25388 }, "geometry": { "type": "Polygon", "coordinates": [ [ [ 103.1304, 10.9027 ], [ 103.1272, 10.907 ], [ 103.1185, 10.9109 ], [ 103.1146, 10.9156 ], [ 103.1228, 10.9146 ], [ 103.1304, 10.9027 ] ] ] } },
{ "type": "Feature", "properties": { "cls": "Baren land", "kh": "ដីទំនេរ", "ha": 25388 }, "geometry": { "type": "Polygon", "coordinates": [ [ [ 103.1248, 11.0111 ], [ 103.1218, 11.002 ], [ 103.1183, 10.9984 ], [ 103.1175, 11.0085 ], [ 103.1248, 11.0111 ] ] ] } },
{ "type": "Feature", "properties": { "cls": "Baren land", "kh": "ដីទំនេរ", "ha": 25388 }, "geometry": { "type": "Polygon", "coordinates": [ [ [ 103.1171, 11.0882 ], [ 103.1239, 11.0892 ], [ 103.1249, 11.0843 ], [ 103.1184, 11.0791 ], [ 103.1192, 11.0858 ], [ 103.1171, 11.0882 ] ] ] } },
{ "type": "Feature", "properties": { "cls": "Baren land", "kh": "ដីទំនេរ", "ha": 25388 }, "geometry": { "type": "Polygon", "coordinates": [ [ [ 103.125, 11.1091 ], [ 103.1205, 11.1345 ], [ 103.1206, 11.1418 ], [ 103.1261, 11.1278 ], [ 103.125, 11.1091 ] ] ] } },
{ "type": "Feature", "properties": { "cls": "Baren land", "kh": "ដីទំនេរ", "ha": 25388 }, "geometry": { "type": "Polygon", "coordinates": [ [ [ 103.1308, 11.1806 ], [ 103.13, 11.1837 ], [ 103.1336, 11.1843 ], [ 103.1335, 11.1871 ], [ 103.1294, 11.1888 ], [ 103.1282, 11.1875 ], [ 103.1254, 11.19 ], [ 103.1259, 11.1994 ], [ 103.1339, 11.1887 ], [ 103.1373, 11.1876 ], [ 103.1355, 11.1787 ], [ 103.1308, 11.1806 ] ] ] } },
{ "type": "Feature", "properties": { "cls": "Baren land", "kh": "ដីទំនេរ", "ha": 25388 }, "geometry": { "type": "Polygon", "coordinates": [ [ [ 103.1165, 11.3039 ], [ 103.1254, 11.3087 ], [ 103.1319, 11.3084 ], [ 103.1311, 11.3043 ], [ 103.125, 11.306 ], [ 103.1176, 11.3023 ], [ 103.1165, 11.3039 ] ] ] } },
{ "type": "Feature", "properties": { "cls": "Baren land", "kh": "ដីទំនេរ", "ha": 25388 }, "geometry": { "type": "Polygon", "coordinates": [ [ [ 103.1076, 11.6443 ], [ 103.1122, 11.6497 ], [ 103.1115, 11.6539 ], [ 103.1171, 11.6549 ], [ 103.1174, 11.6587 ], [ 103.1199, 11.6604 ], [ 103.1195, 11.6554 ], [ 103.114, 11.6481 ], [ 103.1151, 11.6454 ], [ 103.1076, 11.6443 ] ] ] } },
{ "type": "Feature", "properties": { "cls": "Baren land", "kh": "ដីទំនេរ", "ha": 25388 }, "geometry": { "type": "Polygon", "coordinates": [ [ [ 103.1208, 11.6604 ], [ 103.1196, 11.6636 ], [ 103.1263, 11.668 ], [ 103.1229, 11.674 ], [ 103.1254, 11.6769 ], [ 103.1272, 11.6752 ], [ 103.1258, 11.6717 ], [ 103.1292, 11.6701 ], [ 103.1292, 11.6679 ], [ 103.1278, 11.6651 ], [ 103.1241, 11.6654 ], [ 103.1239, 11.6606 ], [ 103.1208, 11.6604 ] ] ] } },
{ "type": "Feature", "properties": { "cls": "Baren land", "kh": "ដីទំនេរ", "ha": 25388 }, "geometry": { "type": "Polygon", "coordinates": [ [ [ 103.1728, 10.8601 ], [ 103.1679, 10.8659 ], [ 103.1654, 10.8672 ], [ 103.1699, 10.8653 ], [ 103.1728, 10.8601 ] ] ] } },
{ "type": "Feature", "properties": { "cls": "Baren land", "kh": "ដីទំនេរ", "ha": 25388 }, "geometry": { "type": "Polygon", "coordinates": [ [ [ 103.1629, 10.8711 ], [ 103.1541, 10.8747 ], [ 103.1584, 10.8748 ], [ 103.1629, 10.8711 ] ] ] } },
{ "type": "Feature", "properties": { "cls": "Baren land", "kh": "ដីទំនេរ", "ha": 25388 }, "geometry": { "type": "Polygon", "coordinates": [ [ [ 103.2061, 10.9974 ], [ 103.2083, 11.0008 ], [ 103.2021, 11.0008 ], [ 103.2017, 11.0024 ], [ 103.2124, 11.0093 ], [ 103.2133, 10.9953 ], [ 103.2116, 10.9942 ], [ 103.2061, 10.9974 ] ] ] } },
{ "type": "Feature", "properties": { "cls": "Baren land", "kh": "ដីទំនេរ", "ha": 25388 }, "geometry": { "type": "Polygon", "coordinates": [ [ [ 103.1427, 11.1575 ], [ 103.1407, 11.1578 ], [ 103.139, 11.17 ], [ 103.1413, 11.1741 ], [ 103.1437, 11.1664 ], [ 103.1442, 11.169 ], [ 103.1465, 11.1681 ], [ 103.1492, 11.1707 ], [ 103.1513, 11.1667 ], [ 103.1531, 11.1677 ], [ 103.1557, 11.1646 ], [ 103.1551, 11.1587 ], [ 103.1581, 11.153 ], [ 103.1538, 11.1519 ], [ 103.1508, 11.1543 ], [ 103.1474, 11.1465 ], [ 103.1428, 11.1511 ], [ 103.1427, 11.1575 ] ] ] } },
{ "type": "Feature", "properties": { "cls": "Baren land", "kh": "ដីទំនេរ", "ha": 25388 }, "geometry": { "type": "Polygon", "coordinates": [ [ [ 103.2006, 11.1586 ], [ 103.2082, 11.1624 ], [ 103.2124, 11.1549 ], [ 103.211, 11.1539 ], [ 103.2006, 11.1586 ] ] ] } },
{ "type": "Feature", "properties": { "cls": "Baren land", "kh": "ដីទំនេរ", "ha": 25388 }, "geometry": { "type": "Polygon", "coordinates": [ [ [ 103.1613, 11.2036 ], [ 103.1651, 11.1966 ], [ 103.1571, 11.1989 ], [ 103.1613, 11.2036 ] ] ] } },
{ "type": "Feature", "properties": { "cls": "Baren land", "kh": "ដីទំនេរ", "ha": 25388 }, "geometry": { "type": "Polygon", "coordinates": [ [ [ 103.1499, 11.2155 ], [ 103.1511, 11.213 ], [ 103.148, 11.2105 ], [ 103.1581, 11.2069 ], [ 103.1563, 11.201 ], [ 103.1398, 11.2096 ], [ 103.1385, 11.2121 ], [ 103.1449, 11.2128 ], [ 103.143, 11.2185 ], [ 103.1469, 11.2152 ], [ 103.1499, 11.2155 ] ] ] } },
{ "type": "Feature", "properties": { "cls": "Baren land", "kh": "ដីទំនេរ", "ha": 25388 }, "geometry": { "type": "Polygon", "coordinates": [ [ [ 103.1651, 11.3889 ], [ 103.1693, 11.3919 ], [ 103.168, 11.4026 ], [ 103.179, 11.4004 ], [ 103.1802, 11.3922 ], [ 103.1755, 11.3888 ], [ 103.1703, 11.3899 ], [ 103.166, 11.3855 ], [ 103.1651, 11.3889 ] ] ] } },
{ "type": "Feature", "properties": { "cls": "Baren land", "kh": "ដីទំនេរ", "ha": 25388 }, "geometry": { "type": "Polygon", "coordinates": [ [ [ 103.2002, 11.4069 ], [ 103.1883, 11.4134 ], [ 103.1836, 11.4184 ], [ 103.1868, 11.4185 ], [ 103.1945, 11.4116 ], [ 103.1999, 11.4129 ], [ 103.2002, 11.4069 ] ] ] } },
{ "type": "Feature", "properties": { "cls": "Baren land", "kh": "ដីទំនេរ", "ha": 25388 }, "geometry": { "type": "Polygon", "coordinates": [ [ [ 103.158, 11.5422 ], [ 103.1658, 11.5487 ], [ 103.1667, 11.5423 ], [ 103.1696, 11.5438 ], [ 103.1713, 11.5423 ], [ 103.1676, 11.5402 ], [ 103.1688, 11.5364 ], [ 103.1671, 11.535 ], [ 103.1628, 11.538 ], [ 103.1585, 11.5346 ], [ 103.1568, 11.5359 ], [ 103.158, 11.5422 ] ] ] } },
{ "type": "Feature", "properties": { "cls": "Baren land", "kh": "ដីទំនេរ", "ha": 25388 }, "geometry": { "type": "Polygon", "coordinates": [ [ [ 103.215, 10.9013 ], [ 103.2156, 10.9085 ], [ 103.2175, 10.9057 ], [ 103.2191, 10.9086 ], [ 103.2257, 10.9113 ], [ 103.2241, 10.9047 ], [ 103.215, 10.9013 ] ] ] } },
{ "type": "Feature", "properties": { "cls": "Baren land", "kh": "ដីទំនេរ", "ha": 25388 }, "geometry": { "type": "Polygon", "coordinates": [ [ [ 103.2699, 10.9413 ], [ 103.2675, 10.9467 ], [ 103.2727, 10.9465 ], [ 103.2751, 10.9422 ], [ 103.2791, 10.9417 ], [ 103.2808, 10.9371 ], [ 103.2789, 10.937 ], [ 103.2779, 10.9337 ], [ 103.2699, 10.9413 ] ] ] } },
{ "type": "Feature", "properties": { "cls": "Baren land", "kh": "ដីទំនេរ", "ha": 25388 }, "geometry": { "type": "Polygon", "coordinates": [ [ [ 103.2874, 10.9453 ], [ 103.2817, 10.956 ], [ 103.2734, 10.9647 ], [ 103.2827, 10.968 ], [ 103.2881, 10.9656 ], [ 103.2835, 10.9609 ], [ 103.2863, 10.96 ], [ 103.2913, 10.9513 ], [ 103.2879, 10.9507 ], [ 103.2914, 10.9484 ], [ 103.2907, 10.9443 ], [ 103.2874, 10.9453 ] ] ] } },
{ "type": "Feature", "properties": { "cls": "Baren land", "kh": "ដីទំនេរ", "ha": 25388 }, "geometry": { "type": "Polygon", "coordinates": [ [ [ 103.2563, 10.9513 ], [ 103.2556, 10.9547 ], [ 103.2623, 10.967 ], [ 103.2627, 10.974 ], [ 103.2656, 10.9739 ], [ 103.2683, 10.9726 ], [ 103.2658, 10.9697 ], [ 103.2649, 10.961 ], [ 103.274, 10.9595 ], [ 103.2749, 10.9558 ], [ 103.2712, 10.9564 ], [ 103.267, 10.952 ], [ 103.2624, 10.9531 ], [ 103.2563, 10.9513 ] ] ] } },
{ "type": "Feature", "properties": { "cls": "Baren land", "kh": "ដីទំនេរ", "ha": 25388 }, "geometry": { "type": "Polygon", "coordinates": [ [ [ 103.2418, 10.9637 ], [ 103.2377, 10.9637 ], [ 103.2288, 10.9762 ], [ 103.2315, 10.9772 ], [ 103.2336, 10.9742 ], [ 103.2392, 10.9737 ], [ 103.2389, 10.9712 ], [ 103.2422, 10.9692 ], [ 103.2438, 10.9728 ], [ 103.2467, 10.9722 ], [ 103.2488, 10.9682 ], [ 103.2418, 10.9637 ] ] ] } },
{ "type": "Feature", "properties": { "cls": "Baren land", "kh": "ដីទំនេរ", "ha": 25388 }, "geometry": { "type": "Polygon", "coordinates": [ [ [ 103.2718, 10.9749 ], [ 103.2695, 10.9816 ], [ 103.279, 10.9814 ], [ 103.2787, 10.9784 ], [ 103.2813, 10.9779 ], [ 103.2924, 10.98 ], [ 103.2822, 10.975 ], [ 103.2718, 10.9749 ] ] ] } },
{ "type": "Feature", "properties": { "cls": "Baren land", "kh": "ដីទំនេរ", "ha": 25388 }, "geometry": { "type": "Polygon", "coordinates": [ [ [ 103.2917, 11.004 ], [ 103.2931, 11.0068 ], [ 103.3007, 11.0099 ], [ 103.2994, 11.0152 ], [ 103.3058, 11.0142 ], [ 103.2997, 11.0196 ], [ 103.3071, 11.0179 ], [ 103.3128, 11.0232 ], [ 103.314, 11.0202 ], [ 103.3183, 11.0192 ], [ 103.316, 11.0108 ], [ 103.3108, 11.0132 ], [ 103.3069, 11.0103 ], [ 103.3109, 11.0075 ], [ 103.3111, 11.0036 ], [ 103.3073, 11.0039 ], [ 103.306, 11.0072 ], [ 103.2978, 11.007 ], [ 103.3033, 11.0007 ], [ 103.3003, 10.9996 ], [ 103.2872, 11.0035 ], [ 103.2917, 11.004 ] ] ] } },
{ "type": "Feature", "properties": { "cls": "Baren land", "kh": "ដីទំនេរ", "ha": 25388 }, "geometry": { "type": "Polygon", "coordinates": [ [ [ 103.2879, 11.0256 ], [ 103.2891, 11.0358 ], [ 103.291, 11.0352 ], [ 103.2935, 11.0406 ], [ 103.2839, 11.041 ], [ 103.2988, 11.0463 ], [ 103.2992, 11.0391 ], [ 103.2954, 11.0396 ], [ 103.2895, 11.0252 ], [ 103.2879, 11.0256 ] ] ] } },
{ "type": "Feature", "properties": { "cls": "Baren land", "kh": "ដីទំនេរ", "ha": 25388 }, "geometry": { "type": "Polygon", "coordinates": [ [ [ 103.2776, 11.0729 ], [ 103.2779, 11.0792 ], [ 103.2812, 11.0742 ], [ 103.2944, 11.0772 ], [ 103.298, 11.0749 ], [ 103.3059, 11.0831 ], [ 103.3053, 11.0776 ], [ 103.3103, 11.0745 ], [ 103.3068, 11.0713 ], [ 103.3007, 11.0713 ], [ 103.2989, 11.0673 ], [ 103.2945, 11.0732 ], [ 103.2866, 11.0716 ], [ 103.2776, 11.0729 ] ] ] } },
{ "type": "Feature", "properties": { "cls": "Baren land", "kh": "ដីទំនេរ", "ha": 25388 }, "geometry": { "type": "Polygon", "coordinates": [ [ [ 103.2886, 11.107 ], [ 103.2864, 11.1156 ], [ 103.2963, 11.1067 ], [ 103.2886, 11.107 ] ] ] } },
{ "type": "Feature", "properties": { "cls": "Baren land", "kh": "ដីទំនេរ", "ha": 25388 }, "geometry": { "type": "Polygon", "coordinates": [ [ [ 103.2785, 11.2474 ], [ 103.2856, 11.2465 ], [ 103.2873, 11.2488 ], [ 103.2861, 11.2557 ], [ 103.2908, 11.2527 ], [ 103.2907, 11.2437 ], [ 103.2843, 11.2418 ], [ 103.2786, 11.2438 ], [ 103.2785, 11.2474 ] ] ] } },
{ "type": "Feature", "properties": { "cls": "Baren land", "kh": "ដីទំនេរ", "ha": 25388 }, "geometry": { "type": "Polygon", "coordinates": [ [ [ 103.2843, 11.3504 ], [ 103.2719, 11.3596 ], [ 103.2757, 11.3619 ], [ 103.2774, 11.3603 ], [ 103.2841, 11.3612 ], [ 103.2837, 11.3658 ], [ 103.2796, 11.369 ], [ 103.2837, 11.3708 ], [ 103.2921, 11.3635 ], [ 103.2885, 11.3579 ], [ 103.2824, 11.3572 ], [ 103.2843, 11.3504 ] ] ] } },
{ "type": "Feature", "properties": { "cls": "Baren land", "kh": "ដីទំនេរ", "ha": 25388 }, "geometry": { "type": "Polygon", "coordinates": [ [ [ 103.2242, 11.5134 ], [ 103.2349, 11.5204 ], [ 103.2442, 11.5173 ], [ 103.2431, 11.5138 ], [ 103.2325, 11.5121 ], [ 103.2318, 11.5072 ], [ 103.2287, 11.5061 ], [ 103.2242, 11.5134 ] ] ] } },
{ "type": "Feature", "properties": { "cls": "Baren land", "kh": "ដីទំនេរ", "ha": 25388 }, "geometry": { "type": "Polygon", "coordinates": [ [ [ 103.2441, 11.6717 ], [ 103.2593, 11.6825 ], [ 103.2682, 11.6785 ], [ 103.2695, 11.6806 ], [ 103.2755, 11.6782 ], [ 103.2742, 11.6755 ], [ 103.2678, 11.6763 ], [ 103.2487, 11.6726 ], [ 103.2458, 11.6697 ], [ 103.2441, 11.6717 ] ] ] } },
{ "type": "Feature", "properties": { "cls": "Baren land", "kh": "ដីទំនេរ", "ha": 25388 }, "geometry": { "type": "Polygon", "coordinates": [ [ [ 103.3107, 10.9397 ], [ 103.3123, 10.9442 ], [ 103.3074, 10.9415 ], [ 103.3012, 10.9415 ], [ 103.305, 10.9462 ], [ 103.3162, 10.9481 ], [ 103.3234, 10.945 ], [ 103.3222, 10.9427 ], [ 103.326, 10.9414 ], [ 103.3271, 10.9479 ], [ 103.3191, 10.9487 ], [ 103.315, 10.9518 ], [ 103.3227, 10.9516 ], [ 103.3217, 10.9583 ], [ 103.3051, 10.9645 ], [ 103.306, 10.969 ], [ 103.3102, 10.9684 ], [ 103.3087, 10.9724 ], [ 103.3033, 10.972 ], [ 103.3001, 10.9743 ], [ 103.3056, 10.978 ], [ 103.3182, 10.9696 ], [ 103.316, 10.9665 ], [ 103.3225, 10.9659 ], [ 103.3209, 10.9622 ], [ 103.3268, 10.9619 ], [ 103.3246, 10.9592 ], [ 103.3285, 10.9518 ], [ 103.3371, 10.9504 ], [ 103.3398, 10.9567 ], [ 103.3447, 10.9544 ], [ 103.3413, 10.9434 ], [ 103.3387, 10.9436 ], [ 103.3394, 10.9482 ], [ 103.3326, 10.9479 ], [ 103.3352, 10.943 ], [ 103.3297, 10.9431 ], [ 103.3344, 10.9355 ], [ 103.3329, 10.9282 ], [ 103.3359, 10.9314 ], [ 103.3394, 10.9301 ], [ 103.3438, 10.9339 ], [ 103.3586, 10.9375 ], [ 103.3533, 10.9341 ], [ 103.3547, 10.9308 ], [ 103.3463, 10.9328 ], [ 103.3516, 10.9287 ], [ 103.3449, 10.9287 ], [ 103.3427, 10.9257 ], [ 103.3384, 10.9273 ], [ 103.3381, 10.922 ], [ 103.3348, 10.921 ], [ 103.3337, 10.9231 ], [ 103.3204, 10.9113 ], [ 103.3202, 10.9139 ], [ 103.3164, 10.914 ], [ 103.3178, 10.9196 ], [ 103.315, 10.9209 ], [ 103.3182, 10.9284 ], [ 103.3074, 10.9373 ], [ 103.3143, 10.9371 ], [ 103.317, 10.9411 ], [ 103.3107, 10.9397 ] ], [ [ 103.327, 10.9212 ], [ 103.3273, 10.9291 ], [ 103.331, 10.9347 ], [ 103.3219, 10.9322 ], [ 103.3221, 10.9282 ], [ 103.3252, 10.9293 ], [ 103.3246, 10.9214 ], [ 103.322, 10.9188 ], [ 103.3243, 10.9178 ], [ 103.327, 10.9212 ] ] ] } },
{ "type": "Feature", "properties": { "cls": "Baren land", "kh": "ដីទំនេរ", "ha": 25388 }, "geometry": { "type": "Polygon", "coordinates": [ [ [ 103.2995, 10.9439 ], [ 103.295, 10.9465 ], [ 103.2961, 10.9503 ], [ 103.2931, 10.9525 ], [ 103.2895, 10.9609 ], [ 103.2996, 10.9553 ], [ 103.3017, 10.9485 ], [ 103.2995, 10.9439 ] ] ] } },
{ "type": "Feature", "properties": { "cls": "Baren land", "kh": "ដីទំនេរ", "ha": 25388 }, "geometry": { "type": "Polygon", "coordinates": [ [ [ 103.3022, 10.955 ], [ 103.2934, 10.9614 ], [ 103.2953, 10.9697 ], [ 103.3025, 10.9608 ], [ 103.3126, 10.9569 ], [ 103.3122, 10.954 ], [ 103.3063, 10.9555 ], [ 103.3054, 10.9503 ], [ 103.3022, 10.9519 ], [ 103.3028, 10.9568 ], [ 103.3022, 10.955 ] ] ] } },
{ "type": "Feature", "properties": { "cls": "Baren land", "kh": "ដីទំនេរ", "ha": 25388 }, "geometry": { "type": "Polygon", "coordinates": [ [ [ 103.3005, 11.0485 ], [ 103.2946, 11.0488 ], [ 103.2939, 11.0546 ], [ 103.2973, 11.0511 ], [ 103.2994, 11.0581 ], [ 103.2995, 11.0519 ], [ 103.303, 11.0509 ], [ 103.3079, 11.0605 ], [ 103.3126, 11.0613 ], [ 103.3092, 11.0559 ], [ 103.3117, 11.0555 ], [ 103.3112, 11.053 ], [ 103.3054, 11.0531 ], [ 103.3016, 11.0453 ], [ 103.3005, 11.0485 ] ] ] } },
{ "type": "Feature", "properties": { "cls": "Baren land", "kh": "ដីទំនេរ", "ha": 25388 }, "geometry": { "type": "Polygon", "coordinates": [ [ [ 103.3034, 11.2096 ], [ 103.2994, 11.2162 ], [ 103.301, 11.2183 ], [ 103.3089, 11.2155 ], [ 103.3087, 11.2081 ], [ 103.3034, 11.2096 ] ] ] } },
{ "type": "Feature", "properties": { "cls": "Baren land", "kh": "ដីទំនេរ", "ha": 25388 }, "geometry": { "type": "Polygon", "coordinates": [ [ [ 103.3062, 11.239 ], [ 103.31, 11.2477 ], [ 103.3054, 11.2425 ], [ 103.3026, 11.2425 ], [ 103.307, 11.2498 ], [ 103.3112, 11.25 ], [ 103.3108, 11.2516 ], [ 103.3055, 11.2515 ], [ 103.3088, 11.2563 ], [ 103.3142, 11.2585 ], [ 103.3171, 11.2552 ], [ 103.3193, 11.2583 ], [ 103.3184, 11.2503 ], [ 103.3252, 11.2515 ], [ 103.3275, 11.2499 ], [ 103.3211, 11.2454 ], [ 103.3157, 11.2471 ], [ 103.3092, 11.2376 ], [ 103.3062, 11.239 ] ] ] } },
{ "type": "Feature", "properties": { "cls": "Baren land", "kh": "ដីទំនេរ", "ha": 25388 }, "geometry": { "type": "Polygon", "coordinates": [ [ [ 103.3003, 11.2629 ], [ 103.3083, 11.2651 ], [ 103.2921, 11.2651 ], [ 103.2916, 11.2686 ], [ 103.2943, 11.2706 ], [ 103.2988, 11.2691 ], [ 103.3032, 11.2724 ], [ 103.304, 11.2696 ], [ 103.3061, 11.2709 ], [ 103.3115, 11.2641 ], [ 103.3176, 11.2633 ], [ 103.3185, 11.2602 ], [ 103.3, 11.2603 ], [ 103.3003, 11.2629 ] ] ] } },
{ "type": "Feature", "properties": { "cls": "Baren land", "kh": "ដីទំនេរ", "ha": 25388 }, "geometry": { "type": "Polygon", "coordinates": [ [ [ 103.2925, 11.3637 ], [ 103.2956, 11.3686 ], [ 103.3047, 11.3668 ], [ 103.3036, 11.3641 ], [ 103.2925, 11.3637 ] ] ] } },
{ "type": "Feature", "properties": { "cls": "Baren land", "kh": "ដីទំនេរ", "ha": 25388 }, "geometry": { "type": "Polygon", "coordinates": [ [ [ 103.3132, 11.4465 ], [ 103.3043, 11.4451 ], [ 103.3007, 11.4501 ], [ 103.3005, 11.4547 ], [ 103.3061, 11.4543 ], [ 103.3059, 11.4527 ], [ 103.3123, 11.4499 ], [ 103.3228, 11.4488 ], [ 103.3259, 11.4448 ], [ 103.3186, 11.4429 ], [ 103.3207, 11.4402 ], [ 103.317, 11.4437 ], [ 103.3137, 11.4432 ], [ 103.3132, 11.4465 ] ] ] } },
{ "type": "Feature", "properties": { "cls": "Baren land", "kh": "ដីទំនេរ", "ha": 25388 }, "geometry": { "type": "Polygon", "coordinates": [ [ [ 103.3177, 11.0418 ], [ 103.3151, 11.0409 ], [ 103.313, 11.046 ], [ 103.3181, 11.0508 ], [ 103.3146, 11.0529 ], [ 103.3151, 11.0565 ], [ 103.3218, 11.0587 ], [ 103.3187, 11.0522 ], [ 103.3212, 11.0529 ], [ 103.3185, 11.0469 ], [ 103.3194, 11.0379 ], [ 103.3177, 11.0418 ] ] ] } },
{ "type": "Feature", "properties": { "cls": "Baren land", "kh": "ដីទំនេរ", "ha": 25388 }, "geometry": { "type": "Polygon", "coordinates": [ [ [ 103.3184, 11.0802 ], [ 103.3178, 11.0782 ], [ 103.311, 11.0793 ], [ 103.3125, 11.0885 ], [ 103.3167, 11.0863 ], [ 103.3146, 11.0824 ], [ 103.3184, 11.0802 ] ] ] } },
{ "type": "Feature", "properties": { "cls": "Baren land", "kh": "ដីទំនេរ", "ha": 25388 }, "geometry": { "type": "Polygon", "coordinates": [ [ [ 103.3262, 11.1838 ], [ 103.3244, 11.1912 ], [ 103.3207, 11.1937 ], [ 103.327, 11.1929 ], [ 103.336, 11.1795 ], [ 103.3357, 11.1768 ], [ 103.3262, 11.1838 ] ] ] } },
{ "type": "Feature", "properties": { "cls": "Baren land", "kh": "ដីទំនេរ", "ha": 25388 }, "geometry": { "type": "Polygon", "coordinates": [ [ [ 103.3161, 11.2302 ], [ 103.3108, 11.2356 ], [ 103.315, 11.2391 ], [ 103.3213, 11.2382 ], [ 103.3207, 11.2308 ], [ 103.3161, 11.2302 ] ] ] } },
{ "type": "Feature", "properties": { "cls": "Baren land", "kh": "ដីទំនេរ", "ha": 25388 }, "geometry": { "type": "Polygon", "coordinates": [ [ [ 103.3264, 11.2357 ], [ 103.3305, 11.2431 ], [ 103.3291, 11.2452 ], [ 103.336, 11.2476 ], [ 103.3392, 11.2455 ], [ 103.3393, 11.2422 ], [ 103.3375, 11.2436 ], [ 103.336, 11.2408 ], [ 103.3325, 11.2412 ], [ 103.3264, 11.2357 ] ] ] } },
{ "type": "Feature", "properties": { "cls": "Baren land", "kh": "ដីទំនេរ", "ha": 25388 }, "geometry": { "type": "Polygon", "coordinates": [ [ [ 103.327, 11.2674 ], [ 103.3187, 11.27 ], [ 103.3185, 11.2665 ], [ 103.3155, 11.2659 ], [ 103.3147, 11.2746 ], [ 103.3211, 11.273 ], [ 103.3306, 11.2756 ], [ 103.3348, 11.2706 ], [ 103.327, 11.2674 ] ] ] } },
{ "type": "Feature", "properties": { "cls": "Baren land", "kh": "ដីទំនេរ", "ha": 25388 }, "geometry": { "type": "Polygon", "coordinates": [ [ [ 103.35, 10.8684 ], [ 103.3519, 10.8841 ], [ 103.357, 10.8881 ], [ 103.357, 10.8832 ], [ 103.3617, 10.8793 ], [ 103.368, 10.8858 ], [ 103.3687, 10.8928 ], [ 103.3772, 10.8884 ], [ 103.3788, 10.8843 ], [ 103.3833, 10.8859 ], [ 103.3804, 10.8798 ], [ 103.3735, 10.8824 ], [ 103.3685, 10.8819 ], [ 103.3558, 10.8738 ], [ 103.3525, 10.8667 ], [ 103.35, 10.8684 ] ] ] } },
{ "type": "Feature", "properties": { "cls": "Baren land", "kh": "ដីទំនេរ", "ha": 25388 }, "geometry": { "type": "Polygon", "coordinates": [ [ [ 103.3506, 10.8931 ], [ 103.3323, 10.9051 ], [ 103.3306, 10.908 ], [ 103.3455, 10.9007 ], [ 103.3472, 10.9031 ], [ 103.3479, 10.8981 ], [ 103.3521, 10.9004 ], [ 103.3533, 10.8959 ], [ 103.3506, 10.8931 ] ] ] } },
{ "type": "Feature", "properties": { "cls": "Baren land", "kh": "ដីទំនេរ", "ha": 25388 }, "geometry": { "type": "Polygon", "coordinates": [ [ [ 103.3403, 10.9374 ], [ 103.3344, 10.9355 ], [ 103.3368, 10.9424 ], [ 103.3489, 10.9413 ], [ 103.3519, 10.9453 ], [ 103.3601, 10.9461 ], [ 103.3581, 10.9425 ], [ 103.348, 10.9362 ], [ 103.3396, 10.9348 ], [ 103.3403, 10.9374 ] ] ] } },
{ "type": "Feature", "properties": { "cls": "Baren land", "kh": "ដីទំនេរ", "ha": 25388 }, "geometry": { "type": "Polygon", "coordinates": [ [ [ 103.3638, 10.9435 ], [ 103.3683, 10.9433 ], [ 103.3688, 10.9376 ], [ 103.3643, 10.9374 ], [ 103.3611, 10.941 ], [ 103.3638, 10.9435 ] ] ] } },
{ "type": "Feature", "properties": { "cls": "Baren land", "kh": "ដីទំនេរ", "ha": 25388 }, "geometry": { "type": "Polygon", "coordinates": [ [ [ 103.3441, 10.967 ], [ 103.3432, 10.9701 ], [ 103.3382, 10.9712 ], [ 103.3401, 10.9744 ], [ 103.3373, 10.9763 ], [ 103.3379, 10.9796 ], [ 103.3492, 10.977 ], [ 103.3449, 10.9736 ], [ 103.3491, 10.9641 ], [ 103.3441, 10.967 ] ] ] } },
{ "type": "Feature", "properties": { "cls": "Baren land", "kh": "ដីទំនេរ", "ha": 25388 }, "geometry": { "type": "Polygon", "coordinates": [ [ [ 103.3614, 11.0571 ], [ 103.3574, 11.0608 ], [ 103.3584, 11.0664 ], [ 103.3605, 11.0662 ], [ 103.3645, 11.0717 ], [ 103.3681, 11.0722 ], [ 103.3698, 11.0695 ], [ 103.3614, 11.0571 ] ] ] } },
{ "type": "Feature", "properties": { "cls": "Baren land", "kh": "ដីទំនេរ", "ha": 25388 }, "geometry": { "type": "Polygon", "coordinates": [ [ [ 103.3459, 11.0651 ], [ 103.3365, 11.0732 ], [ 103.3402, 11.0731 ], [ 103.3458, 11.0823 ], [ 103.345, 11.0856 ], [ 103.3498, 11.0868 ], [ 103.3484, 11.0896 ], [ 103.3533, 11.0988 ], [ 103.3731, 11.0968 ], [ 103.369, 11.0908 ], [ 103.3699, 11.0877 ], [ 103.3624, 11.0923 ], [ 103.3548, 11.0924 ], [ 103.3556, 11.09 ], [ 103.3509, 11.0817 ], [ 103.3462, 11.0812 ], [ 103.3487, 11.0751 ], [ 103.3467, 11.0754 ], [ 103.3459, 11.0651 ] ] ] } },
{ "type": "Feature", "properties": { "cls": "Baren land", "kh": "ដីទំនេរ", "ha": 25388 }, "geometry": { "type": "Polygon", "coordinates": [ [ [ 103.3503, 11.2445 ], [ 103.3534, 11.2491 ], [ 103.3593, 11.2488 ], [ 103.3557, 11.2405 ], [ 103.3503, 11.2445 ] ] ] } },
{ "type": "Feature", "properties": { "cls": "Baren land", "kh": "ដីទំនេរ", "ha": 25388 }, "geometry": { "type": "Polygon", "coordinates": [ [ [ 103.3369, 11.4453 ], [ 103.3341, 11.4469 ], [ 103.3353, 11.4542 ], [ 103.3419, 11.4543 ], [ 103.345, 11.4489 ], [ 103.3428, 11.4456 ], [ 103.3447, 11.4423 ], [ 103.3393, 11.4387 ], [ 103.3369, 11.4453 ] ] ] } },
{ "type": "Feature", "properties": { "cls": "Baren land", "kh": "ដីទំនេរ", "ha": 25388 }, "geometry": { "type": "Polygon", "coordinates": [ [ [ 103.4222, 10.8931 ], [ 103.4082, 10.8938 ], [ 103.4168, 10.9135 ], [ 103.4171, 10.9192 ], [ 103.4192, 10.9197 ], [ 103.4195, 10.9062 ], [ 103.4252, 10.8956 ], [ 103.4222, 10.8931 ] ] ] } },
{ "type": "Feature", "properties": { "cls": "Baren land", "kh": "ដីទំនេរ", "ha": 25388 }, "geometry": { "type": "Polygon", "coordinates": [ [ [ 103.3705, 10.9489 ], [ 103.3694, 10.9468 ], [ 103.3634, 10.9469 ], [ 103.3665, 10.9516 ], [ 103.3705, 10.9489 ] ] ] } },
{ "type": "Feature", "properties": { "cls": "Baren land", "kh": "ដីទំនេរ", "ha": 25388 }, "geometry": { "type": "Polygon", "coordinates": [ [ [ 103.4375, 11.0436 ], [ 103.4326, 11.0499 ], [ 103.4359, 11.0526 ], [ 103.4415, 11.0527 ], [ 103.442, 11.056 ], [ 103.4444, 11.053 ], [ 103.4435, 11.0483 ], [ 103.4392, 11.051 ], [ 103.4375, 11.0436 ] ] ] } },
{ "type": "Feature", "properties": { "cls": "Baren land", "kh": "ដីទំនេរ", "ha": 25388 }, "geometry": { "type": "Polygon", "coordinates": [ [ [ 103.4331, 11.0622 ], [ 103.4372, 11.0619 ], [ 103.4419, 11.0629 ], [ 103.4387, 11.0575 ], [ 103.4353, 11.057 ], [ 103.4331, 11.0622 ] ] ] } },
{ "type": "Feature", "properties": { "cls": "Baren land", "kh": "ដីទំនេរ", "ha": 25388 }, "geometry": { "type": "Polygon", "coordinates": [ [ [ 103.4302, 11.1766 ], [ 103.4234, 11.18 ], [ 103.4279, 11.1805 ], [ 103.429, 11.1829 ], [ 103.4213, 11.1931 ], [ 103.4248, 11.1961 ], [ 103.4255, 11.201 ], [ 103.4362, 11.1915 ], [ 103.4334, 11.1891 ], [ 103.4361, 11.1863 ], [ 103.4303, 11.1807 ], [ 103.4302, 11.1766 ] ] ] } },
{ "type": "Feature", "properties": { "cls": "Baren land", "kh": "ដីទំនេរ", "ha": 25388 }, "geometry": { "type": "Polygon", "coordinates": [ [ [ 103.4838, 11.2073 ], [ 103.4835, 11.2105 ], [ 103.4875, 11.2107 ], [ 103.5066, 11.1998 ], [ 103.5022, 11.2063 ], [ 103.5054, 11.208 ], [ 103.5093, 11.2026 ], [ 103.5451, 11.1886 ], [ 103.5623, 11.1903 ], [ 103.5609, 11.1823 ], [ 103.5562, 11.1769 ], [ 103.5554, 11.1827 ], [ 103.5507, 11.1843 ], [ 103.5479, 11.1825 ], [ 103.5456, 11.186 ], [ 103.5334, 11.1888 ], [ 103.5234, 11.1953 ], [ 103.5123, 11.1979 ], [ 103.5068, 11.1962 ], [ 103.4889, 11.2073 ], [ 103.4838, 11.2073 ] ] ] } },
{ "type": "Feature", "properties": { "cls": "Baren land", "kh": "ដីទំនេរ", "ha": 25388 }, "geometry": { "type": "Polygon", "coordinates": [ [ [ 103.4653, 11.2292 ], [ 103.4528, 11.2329 ], [ 103.4534, 11.235 ], [ 103.46, 11.2336 ], [ 103.4626, 11.2373 ], [ 103.4653, 11.2357 ], [ 103.4691, 11.2387 ], [ 103.472, 11.2351 ], [ 103.4653, 11.2292 ] ] ] } },
{ "type": "Feature", "properties": { "cls": "Baren land", "kh": "ដីទំនេរ", "ha": 25388 }, "geometry": { "type": "Polygon", "coordinates": [ [ [ 103.4524, 11.2387 ], [ 103.4613, 11.2435 ], [ 103.4657, 11.2431 ], [ 103.4666, 11.2497 ], [ 103.4626, 11.2531 ], [ 103.4689, 11.2524 ], [ 103.4695, 11.2488 ], [ 103.4758, 11.2484 ], [ 103.4705, 11.242 ], [ 103.456, 11.2376 ], [ 103.4524, 11.2387 ] ] ] } },
{ "type": "Feature", "properties": { "cls": "Baren land", "kh": "ដីទំនេរ", "ha": 25388 }, "geometry": { "type": "Polygon", "coordinates": [ [ [ 103.4839, 11.2418 ], [ 103.4811, 11.2511 ], [ 103.4843, 11.2506 ], [ 103.4844, 11.2463 ], [ 103.4875, 11.2484 ], [ 103.4899, 11.2458 ], [ 103.4892, 11.2426 ], [ 103.4839, 11.2418 ] ] ] } },
{ "type": "Feature", "properties": { "cls": "Baren land", "kh": "ដីទំនេរ", "ha": 25388 }, "geometry": { "type": "Polygon", "coordinates": [ [ [ 103.4596, 11.2605 ], [ 103.4553, 11.2619 ], [ 103.4595, 11.2714 ], [ 103.4615, 11.2573 ], [ 103.4596, 11.2605 ] ] ] } },
{ "type": "Feature", "properties": { "cls": "Baren land", "kh": "ដីទំនេរ", "ha": 25388 }, "geometry": { "type": "Polygon", "coordinates": [ [ [ 103.4076, 11.3101 ], [ 103.4062, 11.313 ], [ 103.4088, 11.3151 ], [ 103.4072, 11.3181 ], [ 103.4099, 11.3196 ], [ 103.4112, 11.3183 ], [ 103.4146, 11.3218 ], [ 103.4157, 11.3203 ], [ 103.4099, 11.3131 ], [ 103.4105, 11.3105 ], [ 103.4076, 11.3101 ] ] ] } },
{ "type": "Feature", "properties": { "cls": "Baren land", "kh": "ដីទំនេរ", "ha": 25388 }, "geometry": { "type": "Polygon", "coordinates": [ [ [ 103.3993, 11.3388 ], [ 103.3828, 11.3418 ], [ 103.3857, 11.345 ], [ 103.3846, 11.3493 ], [ 103.3902, 11.3446 ], [ 103.3991, 11.3418 ], [ 103.3993, 11.3388 ] ] ] } },
{ "type": "Feature", "properties": { "cls": "Baren land", "kh": "ដីទំនេរ", "ha": 25388 }, "geometry": { "type": "Polygon", "coordinates": [ [ [ 103.5701, 11.1372 ], [ 103.5749, 11.142 ], [ 103.5758, 11.1471 ], [ 103.5767, 11.138 ], [ 103.571, 11.1357 ], [ 103.5701, 11.1372 ] ] ] } },
{ "type": "Feature", "properties": { "cls": "Baren land", "kh": "ដីទំនេរ", "ha": 25388 }, "geometry": { "type": "Polygon", "coordinates": [ [ [ 103.5027, 11.2105 ], [ 103.5022, 11.2211 ], [ 103.51, 11.2099 ], [ 103.5027, 11.2105 ] ] ] } },
{ "type": "Feature", "properties": { "cls": "Baren land", "kh": "ដីទំនេរ", "ha": 25388 }, "geometry": { "type": "Polygon", "coordinates": [ [ [ 103.5756, 11.2278 ], [ 103.5769, 11.2366 ], [ 103.5788, 11.2338 ], [ 103.5843, 11.2338 ], [ 103.5847, 11.2375 ], [ 103.5893, 11.2382 ], [ 103.5875, 11.2403 ], [ 103.5918, 11.2403 ], [ 103.5884, 11.2227 ], [ 103.5853, 11.2208 ], [ 103.585, 11.2179 ], [ 103.5834, 11.2182 ], [ 103.5841, 11.2273 ], [ 103.5756, 11.2278 ] ] ] } },
{ "type": "Feature", "properties": { "cls": "Baren land", "kh": "ដីទំនេរ", "ha": 25388 }, "geometry": { "type": "Polygon", "coordinates": [ [ [ 103.5756, 11.2478 ], [ 103.5802, 11.2399 ], [ 103.5755, 11.2397 ], [ 103.5743, 11.2366 ], [ 103.5727, 11.2385 ], [ 103.5756, 11.2478 ] ] ] } },
{ "type": "Feature", "properties": { "cls": "Baren land", "kh": "ដីទំនេរ", "ha": 25388 }, "geometry": { "type": "Polygon", "coordinates": [ [ [ 103.5133, 11.2998 ], [ 103.5178, 11.2992 ], [ 103.518, 11.2933 ], [ 103.5138, 11.2935 ], [ 103.5113, 11.297 ], [ 103.5133, 11.2998 ] ] ] } },
{ "type": "Feature", "properties": { "cls": "Baren land", "kh": "ដីទំនេរ", "ha": 25388 }, "geometry": { "type": "Polygon", "coordinates": [ [ [ 103.5351, 11.3011 ], [ 103.5311, 11.2972 ], [ 103.5262, 11.2983 ], [ 103.5235, 11.3021 ], [ 103.5253, 11.304 ], [ 103.5345, 11.3046 ], [ 103.5329, 11.3019 ], [ 103.5351, 11.3011 ] ] ] } },
{ "type": "Feature", "properties": { "cls": "Baren land", "kh": "ដីទំនេរ", "ha": 25388 }, "geometry": { "type": "Polygon", "coordinates": [ [ [ 103.5002, 11.3111 ], [ 103.5083, 11.3102 ], [ 103.5094, 11.3117 ], [ 103.5112, 11.3077 ], [ 103.5063, 11.3058 ], [ 103.5051, 11.3016 ], [ 103.5002, 11.3111 ] ] ] } },
{ "type": "Feature", "properties": { "cls": "Baren land", "kh": "ដីទំនេរ", "ha": 25388 }, "geometry": { "type": "Polygon", "coordinates": [ [ [ 103.5413, 11.3206 ], [ 103.5482, 11.3238 ], [ 103.5491, 11.3293 ], [ 103.5555, 11.3276 ], [ 103.5505, 11.3196 ], [ 103.5517, 11.3171 ], [ 103.5466, 11.3133 ], [ 103.5403, 11.3156 ], [ 103.5413, 11.3206 ] ] ] } },
{ "type": "Feature", "properties": { "cls": "Baren land", "kh": "ដីទំនេរ", "ha": 25388 }, "geometry": { "type": "Polygon", "coordinates": [ [ [ 103.5616, 11.3297 ], [ 103.5668, 11.3319 ], [ 103.5682, 11.3353 ], [ 103.5707, 11.3345 ], [ 103.5707, 11.3322 ], [ 103.5647, 11.327 ], [ 103.5616, 11.3297 ] ] ] } },
{ "type": "Feature", "properties": { "cls": "Baren land", "kh": "ដីទំនេរ", "ha": 25388 }, "geometry": { "type": "Polygon", "coordinates": [ [ [ 103.4938, 11.332 ], [ 103.4874, 11.3313 ], [ 103.4861, 11.3352 ], [ 103.4904, 11.3389 ], [ 103.4996, 11.3311 ], [ 103.4968, 11.3287 ], [ 103.4938, 11.332 ] ] ] } },
{ "type": "Feature", "properties": { "cls": "Baren land", "kh": "ដីទំនេរ", "ha": 25388 }, "geometry": { "type": "Polygon", "coordinates": [ [ [ 103.4952, 11.3514 ], [ 103.4914, 11.3565 ], [ 103.4968, 11.358 ], [ 103.4988, 11.3525 ], [ 103.4952, 11.3514 ] ] ] } },
{ "type": "Feature", "properties": { "cls": "Baren land", "kh": "ដីទំនេរ", "ha": 25388 }, "geometry": { "type": "Polygon", "coordinates": [ [ [ 103.5186, 11.3754 ], [ 103.5178, 11.3782 ], [ 103.521, 11.3787 ], [ 103.5224, 11.3827 ], [ 103.526, 11.3823 ], [ 103.5259, 11.3755 ], [ 103.5186, 11.3754 ] ] ] } },
{ "type": "Feature", "properties": { "cls": "Baren land", "kh": "ដីទំនេរ", "ha": 25388 }, "geometry": { "type": "Polygon", "coordinates": [ [ [ 103.5487, 11.3861 ], [ 103.5502, 11.3914 ], [ 103.5533, 11.3937 ], [ 103.556, 11.393 ], [ 103.5562, 11.39 ], [ 103.5522, 11.3888 ], [ 103.5508, 11.3846 ], [ 103.5487, 11.3861 ] ] ] } },
{ "type": "Feature", "properties": { "cls": "Baren land", "kh": "ដីទំនេរ", "ha": 25388 }, "geometry": { "type": "Polygon", "coordinates": [ [ [ 103.5089, 11.3992 ], [ 103.5071, 11.4052 ], [ 103.5094, 11.4048 ], [ 103.5113, 11.4078 ], [ 103.5151, 11.4025 ], [ 103.5153, 11.3981 ], [ 103.5089, 11.3992 ] ] ] } },
{ "type": "Feature", "properties": { "cls": "Baren land", "kh": "ដីទំនេរ", "ha": 25388 }, "geometry": { "type": "Polygon", "coordinates": [ [ [ 103.5672, 11.57 ], [ 103.5725, 11.5693 ], [ 103.5726, 11.5674 ], [ 103.5648, 11.5608 ], [ 103.56, 11.5668 ], [ 103.5672, 11.57 ] ] ] } },
{ "type": "Feature", "properties": { "cls": "Baren land", "kh": "ដីទំនេរ", "ha": 25388 }, "geometry": { "type": "Polygon", "coordinates": [ [ [ 103.569, 11.6556 ], [ 103.5672, 11.6509 ], [ 103.5612, 11.6526 ], [ 103.5627, 11.6577 ], [ 103.5663, 11.6583 ], [ 103.569, 11.6556 ] ] ] } },
{ "type": "Feature", "properties": { "cls": "Baren land", "kh": "ដីទំនេរ", "ha": 25388 }, "geometry": { "type": "Polygon", "coordinates": [ [ [ 103.5739, 11.6553 ], [ 103.5718, 11.6611 ], [ 103.58, 11.6653 ], [ 103.5791, 11.6672 ], [ 103.5731, 11.6661 ], [ 103.576, 11.6745 ], [ 103.5879, 11.6741 ], [ 103.5938, 11.6782 ], [ 103.5949, 11.6818 ], [ 103.5913, 11.6884 ], [ 103.5944, 11.6935 ], [ 103.6055, 11.6899 ], [ 103.605, 11.6791 ], [ 103.6008, 11.6791 ], [ 103.6021, 11.6687 ], [ 103.5983, 11.6645 ], [ 103.5894, 11.6621 ], [ 103.5884, 11.6682 ], [ 103.5865, 11.6579 ], [ 103.5788, 11.6545 ], [ 103.5739, 11.6553 ] ] ] } },
{ "type": "Feature", "properties": { "cls": "Baren land", "kh": "ដីទំនេរ", "ha": 25388 }, "geometry": { "type": "Polygon", "coordinates": [ [ [ 103.4868, 11.7839 ], [ 103.4936, 11.7889 ], [ 103.495, 11.7955 ], [ 103.4929, 11.8007 ], [ 103.4986, 11.7996 ], [ 103.4977, 11.7965 ], [ 103.4996, 11.7944 ], [ 103.4971, 11.7926 ], [ 103.4969, 11.7855 ], [ 103.4892, 11.7811 ], [ 103.4868, 11.7839 ] ] ] } },
{ "type": "Feature", "properties": { "cls": "Baren land", "kh": "ដីទំនេរ", "ha": 25388 }, "geometry": { "type": "Polygon", "coordinates": [ [ [ 103.5984, 11.1776 ], [ 103.5914, 11.1797 ], [ 103.597, 11.1833 ], [ 103.5822, 11.1993 ], [ 103.5826, 11.2041 ], [ 103.5852, 11.1999 ], [ 103.5892, 11.1988 ], [ 103.5953, 11.204 ], [ 103.6033, 11.2031 ], [ 103.6021, 11.2004 ], [ 103.5961, 11.1976 ], [ 103.5995, 11.1953 ], [ 103.5998, 11.1923 ], [ 103.6032, 11.1915 ], [ 103.602, 11.1889 ], [ 103.604, 11.1853 ], [ 103.5991, 11.1824 ], [ 103.5984, 11.1776 ] ] ] } },
{ "type": "Feature", "properties": { "cls": "Baren land", "kh": "ដីទំនេរ", "ha": 25388 }, "geometry": { "type": "Polygon", "coordinates": [ [ [ 103.6259, 11.2002 ], [ 103.624, 11.2078 ], [ 103.627, 11.2093 ], [ 103.6257, 11.2136 ], [ 103.6316, 11.218 ], [ 103.6366, 11.2138 ], [ 103.632, 11.2084 ], [ 103.6326, 11.204 ], [ 103.6272, 11.1962 ], [ 103.6244, 11.1965 ], [ 103.6259, 11.2002 ] ] ] } },
{ "type": "Feature", "properties": { "cls": "Baren land", "kh": "ដីទំនេរ", "ha": 25388 }, "geometry": { "type": "Polygon", "coordinates": [ [ [ 103.6311, 11.673 ], [ 103.6215, 11.6743 ], [ 103.6263, 11.6785 ], [ 103.6346, 11.678 ], [ 103.6311, 11.673 ] ] ] } },
{ "type": "Feature", "properties": { "cls": "Baren land", "kh": "ដីទំនេរ", "ha": 25388 }, "geometry": { "type": "Polygon", "coordinates": [ [ [ 103.614, 11.6989 ], [ 103.6021, 11.7087 ], [ 103.6051, 11.7205 ], [ 103.5996, 11.7248 ], [ 103.6085, 11.7363 ], [ 103.6142, 11.7343 ], [ 103.6132, 11.7156 ], [ 103.6176, 11.7034 ], [ 103.614, 11.6989 ] ] ] } },
{ "type": "Feature", "properties": { "cls": "Baren land", "kh": "ដីទំនេរ", "ha": 25388 }, "geometry": { "type": "Polygon", "coordinates": [ [ [ 103.605, 11.7522 ], [ 103.5999, 11.7568 ], [ 103.6003, 11.7593 ], [ 103.6055, 11.7615 ], [ 103.6019, 11.769 ], [ 103.6063, 11.7751 ], [ 103.6125, 11.7715 ], [ 103.6186, 11.7624 ], [ 103.6139, 11.7504 ], [ 103.605, 11.7522 ] ] ] } },
{ "type": "Feature", "properties": { "cls": "Baren land", "kh": "ដីទំនេរ", "ha": 25388 }, "geometry": { "type": "Polygon", "coordinates": [ [ [ 103.7066, 10.9126 ], [ 103.6944, 10.9399 ], [ 103.6928, 10.9451 ], [ 103.6954, 10.9406 ], [ 103.701, 10.943 ], [ 103.7036, 10.9399 ], [ 103.7003, 10.9358 ], [ 103.7066, 10.9126 ] ] ] } },
{ "type": "Feature", "properties": { "cls": "Baren land", "kh": "ដីទំនេរ", "ha": 25388 }, "geometry": { "type": "Polygon", "coordinates": [ [ [ 103.6885, 10.9728 ], [ 103.6931, 10.979 ], [ 103.6984, 10.9842 ], [ 103.7004, 10.982 ], [ 103.6987, 10.9751 ], [ 103.6934, 10.9717 ], [ 103.6885, 10.9728 ] ] ] } },
{ "type": "Feature", "properties": { "cls": "Baren land", "kh": "ដីទំនេរ", "ha": 25388 }, "geometry": { "type": "Polygon", "coordinates": [ [ [ 103.6798, 11.0212 ], [ 103.6827, 11.0334 ], [ 103.6892, 11.0312 ], [ 103.6888, 11.0288 ], [ 103.6838, 11.0259 ], [ 103.6787, 11.0149 ], [ 103.6752, 11.0174 ], [ 103.6798, 11.0212 ] ] ] } },
{ "type": "Feature", "properties": { "cls": "Baren land", "kh": "ដីទំនេរ", "ha": 25388 }, "geometry": { "type": "Polygon", "coordinates": [ [ [ 103.6666, 11.0265 ], [ 103.667, 11.0373 ], [ 103.6766, 11.036 ], [ 103.6666, 11.0265 ] ] ] } },
{ "type": "Feature", "properties": { "cls": "Baren land", "kh": "ដីទំនេរ", "ha": 25388 }, "geometry": { "type": "Polygon", "coordinates": [ [ [ 103.7224, 11.0604 ], [ 103.7166, 11.0538 ], [ 103.7102, 11.0543 ], [ 103.7049, 11.0574 ], [ 103.7043, 11.0608 ], [ 103.7146, 11.0598 ], [ 103.7203, 11.0625 ], [ 103.7224, 11.0604 ] ] ] } },
{ "type": "Feature", "properties": { "cls": "Baren land", "kh": "ដីទំនេរ", "ha": 25388 }, "geometry": { "type": "Polygon", "coordinates": [ [ [ 103.7026, 11.0753 ], [ 103.6969, 11.0786 ], [ 103.7, 11.0824 ], [ 103.699, 11.0848 ], [ 103.7032, 11.083 ], [ 103.7126, 11.0957 ], [ 103.7141, 11.1013 ], [ 103.7151, 11.0967 ], [ 103.7248, 11.0994 ], [ 103.7264, 11.0885 ], [ 103.7224, 11.0861 ], [ 103.7171, 11.0876 ], [ 103.7241, 11.0907 ], [ 103.7231, 11.0932 ], [ 103.7141, 11.0914 ], [ 103.7132, 11.087 ], [ 103.7107, 11.0879 ], [ 103.7076, 11.0854 ], [ 103.709, 11.0826 ], [ 103.7137, 11.0842 ], [ 103.7133, 11.0809 ], [ 103.7077, 11.0776 ], [ 103.7028, 11.0811 ], [ 103.7011, 11.0793 ], [ 103.7026, 11.0753 ] ] ] } },
{ "type": "Feature", "properties": { "cls": "Baren land", "kh": "ដីទំនេរ", "ha": 25388 }, "geometry": { "type": "Polygon", "coordinates": [ [ [ 103.647, 11.1237 ], [ 103.655, 11.1283 ], [ 103.6648, 11.1228 ], [ 103.6679, 11.1338 ], [ 103.6704, 11.1316 ], [ 103.6752, 11.1358 ], [ 103.6775, 11.1342 ], [ 103.6754, 11.1279 ], [ 103.6692, 11.1276 ], [ 103.6683, 11.1192 ], [ 103.666, 11.1205 ], [ 103.6629, 11.1183 ], [ 103.6534, 11.1257 ], [ 103.6478, 11.1202 ], [ 103.647, 11.1237 ] ] ] } },
{ "type": "Feature", "properties": { "cls": "Baren land", "kh": "ដីទំនេរ", "ha": 25388 }, "geometry": { "type": "Polygon", "coordinates": [ [ [ 103.7127, 11.169 ], [ 103.7104, 11.1702 ], [ 103.7077, 11.168 ], [ 103.7048, 11.1697 ], [ 103.7056, 11.1742 ], [ 103.7122, 11.1723 ], [ 103.72, 11.1778 ], [ 103.7272, 11.1735 ], [ 103.7257, 11.1681 ], [ 103.72, 11.1717 ], [ 103.7127, 11.169 ] ] ] } },
{ "type": "Feature", "properties": { "cls": "Baren land", "kh": "ដីទំនេរ", "ha": 25388 }, "geometry": { "type": "Polygon", "coordinates": [ [ [ 103.6356, 11.1885 ], [ 103.6365, 11.1922 ], [ 103.6477, 11.1887 ], [ 103.6451, 11.186 ], [ 103.6387, 11.1851 ], [ 103.6356, 11.1885 ] ] ] } },
{ "type": "Feature", "properties": { "cls": "Baren land", "kh": "ដីទំនេរ", "ha": 25388 }, "geometry": { "type": "Polygon", "coordinates": [ [ [ 103.7044, 11.2726 ], [ 103.7083, 11.2692 ], [ 103.7071, 11.2661 ], [ 103.7023, 11.2622 ], [ 103.6983, 11.2628 ], [ 103.6966, 11.268 ], [ 103.7044, 11.2726 ] ] ] } },
{ "type": "Feature", "properties": { "cls": "Baren land", "kh": "ដីទំនេរ", "ha": 25388 }, "geometry": { "type": "Polygon", "coordinates": [ [ [ 103.7059, 11.3634 ], [ 103.6986, 11.3676 ], [ 103.6986, 11.3732 ], [ 103.7011, 11.3735 ], [ 103.7031, 11.3702 ], [ 103.7032, 11.3761 ], [ 103.7097, 11.3785 ], [ 103.712, 11.3735 ], [ 103.7156, 11.3762 ], [ 103.7213, 11.37 ], [ 103.7154, 11.3644 ], [ 103.7121, 11.3673 ], [ 103.7059, 11.3634 ] ] ] } },
{ "type": "Feature", "properties": { "cls": "Baren land", "kh": "ដីទំនេរ", "ha": 25388 }, "geometry": { "type": "Polygon", "coordinates": [ [ [ 103.7014, 11.4139 ], [ 103.7077, 11.4064 ], [ 103.7063, 11.4006 ], [ 103.6996, 11.3988 ], [ 103.6836, 11.4096 ], [ 103.6875, 11.4169 ], [ 103.6951, 11.4174 ], [ 103.7014, 11.4139 ] ] ] } },
{ "type": "Feature", "properties": { "cls": "Baren land", "kh": "ដីទំនេរ", "ha": 25388 }, "geometry": { "type": "Polygon", "coordinates": [ [ [ 103.686, 11.444 ], [ 103.6862, 11.4499 ], [ 103.7007, 11.4459 ], [ 103.6915, 11.4404 ], [ 103.686, 11.444 ] ] ] } },
{ "type": "Feature", "properties": { "cls": "Baren land", "kh": "ដីទំនេរ", "ha": 25388 }, "geometry": { "type": "Polygon", "coordinates": [ [ [ 103.6857, 11.4802 ], [ 103.6879, 11.4841 ], [ 103.6862, 11.4871 ], [ 103.6884, 11.4901 ], [ 103.6906, 11.4898 ], [ 103.6974, 11.4839 ], [ 103.6956, 11.4816 ], [ 103.6987, 11.4781 ], [ 103.6857, 11.4802 ] ] ] } },
{ "type": "Feature", "properties": { "cls": "Baren land", "kh": "ដីទំនេរ", "ha": 25388 }, "geometry": { "type": "Polygon", "coordinates": [ [ [ 103.7085, 11.4922 ], [ 103.6953, 11.4963 ], [ 103.6963, 11.5006 ], [ 103.7039, 11.5017 ], [ 103.7085, 11.4922 ] ] ] } },
{ "type": "Feature", "properties": { "cls": "Baren land", "kh": "ដីទំនេរ", "ha": 25388 }, "geometry": { "type": "Polygon", "coordinates": [ [ [ 103.6356, 11.6883 ], [ 103.6297, 11.6922 ], [ 103.6387, 11.6967 ], [ 103.6372, 11.6935 ], [ 103.6408, 11.6916 ], [ 103.6368, 11.6909 ], [ 103.6356, 11.6883 ] ] ] } },
{ "type": "Feature", "properties": { "cls": "Baren land", "kh": "ដីទំនេរ", "ha": 25388 }, "geometry": { "type": "Polygon", "coordinates": [ [ [ 103.6375, 11.7741 ], [ 103.646, 11.7855 ], [ 103.6502, 11.7851 ], [ 103.6477, 11.7726 ], [ 103.6407, 11.766 ], [ 103.6375, 11.7741 ] ] ] } },
{ "type": "Feature", "properties": { "cls": "Baren land", "kh": "ដីទំនេរ", "ha": 25388 }, "geometry": { "type": "Polygon", "coordinates": [ [ [ 103.6493, 11.8967 ], [ 103.6528, 11.9037 ], [ 103.6567, 11.9048 ], [ 103.6581, 11.884 ], [ 103.6562, 11.8846 ], [ 103.6541, 11.8924 ], [ 103.6493, 11.8967 ] ] ] } },
{ "type": "Feature", "properties": { "cls": "Baren land", "kh": "ដីទំនេរ", "ha": 25388 }, "geometry": { "type": "Polygon", "coordinates": [ [ [ 103.7343, 10.9033 ], [ 103.741, 10.9103 ], [ 103.7449, 10.9097 ], [ 103.743, 10.9056 ], [ 103.7371, 10.9021 ], [ 103.7343, 10.9033 ] ] ] } },
{ "type": "Feature", "properties": { "cls": "Baren land", "kh": "ដីទំនេរ", "ha": 25388 }, "geometry": { "type": "Polygon", "coordinates": [ [ [ 103.7445, 11.0578 ], [ 103.7459, 11.0646 ], [ 103.729, 11.0621 ], [ 103.7294, 11.0644 ], [ 103.735, 11.0639 ], [ 103.7348, 11.0667 ], [ 103.7426, 11.0703 ], [ 103.7387, 11.0736 ], [ 103.7307, 11.0725 ], [ 103.7311, 11.0747 ], [ 103.7342, 11.075 ], [ 103.732, 11.0767 ], [ 103.7324, 11.0816 ], [ 103.7383, 11.0831 ], [ 103.743, 11.0871 ], [ 103.7488, 11.0867 ], [ 103.7429, 11.0834 ], [ 103.7476, 11.0823 ], [ 103.7542, 11.0882 ], [ 103.7552, 11.0846 ], [ 103.7533, 11.0826 ], [ 103.7568, 11.0781 ], [ 103.7508, 11.0789 ], [ 103.7541, 11.0657 ], [ 103.751, 11.066 ], [ 103.7524, 11.0632 ], [ 103.747, 11.052 ], [ 103.7445, 11.0578 ] ] ] } },
{ "type": "Feature", "properties": { "cls": "Baren land", "kh": "ដីទំនេរ", "ha": 25388 }, "geometry": { "type": "Polygon", "coordinates": [ [ [ 103.7537, 11.2662 ], [ 103.7552, 11.2706 ], [ 103.7619, 11.2694 ], [ 103.7643, 11.2749 ], [ 103.7665, 11.2742 ], [ 103.7671, 11.2696 ], [ 103.7726, 11.2674 ], [ 103.7727, 11.2649 ], [ 103.7701, 11.2606 ], [ 103.7671, 11.2624 ], [ 103.7673, 11.2663 ], [ 103.7651, 11.2681 ], [ 103.7606, 11.2639 ], [ 103.7577, 11.2651 ], [ 103.756, 11.2597 ], [ 103.7537, 11.2662 ] ] ] } },
{ "type": "Feature", "properties": { "cls": "Baren land", "kh": "ដីទំនេរ", "ha": 25388 }, "geometry": { "type": "Polygon", "coordinates": [ [ [ 103.7276, 11.3137 ], [ 103.7195, 11.3175 ], [ 103.722, 11.3183 ], [ 103.724, 11.3228 ], [ 103.7278, 11.3214 ], [ 103.7292, 11.3242 ], [ 103.7349, 11.3263 ], [ 103.7363, 11.3249 ], [ 103.7297, 11.3177 ], [ 103.7343, 11.3126 ], [ 103.7338, 11.3066 ], [ 103.7276, 11.3137 ] ] ] } },
{ "type": "Feature", "properties": { "cls": "Baren land", "kh": "ដីទំនេរ", "ha": 25388 }, "geometry": { "type": "Polygon", "coordinates": [ [ [ 103.7346, 11.3701 ], [ 103.7294, 11.376 ], [ 103.7261, 11.3765 ], [ 103.7285, 11.3834 ], [ 103.7373, 11.3793 ], [ 103.7386, 11.3713 ], [ 103.7346, 11.3701 ] ] ] } },
{ "type": "Feature", "properties": { "cls": "Baren land", "kh": "ដីទំនេរ", "ha": 25388 }, "geometry": { "type": "Polygon", "coordinates": [ [ [ 103.7536, 11.4221 ], [ 103.7489, 11.4268 ], [ 103.7428, 11.4292 ], [ 103.7571, 11.4324 ], [ 103.756, 11.429 ], [ 103.7591, 11.4248 ], [ 103.7536, 11.4221 ] ] ] } },
{ "type": "Feature", "properties": { "cls": "Baren land", "kh": "ដីទំនេរ", "ha": 25388 }, "geometry": { "type": "Polygon", "coordinates": [ [ [ 103.7563, 11.4493 ], [ 103.7565, 11.4517 ], [ 103.7507, 11.4509 ], [ 103.7496, 11.4524 ], [ 103.7541, 11.4563 ], [ 103.7527, 11.4603 ], [ 103.758, 11.4617 ], [ 103.754, 11.4631 ], [ 103.7547, 11.4669 ], [ 103.7692, 11.4667 ], [ 103.7719, 11.4565 ], [ 103.7703, 11.4552 ], [ 103.7758, 11.4523 ], [ 103.7721, 11.4455 ], [ 103.7693, 11.4469 ], [ 103.7696, 11.4515 ], [ 103.7625, 11.4467 ], [ 103.7563, 11.4493 ] ] ] } },
{ "type": "Feature", "properties": { "cls": "Baren land", "kh": "ដីទំនេរ", "ha": 25388 }, "geometry": { "type": "Polygon", "coordinates": [ [ [ 103.7597, 11.4709 ], [ 103.7552, 11.4705 ], [ 103.7601, 11.4758 ], [ 103.7557, 11.4777 ], [ 103.7549, 11.4823 ], [ 103.7623, 11.4846 ], [ 103.7645, 11.49 ], [ 103.7642, 11.4813 ], [ 103.7679, 11.4771 ], [ 103.767, 11.4718 ], [ 103.7633, 11.4671 ], [ 103.7597, 11.4709 ] ] ] } },
{ "type": "Feature", "properties": { "cls": "Baren land", "kh": "ដីទំនេរ", "ha": 25388 }, "geometry": { "type": "Polygon", "coordinates": [ [ [ 103.739, 11.4933 ], [ 103.727, 11.5066 ], [ 103.7276, 11.5106 ], [ 103.7323, 11.511 ], [ 103.738, 11.5075 ], [ 103.7357, 11.5009 ], [ 103.7419, 11.4973 ], [ 103.739, 11.4933 ] ] ] } },
{ "type": "Feature", "properties": { "cls": "Baren land", "kh": "ដីទំនេរ", "ha": 25388 }, "geometry": { "type": "Polygon", "coordinates": [ [ [ 103.7241, 11.6132 ], [ 103.719, 11.6138 ], [ 103.7233, 11.6189 ], [ 103.7252, 11.617 ], [ 103.7304, 11.6171 ], [ 103.7241, 11.6132 ] ] ] } },
{ "type": "Feature", "properties": { "cls": "Baren land", "kh": "ដីទំនេរ", "ha": 25388 }, "geometry": { "type": "Polygon", "coordinates": [ [ [ 103.774, 10.9882 ], [ 103.7803, 10.9987 ], [ 103.7787, 10.9996 ], [ 103.7803, 11.0024 ], [ 103.7838, 11.0014 ], [ 103.787, 11.0122 ], [ 103.7917, 10.9909 ], [ 103.7871, 10.9886 ], [ 103.7838, 10.9921 ], [ 103.7814, 10.9886 ], [ 103.7769, 10.9899 ], [ 103.7772, 10.9873 ], [ 103.7813, 10.9868 ], [ 103.7766, 10.9846 ], [ 103.774, 10.9882 ] ] ] } },
{ "type": "Feature", "properties": { "cls": "Baren land", "kh": "ដីទំនេរ", "ha": 25388 }, "geometry": { "type": "Polygon", "coordinates": [ [ [ 103.7882, 11.0834 ], [ 103.7895, 11.09 ], [ 103.7934, 11.0914 ], [ 103.7971, 11.0969 ], [ 103.7971, 11.0894 ], [ 103.7918, 11.087 ], [ 103.7908, 11.084 ], [ 103.7961, 11.0809 ], [ 103.8021, 11.0832 ], [ 103.8013, 11.0865 ], [ 103.8034, 11.0883 ], [ 103.805, 11.0795 ], [ 103.7899, 11.0769 ], [ 103.7882, 11.0834 ] ] ] } },
{ "type": "Feature", "properties": { "cls": "Baren land", "kh": "ដីទំនេរ", "ha": 25388 }, "geometry": { "type": "Polygon", "coordinates": [ [ [ 103.7908, 11.152 ], [ 103.7954, 11.1635 ], [ 103.7926, 11.1669 ], [ 103.7967, 11.1707 ], [ 103.8009, 11.1644 ], [ 103.7999, 11.1595 ], [ 103.8073, 11.1584 ], [ 103.8127, 11.1523 ], [ 103.8103, 11.1501 ], [ 103.8048, 11.152 ], [ 103.8049, 11.1489 ], [ 103.8084, 11.148 ], [ 103.8007, 11.1443 ], [ 103.7964, 11.1549 ], [ 103.7908, 11.152 ] ] ] } },
{ "type": "Feature", "properties": { "cls": "Baren land", "kh": "ដីទំនេរ", "ha": 25388 }, "geometry": { "type": "Polygon", "coordinates": [ [ [ 103.7888, 11.1687 ], [ 103.7835, 11.1764 ], [ 103.7828, 11.1708 ], [ 103.7851, 11.1653 ], [ 103.7829, 11.164 ], [ 103.7763, 11.1711 ], [ 103.7755, 11.1805 ], [ 103.7849, 11.1932 ], [ 103.7832, 11.1968 ], [ 103.7898, 11.2002 ], [ 103.7936, 11.2092 ], [ 103.7972, 11.2106 ], [ 103.801, 11.2025 ], [ 103.7927, 11.1946 ], [ 103.7923, 11.1913 ], [ 103.7847, 11.1881 ], [ 103.7862, 11.1849 ], [ 103.7923, 11.1841 ], [ 103.7944, 11.1807 ], [ 103.7941, 11.1725 ], [ 103.7901, 11.1766 ], [ 103.7904, 11.1698 ], [ 103.7888, 11.1687 ] ] ] } },
{ "type": "Feature", "properties": { "cls": "Baren land", "kh": "ដីទំនេរ", "ha": 25388 }, "geometry": { "type": "Polygon", "coordinates": [ [ [ 103.7844, 11.2212 ], [ 103.7799, 11.2165 ], [ 103.7836, 11.2107 ], [ 103.7813, 11.205 ], [ 103.7801, 11.2094 ], [ 103.7775, 11.2075 ], [ 103.7757, 11.2115 ], [ 103.7768, 11.2158 ], [ 103.7701, 11.2221 ], [ 103.7777, 11.2272 ], [ 103.7782, 11.2231 ], [ 103.7844, 11.2212 ] ] ] } },
{ "type": "Feature", "properties": { "cls": "Baren land", "kh": "ដីទំនេរ", "ha": 25388 }, "geometry": { "type": "Polygon", "coordinates": [ [ [ 103.7879, 11.2811 ], [ 103.781, 11.2784 ], [ 103.7793, 11.2795 ], [ 103.7819, 11.2857 ], [ 103.7876, 11.2824 ], [ 103.7872, 11.286 ], [ 103.7795, 11.29 ], [ 103.7847, 11.2906 ], [ 103.7842, 11.294 ], [ 103.7912, 11.2903 ], [ 103.7952, 11.2811 ], [ 103.8041, 11.281 ], [ 103.8053, 11.2799 ], [ 103.8029, 11.2757 ], [ 103.8103, 11.2742 ], [ 103.807, 11.2706 ], [ 103.7959, 11.271 ], [ 103.7951, 11.2749 ], [ 103.8014, 11.2765 ], [ 103.7879, 11.2811 ] ] ] } },
{ "type": "Feature", "properties": { "cls": "Baren land", "kh": "ដីទំនេរ", "ha": 25388 }, "geometry": { "type": "Polygon", "coordinates": [ [ [ 103.7816, 11.4993 ], [ 103.7873, 11.5033 ], [ 103.7866, 11.5102 ], [ 103.7911, 11.5102 ], [ 103.7913, 11.5147 ], [ 103.7929, 11.5134 ], [ 103.8, 11.5187 ], [ 103.8043, 11.5177 ], [ 103.8049, 11.5111 ], [ 103.8025, 11.5136 ], [ 103.8017, 11.5107 ], [ 103.7981, 11.5104 ], [ 103.7937, 11.5017 ], [ 103.7816, 11.4993 ] ] ] } },
{ "type": "Feature", "properties": { "cls": "Baren land", "kh": "ដីទំនេរ", "ha": 25388 }, "geometry": { "type": "Polygon", "coordinates": [ [ [ 103.7742, 11.5099 ], [ 103.7705, 11.5061 ], [ 103.768, 11.5102 ], [ 103.7783, 11.5197 ], [ 103.781, 11.52 ], [ 103.7824, 11.5342 ], [ 103.7918, 11.5363 ], [ 103.7871, 11.5239 ], [ 103.7803, 11.5175 ], [ 103.7836, 11.5094 ], [ 103.7825, 11.5074 ], [ 103.7799, 11.5068 ], [ 103.7794, 11.5086 ], [ 103.775, 11.5062 ], [ 103.7742, 11.5099 ] ] ] } },
{ "type": "Feature", "properties": { "cls": "Baren land", "kh": "ដីទំនេរ", "ha": 25388 }, "geometry": { "type": "Polygon", "coordinates": [ [ [ 103.7706, 11.7791 ], [ 103.7662, 11.7827 ], [ 103.768, 11.7879 ], [ 103.7758, 11.7924 ], [ 103.7829, 11.7922 ], [ 103.7824, 11.7895 ], [ 103.7784, 11.7885 ], [ 103.7792, 11.7848 ], [ 103.7753, 11.783 ], [ 103.7753, 11.7806 ], [ 103.7795, 11.7792 ], [ 103.7759, 11.7767 ], [ 103.7728, 11.7797 ], [ 103.7706, 11.7791 ] ] ] } },
{ "type": "Feature", "properties": { "cls": "Baren land", "kh": "ដីទំនេរ", "ha": 25388 }, "geometry": { "type": "Polygon", "coordinates": [ [ [ 103.7833, 11.7843 ], [ 103.7844, 11.7866 ], [ 103.79, 11.7875 ], [ 103.7881, 11.791 ], [ 103.7927, 11.7909 ], [ 103.7915, 11.7861 ], [ 103.7871, 11.7836 ], [ 103.7833, 11.7843 ] ] ] } },
{ "type": "Feature", "properties": { "cls": "Baren land", "kh": "ដីទំនេរ", "ha": 25388 }, "geometry": { "type": "Polygon", "coordinates": [ [ [ 103.8108, 11.0992 ], [ 103.8096, 11.1113 ], [ 103.8, 11.1226 ], [ 103.8053, 11.1312 ], [ 103.8083, 11.1301 ], [ 103.8079, 11.1209 ], [ 103.8139, 11.1255 ], [ 103.8175, 11.1227 ], [ 103.8171, 11.1075 ], [ 103.8201, 11.1048 ], [ 103.8159, 11.1022 ], [ 103.8181, 11.0964 ], [ 103.8108, 11.0992 ] ] ] } },
{ "type": "Feature", "properties": { "cls": "Baren land", "kh": "ដីទំនេរ", "ha": 25388 }, "geometry": { "type": "Polygon", "coordinates": [ [ [ 103.8403, 11.1727 ], [ 103.8388, 11.1798 ], [ 103.8309, 11.1857 ], [ 103.8315, 11.1881 ], [ 103.8394, 11.1844 ], [ 103.8492, 11.1838 ], [ 103.8403, 11.1727 ] ] ] } },
{ "type": "Feature", "properties": { "cls": "Baren land", "kh": "ដីទំនេរ", "ha": 25388 }, "geometry": { "type": "Polygon", "coordinates": [ [ [ 103.8188, 11.2002 ], [ 103.8207, 11.2026 ], [ 103.819, 11.2046 ], [ 103.8247, 11.2074 ], [ 103.8299, 11.2053 ], [ 103.833, 11.1974 ], [ 103.8255, 11.1904 ], [ 103.8188, 11.2002 ] ] ] } },
{ "type": "Feature", "properties": { "cls": "Baren land", "kh": "ដីទំនេរ", "ha": 25388 }, "geometry": { "type": "Polygon", "coordinates": [ [ [ 103.805, 11.1962 ], [ 103.8031, 11.2088 ], [ 103.807, 11.2089 ], [ 103.8067, 11.2146 ], [ 103.8132, 11.2154 ], [ 103.8149, 11.2186 ], [ 103.8201, 11.2149 ], [ 103.8244, 11.2156 ], [ 103.8252, 11.2136 ], [ 103.818, 11.2088 ], [ 103.8133, 11.2089 ], [ 103.8111, 11.2022 ], [ 103.8067, 11.2002 ], [ 103.805, 11.1962 ] ] ] } },
{ "type": "Feature", "properties": { "cls": "Baren land", "kh": "ដីទំនេរ", "ha": 25388 }, "geometry": { "type": "Polygon", "coordinates": [ [ [ 103.8294, 11.274 ], [ 103.8219, 11.2787 ], [ 103.8219, 11.2825 ], [ 103.8285, 11.2802 ], [ 103.835, 11.2811 ], [ 103.8301, 11.2772 ], [ 103.8294, 11.274 ] ] ] } },
{ "type": "Feature", "properties": { "cls": "Baren land", "kh": "ដីទំនេរ", "ha": 25388 }, "geometry": { "type": "Polygon", "coordinates": [ [ [ 103.81, 11.3064 ], [ 103.8152, 11.3118 ], [ 103.8182, 11.3093 ], [ 103.8174, 11.3056 ], [ 103.8116, 11.304 ], [ 103.81, 11.3064 ] ] ] } },
{ "type": "Feature", "properties": { "cls": "Baren land", "kh": "ដីទំនេរ", "ha": 25388 }, "geometry": { "type": "Polygon", "coordinates": [ [ [ 103.8268, 11.2999 ], [ 103.8228, 11.3022 ], [ 103.8211, 11.3069 ], [ 103.8235, 11.3116 ], [ 103.824, 11.3063 ], [ 103.8289, 11.3022 ], [ 103.8268, 11.2999 ] ] ] } },
{ "type": "Feature", "properties": { "cls": "Forest cover", "kh": "ព្រៃឈើ", "ha": 1017128 }, "geometry": { "type": "Polygon", "coordinates": [ [ [ 102.9118, 11.6495 ], [ 102.9173, 11.6551 ], [ 102.9133, 11.6874 ], [ 102.9112, 11.7458 ], [ 102.9043, 11.7688 ], [ 102.8984, 11.7768 ], [ 102.9, 11.7815 ], [ 102.9023, 11.7819 ], [ 102.9017, 11.7769 ], [ 102.9069, 11.777 ], [ 102.9103, 11.7839 ], [ 102.9258, 11.7701 ], [ 102.9468, 11.7608 ], [ 102.9507, 11.7526 ], [ 102.9513, 11.7384 ], [ 102.9618, 11.7302 ], [ 102.9656, 11.7232 ], [ 102.9635, 11.7122 ], [ 102.9581, 11.7021 ], [ 102.9581, 11.6839 ], [ 102.9523, 11.6741 ], [ 102.9557, 11.6665 ], [ 102.9519, 11.6515 ], [ 102.9595, 11.6493 ], [ 102.9575, 11.6352 ], [ 102.9594, 11.6273 ], [ 102.9577, 11.6287 ], [ 102.9559, 11.6266 ], [ 102.9529, 11.6342 ], [ 102.9449, 11.6422 ], [ 102.9432, 11.6392 ], [ 102.9409, 11.6486 ], [ 102.9435, 11.6518 ], [ 102.94, 11.6532 ], [ 102.9356, 11.6516 ], [ 102.9354, 11.6631 ], [ 102.9386, 11.6686 ], [ 102.9391, 11.6763 ], [ 102.9326, 11.6878 ], [ 102.926, 11.6841 ], [ 102.9288, 11.6786 ], [ 102.9253, 11.6765 ], [ 102.927, 11.6712 ], [ 102.9232, 11.6674 ], [ 102.9246, 11.6622 ], [ 102.9308, 11.6601 ], [ 102.9286, 11.6563 ], [ 102.9311, 11.6521 ], [ 102.9249, 11.6523 ], [ 102.919, 11.6486 ], [ 102.9186, 11.6433 ], [ 102.9225, 11.6393 ], [ 102.9241, 11.643 ], [ 102.9335, 11.6424 ], [ 102.9453, 11.6377 ], [ 102.947, 11.6348 ], [ 102.9471, 11.6261 ], [ 102.938, 11.6358 ], [ 102.9392, 11.6326 ], [ 102.9358, 11.6284 ], [ 102.9453, 11.6219 ], [ 102.9515, 11.6054 ], [ 102.9546, 11.6026 ], [ 102.9545, 11.5966 ], [ 102.9615, 11.595 ], [ 102.9611, 11.588 ], [ 102.9585, 11.5876 ], [ 102.9608, 11.5846 ], [ 102.9578, 11.5845 ], [ 102.9601, 11.582 ], [ 102.9556, 11.5722 ], [ 102.9501, 11.575 ], [ 102.9537, 11.5709 ], [ 102.9506, 11.569 ], [ 102.9434, 11.5889 ], [ 102.94, 11.5907 ], [ 102.9356, 11.5907 ], [ 102.9337, 11.5881 ], [ 102.9318, 11.5897 ], [ 102.9315, 11.5976 ], [ 102.9348, 11.6008 ], [ 102.9378, 11.5987 ], [ 102.9375, 11.6089 ], [ 102.9286, 11.6293 ], [ 102.9233, 11.6357 ], [ 102.9189, 11.6331 ], [ 102.9118, 11.6495 ] ] ] } },
{ "type": "Feature", "properties": { "cls": "Forest cover", "kh": "ព្រៃឈើ", "ha": 1017128 }, "geometry": { "type": "Polygon", "coordinates": [ [ [ 102.8814, 11.7912 ], [ 102.8859, 11.7996 ], [ 102.8831, 11.7999 ], [ 102.8826, 11.8037 ], [ 102.8729, 11.8048 ], [ 102.8653, 11.8087 ], [ 102.8627, 11.8133 ], [ 102.8624, 11.824 ], [ 102.8593, 11.8265 ], [ 102.8539, 11.8257 ], [ 102.8488, 11.8328 ], [ 102.8467, 11.8409 ], [ 102.85, 11.8395 ], [ 102.8517, 11.8446 ], [ 102.8454, 11.8528 ], [ 102.8493, 11.8627 ], [ 102.8467, 11.8635 ], [ 102.8386, 11.8523 ], [ 102.8329, 11.8582 ], [ 102.8198, 11.8924 ], [ 102.8224, 11.908 ], [ 102.8142, 11.9257 ], [ 102.8161, 11.9332 ], [ 102.8094, 11.945 ], [ 102.8006, 11.9493 ], [ 102.7961, 11.9577 ], [ 102.7972, 11.9614 ], [ 102.7915, 11.9756 ], [ 102.7897, 11.9776 ], [ 102.786, 11.977 ], [ 102.7822, 11.9852 ], [ 102.7765, 12.0069 ], [ 102.7761, 12.0138 ], [ 102.7794, 12.0219 ], [ 102.7976, 12.0136 ], [ 102.9726, 12.0023 ], [ 102.9963, 11.997 ], [ 103.0185, 11.9886 ], [ 103.1147, 11.9468 ], [ 103.139, 11.9441 ], [ 103.1533, 11.9479 ], [ 103.16, 11.9436 ], [ 103.1713, 11.9497 ], [ 103.1743, 11.9486 ], [ 103.185, 11.9525 ], [ 103.1944, 11.962 ], [ 103.1987, 11.9635 ], [ 103.2192, 11.9602 ], [ 103.2235, 11.9568 ], [ 103.2294, 11.9631 ], [ 103.2284, 11.9689 ], [ 103.2302, 11.9752 ], [ 103.2446, 11.9765 ], [ 103.2533, 11.9732 ], [ 103.2571, 11.9781 ], [ 103.2566, 11.982 ], [ 103.2632, 11.9841 ], [ 103.2681, 11.9884 ], [ 103.2716, 11.9892 ], [ 103.2905, 11.9797 ], [ 103.2947, 11.9815 ], [ 103.296, 11.9853 ], [ 103.3115, 11.9857 ], [ 103.3163, 11.9935 ], [ 103.3196, 12.0089 ], [ 103.3279, 12.0148 ], [ 103.3304, 12.0192 ], [ 103.3343, 12.0181 ], [ 103.3381, 12.0201 ], [ 103.3462, 12.0278 ], [ 103.3589, 12.0284 ], [ 103.3636, 12.0312 ], [ 103.3609, 12.0456 ], [ 103.3643, 12.0613 ], [ 103.3766, 12.0712 ], [ 103.3832, 12.0699 ], [ 103.3868, 12.0719 ], [ 103.3825, 12.0759 ], [ 103.3848, 12.0814 ], [ 103.3809, 12.0891 ], [ 103.3838, 12.0924 ], [ 103.3821, 12.097 ], [ 103.3918, 12.108 ], [ 103.4001, 12.1088 ], [ 103.4031, 12.1035 ], [ 103.4132, 12.1019 ], [ 103.4146, 12.0965 ], [ 103.4198, 12.0957 ], [ 103.4207, 12.0929 ], [ 103.4334, 12.0867 ], [ 103.4369, 12.0912 ], [ 103.4486, 12.0942 ], [ 103.4543, 12.0998 ], [ 103.4584, 12.1008 ], [ 103.47, 12.1161 ], [ 103.4757, 12.1159 ], [ 103.4811, 12.1109 ], [ 103.4815, 12.1075 ], [ 103.4842, 12.1087 ], [ 103.4863, 12.1067 ], [ 103.4903, 12.099 ], [ 103.5074, 12.1057 ], [ 103.5137, 12.1045 ], [ 103.523, 12.0973 ], [ 103.5298, 12.0988 ], [ 103.5375, 12.095 ], [ 103.541, 12.0904 ], [ 103.5375, 12.0883 ], [ 103.5365, 12.0849 ], [ 103.5473, 12.0786 ], [ 103.5493, 12.0754 ], [ 103.5596, 12.0711 ], [ 103.5638, 12.0655 ], [ 103.5683, 12.0669 ], [ 103.5719, 12.0566 ], [ 103.5837, 12.0532 ], [ 103.5907, 12.0408 ], [ 103.6004, 12.0336 ], [ 103.6046, 12.0242 ], [ 103.6114, 12.0198 ], [ 103.6336, 12.0136 ], [ 103.6372, 12.0065 ], [ 103.636, 12.002 ], [ 103.6278, 11.9946 ], [ 103.6337, 11.9917 ], [ 103.6369, 11.9857 ], [ 103.644, 11.9865 ], [ 103.6497, 11.9837 ], [ 103.6498, 11.9796 ], [ 103.6532, 11.9787 ], [ 103.6554, 11.9748 ], [ 103.6667, 11.9721 ], [ 103.6744, 11.9657 ], [ 103.6969, 11.9633 ], [ 103.7002, 11.9466 ], [ 103.6945, 11.9415 ], [ 103.7084, 11.9368 ], [ 103.7134, 11.9294 ], [ 103.7218, 11.9277 ], [ 103.7412, 11.9401 ], [ 103.7482, 11.9318 ], [ 103.7571, 11.9261 ], [ 103.7642, 11.9258 ], [ 103.7715, 11.934 ], [ 103.7759, 11.9315 ], [ 103.789, 11.9314 ], [ 103.7971, 11.9235 ], [ 103.7978, 11.9161 ], [ 103.8013, 11.9108 ], [ 103.8049, 11.9072 ], [ 103.8089, 11.909 ], [ 103.8141, 11.901 ], [ 103.8149, 11.8953 ], [ 103.8185, 11.8937 ], [ 103.8356, 11.8727 ], [ 103.8381, 11.8615 ], [ 103.8422, 11.8546 ], [ 103.8483, 11.8535 ], [ 103.8577, 11.8433 ], [ 103.8486, 11.8416 ], [ 103.8397, 11.8365 ], [ 103.8283, 11.8358 ], [ 103.8223, 11.8386 ], [ 103.8065, 11.8403 ], [ 103.7878, 11.8509 ], [ 103.7842, 11.8494 ], [ 103.7849, 11.8436 ], [ 103.7807, 11.8326 ], [ 103.7838, 11.8102 ], [ 103.7859, 11.8063 ], [ 103.7929, 11.8032 ], [ 103.7927, 11.7909 ], [ 103.7881, 11.791 ], [ 103.7896, 11.7871 ], [ 103.7831, 11.7853 ], [ 103.7871, 11.7836 ], [ 103.7795, 11.7792 ], [ 103.7753, 11.7806 ], [ 103.7753, 11.783 ], [ 103.7792, 11.7848 ], [ 103.7784, 11.7885 ], [ 103.7824, 11.7895 ], [ 103.7829, 11.7922 ], [ 103.7744, 11.7918 ], [ 103.768, 11.7879 ], [ 103.7662, 11.7827 ], [ 103.7759, 11.7767 ], [ 103.773, 11.7696 ], [ 103.783, 11.7508 ], [ 103.7808, 11.7445 ], [ 103.7755, 11.7387 ], [ 103.7737, 11.7214 ], [ 103.7753, 11.7128 ], [ 103.782, 11.7022 ], [ 103.7979, 11.6882 ], [ 103.802, 11.6784 ], [ 103.8029, 11.6661 ], [ 103.7968, 11.6538 ], [ 103.795, 11.6229 ], [ 103.8184, 11.6191 ], [ 103.8268, 11.6095 ], [ 103.8333, 11.6071 ], [ 103.8387, 11.5953 ], [ 103.8425, 11.5946 ], [ 103.845, 11.5906 ], [ 103.8512, 11.5896 ], [ 103.8634, 11.5794 ], [ 103.8606, 11.5732 ], [ 103.8634, 11.5744 ], [ 103.8767, 11.5666 ], [ 103.8823, 11.5671 ], [ 103.8881, 11.5581 ], [ 103.9041, 11.5561 ], [ 103.9114, 11.5531 ], [ 103.9161, 11.5473 ], [ 103.9166, 11.5371 ], [ 103.9268, 11.5359 ], [ 103.9326, 11.5216 ], [ 103.938, 11.5163 ], [ 103.9483, 11.5171 ], [ 103.9529, 11.5198 ], [ 103.956, 11.5169 ], [ 103.9567, 11.5103 ], [ 103.9692, 11.5247 ], [ 103.9789, 11.5273 ], [ 103.9827, 11.5234 ], [ 103.9964, 11.5302 ], [ 104.0023, 11.5298 ], [ 104.0164, 11.5175 ], [ 104.0251, 11.5013 ], [ 104.0304, 11.5003 ], [ 104.0386, 11.4947 ], [ 104.0456, 11.4978 ], [ 104.0532, 11.4954 ], [ 104.0598, 11.4818 ], [ 104.0646, 11.4587 ], [ 104.0612, 11.454 ], [ 104.0479, 11.448 ], [ 104.0469, 11.4409 ], [ 104.0418, 11.4359 ], [ 103.987, 11.3993 ], [ 103.9759, 11.3889 ], [ 103.949, 11.354 ], [ 103.9029, 11.3017 ], [ 103.9006, 11.2966 ], [ 103.9024, 11.2896 ], [ 103.9009, 11.2832 ], [ 103.8945, 11.2776 ], [ 103.8843, 11.2733 ], [ 103.8865, 11.2704 ], [ 103.8848, 11.2688 ], [ 103.888, 11.2661 ], [ 103.8806, 11.2596 ], [ 103.877, 11.2596 ], [ 103.8718, 11.2524 ], [ 103.8736, 11.2462 ], [ 103.8722, 11.24 ], [ 103.8688, 11.2391 ], [ 103.8601, 11.2254 ], [ 103.8516, 11.2239 ], [ 103.8517, 11.2213 ], [ 103.8628, 11.2132 ], [ 103.8635, 11.2099 ], [ 103.8684, 11.2062 ], [ 103.8748, 11.1848 ], [ 103.8739, 11.1814 ], [ 103.8772, 11.1788 ], [ 103.8776, 11.1746 ], [ 103.8819, 11.1721 ], [ 103.8824, 11.1632 ], [ 103.8853, 11.1658 ], [ 103.8871, 11.1572 ], [ 103.8817, 11.1526 ], [ 103.879, 11.155 ], [ 103.8744, 11.1495 ], [ 103.871, 11.1488 ], [ 103.8687, 11.143 ], [ 103.8719, 11.1439 ], [ 103.8705, 11.1403 ], [ 103.8726, 11.1364 ], [ 103.8668, 11.131 ], [ 103.8635, 11.132 ], [ 103.8642, 11.1229 ], [ 103.8602, 11.1198 ], [ 103.8591, 11.1132 ], [ 103.8515, 11.1037 ], [ 103.8396, 11.096 ], [ 103.8403, 11.0861 ], [ 103.8417, 11.0845 ], [ 103.8436, 11.0856 ], [ 103.8428, 11.0904 ], [ 103.8462, 11.0869 ], [ 103.8456, 11.082 ], [ 103.8425, 11.0807 ], [ 103.8488, 11.0785 ], [ 103.8463, 11.0725 ], [ 103.8339, 11.072 ], [ 103.8224, 11.0571 ], [ 103.8109, 11.0516 ], [ 103.8037, 11.0531 ], [ 103.8014, 11.0596 ], [ 103.8046, 11.0587 ], [ 103.8124, 11.0625 ], [ 103.8121, 11.0682 ], [ 103.8057, 11.0644 ], [ 103.8031, 11.0661 ], [ 103.804, 11.071 ], [ 103.8013, 11.0749 ], [ 103.8018, 11.0793 ], [ 103.805, 11.0795 ], [ 103.8046, 11.0857 ], [ 103.8034, 11.0883 ], [ 103.8001, 11.0852 ], [ 103.7985, 11.0869 ], [ 103.8045, 11.0965 ], [ 103.8074, 11.0971 ], [ 103.8016, 11.104 ], [ 103.799, 11.1041 ], [ 103.7968, 11.1126 ], [ 103.7915, 11.1204 ], [ 103.7904, 11.1165 ], [ 103.7876, 11.1163 ], [ 103.7875, 11.1112 ], [ 103.7917, 11.1082 ], [ 103.7904, 11.1041 ], [ 103.7848, 11.0988 ], [ 103.7849, 11.0961 ], [ 103.7822, 11.0989 ], [ 103.7789, 11.096 ], [ 103.7759, 11.0965 ], [ 103.7711, 11.1316 ], [ 103.78, 11.1372 ], [ 103.784, 11.1306 ], [ 103.7827, 11.1382 ], [ 103.7718, 11.1399 ], [ 103.7674, 11.1379 ], [ 103.7588, 11.1495 ], [ 103.7564, 11.15 ], [ 103.7559, 11.1364 ], [ 103.7514, 11.1337 ], [ 103.7514, 11.1406 ], [ 103.7448, 11.1497 ], [ 103.7521, 11.1481 ], [ 103.7461, 11.1554 ], [ 103.7441, 11.1543 ], [ 103.7434, 11.1618 ], [ 103.7379, 11.1655 ], [ 103.7367, 11.1605 ], [ 103.7344, 11.1706 ], [ 103.7218, 11.1775 ], [ 103.7122, 11.1723 ], [ 103.7056, 11.1742 ], [ 103.7048, 11.1697 ], [ 103.7077, 11.168 ], [ 103.7104, 11.1702 ], [ 103.7111, 11.1686 ], [ 103.718, 11.17 ], [ 103.7196, 11.1668 ], [ 103.7155, 11.1602 ], [ 103.7141, 11.1612 ], [ 103.7154, 11.1662 ], [ 103.7122, 11.1662 ], [ 103.7106, 11.1627 ], [ 103.7056, 11.1634 ], [ 103.7044, 11.1668 ], [ 103.6984, 11.1698 ], [ 103.7057, 11.1779 ], [ 103.7102, 11.1757 ], [ 103.7135, 11.1773 ], [ 103.7122, 11.1809 ], [ 103.7066, 11.182 ], [ 103.7091, 11.1859 ], [ 103.7038, 11.1877 ], [ 103.7017, 11.1925 ], [ 103.6978, 11.1908 ], [ 103.6993, 11.1833 ], [ 103.6967, 11.1803 ], [ 103.6949, 11.1864 ], [ 103.6866, 11.1868 ], [ 103.6875, 11.2047 ], [ 103.6929, 11.1995 ], [ 103.6918, 11.1964 ], [ 103.6945, 11.1933 ], [ 103.695, 11.1972 ], [ 103.6972, 11.1967 ], [ 103.697, 11.2078 ], [ 103.6888, 11.21 ], [ 103.6882, 11.214 ], [ 103.6937, 11.2211 ], [ 103.6911, 11.2225 ], [ 103.6872, 11.22 ], [ 103.6825, 11.2239 ], [ 103.6817, 11.2273 ], [ 103.6704, 11.232 ], [ 103.6708, 11.2363 ], [ 103.6735, 11.2336 ], [ 103.6771, 11.2351 ], [ 103.6837, 11.233 ], [ 103.6843, 11.2363 ], [ 103.6793, 11.2389 ], [ 103.6789, 11.2438 ], [ 103.6718, 11.2424 ], [ 103.669, 11.2383 ], [ 103.6655, 11.2406 ], [ 103.6638, 11.2354 ], [ 103.665, 11.2291 ], [ 103.6607, 11.2275 ], [ 103.6593, 11.2224 ], [ 103.6551, 11.2218 ], [ 103.6519, 11.2175 ], [ 103.6445, 11.2184 ], [ 103.6368, 11.2149 ], [ 103.63, 11.218 ], [ 103.6257, 11.2136 ], [ 103.627, 11.2093 ], [ 103.624, 11.2078 ], [ 103.626, 11.2007 ], [ 103.6244, 11.1965 ], [ 103.6272, 11.1962 ], [ 103.6354, 11.2127 ], [ 103.642, 11.2131 ], [ 103.641, 11.2086 ], [ 103.6437, 11.2082 ], [ 103.6407, 11.2046 ], [ 103.6429, 11.1989 ], [ 103.6529, 11.2095 ], [ 103.6563, 11.2104 ], [ 103.6594, 11.2039 ], [ 103.6654, 11.2024 ], [ 103.6628, 11.1958 ], [ 103.6668, 11.1924 ], [ 103.6617, 11.1876 ], [ 103.6542, 11.1848 ], [ 103.6597, 11.1771 ], [ 103.6531, 11.1739 ], [ 103.6482, 11.174 ], [ 103.6519, 11.1811 ], [ 103.6454, 11.181 ], [ 103.6422, 11.1843 ], [ 103.6407, 11.1803 ], [ 103.638, 11.1821 ], [ 103.6348, 11.1752 ], [ 103.6321, 11.1742 ], [ 103.6263, 11.1755 ], [ 103.6242, 11.1795 ], [ 103.6179, 11.1807 ], [ 103.6028, 11.1799 ], [ 103.599, 11.1753 ], [ 103.6009, 11.1714 ], [ 103.607, 11.1728 ], [ 103.6082, 11.1701 ], [ 103.6055, 11.1664 ], [ 103.6092, 11.1685 ], [ 103.6123, 11.1658 ], [ 103.6136, 11.1588 ], [ 103.6214, 11.1622 ], [ 103.6259, 11.1592 ], [ 103.6261, 11.1576 ], [ 103.6218, 11.1559 ], [ 103.6222, 11.1514 ], [ 103.6194, 11.1493 ], [ 103.6192, 11.1452 ], [ 103.6213, 11.1433 ], [ 103.6217, 11.1459 ], [ 103.6261, 11.1479 ], [ 103.6282, 11.1459 ], [ 103.6279, 11.142 ], [ 103.6339, 11.1414 ], [ 103.6315, 11.1368 ], [ 103.6248, 11.1359 ], [ 103.6278, 11.1314 ], [ 103.6293, 11.134 ], [ 103.6392, 11.1332 ], [ 103.6413, 11.1378 ], [ 103.645, 11.138 ], [ 103.6428, 11.152 ], [ 103.6473, 11.1529 ], [ 103.6501, 11.1381 ], [ 103.6521, 11.1363 ], [ 103.6497, 11.131 ], [ 103.6445, 11.128 ], [ 103.643, 11.1187 ], [ 103.6459, 11.1168 ], [ 103.6534, 11.1257 ], [ 103.6629, 11.1183 ], [ 103.666, 11.1205 ], [ 103.6695, 11.1199 ], [ 103.6682, 11.1257 ], [ 103.6692, 11.1276 ], [ 103.6754, 11.1279 ], [ 103.6768, 11.1356 ], [ 103.6704, 11.1316 ], [ 103.6679, 11.1338 ], [ 103.6648, 11.1228 ], [ 103.661, 11.1246 ], [ 103.664, 11.1254 ], [ 103.6639, 11.1308 ], [ 103.6677, 11.1341 ], [ 103.665, 11.1372 ], [ 103.6692, 11.1389 ], [ 103.6707, 11.1431 ], [ 103.6707, 11.1377 ], [ 103.6777, 11.1404 ], [ 103.6827, 11.1391 ], [ 103.6866, 11.1323 ], [ 103.6826, 11.1327 ], [ 103.6865, 11.1227 ], [ 103.683, 11.1204 ], [ 103.6808, 11.1214 ], [ 103.6821, 11.1242 ], [ 103.6795, 11.1302 ], [ 103.6766, 11.115 ], [ 103.673, 11.1158 ], [ 103.6685, 11.1118 ], [ 103.6643, 11.112 ], [ 103.6629, 11.1146 ], [ 103.6598, 11.1084 ], [ 103.6603, 11.1064 ], [ 103.665, 11.1055 ], [ 103.6676, 11.1086 ], [ 103.6773, 11.1092 ], [ 103.6773, 11.1059 ], [ 103.6737, 11.1031 ], [ 103.6759, 11.1009 ], [ 103.6796, 11.1027 ], [ 103.681, 11.1084 ], [ 103.684, 11.1104 ], [ 103.6823, 11.1159 ], [ 103.6899, 11.1152 ], [ 103.6921, 11.1193 ], [ 103.6951, 11.1198 ], [ 103.694, 11.1226 ], [ 103.6989, 11.1278 ], [ 103.6913, 11.1369 ], [ 103.6971, 11.136 ], [ 103.6988, 11.1378 ], [ 103.6931, 11.1406 ], [ 103.6881, 11.1372 ], [ 103.6774, 11.1435 ], [ 103.6737, 11.1426 ], [ 103.6674, 11.1523 ], [ 103.6606, 11.1556 ], [ 103.6587, 11.1591 ], [ 103.6638, 11.156 ], [ 103.6794, 11.1625 ], [ 103.6811, 11.1558 ], [ 103.6848, 11.1594 ], [ 103.6871, 11.1588 ], [ 103.6885, 11.151 ], [ 103.6933, 11.1512 ], [ 103.7007, 11.1443 ], [ 103.6995, 11.1407 ], [ 103.7018, 11.1357 ], [ 103.7058, 11.141 ], [ 103.7023, 11.1504 ], [ 103.7031, 11.1537 ], [ 103.7106, 11.1543 ], [ 103.7097, 11.1515 ], [ 103.7164, 11.1497 ], [ 103.7212, 11.1444 ], [ 103.7256, 11.1448 ], [ 103.7232, 11.1422 ], [ 103.7175, 11.1423 ], [ 103.7141, 11.1385 ], [ 103.7104, 11.1406 ], [ 103.7082, 11.1393 ], [ 103.7104, 11.1367 ], [ 103.7029, 11.1278 ], [ 103.7048, 11.1256 ], [ 103.7082, 11.126 ], [ 103.7099, 11.1225 ], [ 103.7064, 11.1207 ], [ 103.7024, 11.1139 ], [ 103.7106, 11.1215 ], [ 103.7111, 11.1319 ], [ 103.7149, 11.1356 ], [ 103.7161, 11.1329 ], [ 103.7226, 11.1342 ], [ 103.7237, 11.1325 ], [ 103.7138, 11.1232 ], [ 103.7177, 11.1177 ], [ 103.7268, 11.1261 ], [ 103.7304, 11.1234 ], [ 103.7246, 11.1175 ], [ 103.7135, 11.1129 ], [ 103.7111, 11.1077 ], [ 103.7046, 11.1041 ], [ 103.6879, 11.0866 ], [ 103.6824, 11.0706 ], [ 103.6714, 11.0652 ], [ 103.6675, 11.0652 ], [ 103.6589, 11.0707 ], [ 103.6602, 11.08 ], [ 103.6577, 11.0826 ], [ 103.6541, 11.0819 ], [ 103.6214, 11.0901 ], [ 103.6121, 11.0863 ], [ 103.5918, 11.0937 ], [ 103.5895, 11.1035 ], [ 103.5794, 11.1175 ], [ 103.571, 11.1357 ], [ 103.5767, 11.138 ], [ 103.5768, 11.1332 ], [ 103.5808, 11.1306 ], [ 103.5862, 11.134 ], [ 103.591, 11.1418 ], [ 103.5931, 11.1528 ], [ 103.5969, 11.1565 ], [ 103.5953, 11.1598 ], [ 103.5914, 11.1615 ], [ 103.5812, 11.1538 ], [ 103.5802, 11.147 ], [ 103.5758, 11.1471 ], [ 103.5749, 11.142 ], [ 103.57, 11.1374 ], [ 103.5546, 11.1567 ], [ 103.5523, 11.1632 ], [ 103.5534, 11.1692 ], [ 103.5516, 11.1705 ], [ 103.5467, 11.1682 ], [ 103.5366, 11.1701 ], [ 103.5093, 11.1684 ], [ 103.4913, 11.1844 ], [ 103.4816, 11.1908 ], [ 103.4708, 11.1935 ], [ 103.4535, 11.2083 ], [ 103.4502, 11.2186 ], [ 103.442, 11.2221 ], [ 103.4426, 11.2331 ], [ 103.4398, 11.2296 ], [ 103.4307, 11.2354 ], [ 103.4324, 11.2294 ], [ 103.4215, 11.2187 ], [ 103.4224, 11.2168 ], [ 103.428, 11.2183 ], [ 103.4321, 11.2232 ], [ 103.4384, 11.2207 ], [ 103.4395, 11.2234 ], [ 103.441, 11.2192 ], [ 103.4492, 11.2158 ], [ 103.4522, 11.2077 ], [ 103.4702, 11.1927 ], [ 103.4682, 11.1894 ], [ 103.4567, 11.1913 ], [ 103.4567, 11.1845 ], [ 103.4512, 11.1841 ], [ 103.4509, 11.1727 ], [ 103.4581, 11.1707 ], [ 103.4653, 11.1719 ], [ 103.4695, 11.1685 ], [ 103.474, 11.1704 ], [ 103.48, 11.1836 ], [ 103.4726, 11.1913 ], [ 103.4902, 11.1809 ], [ 103.4958, 11.1652 ], [ 103.4925, 11.1566 ], [ 103.4835, 11.1473 ], [ 103.4796, 11.1459 ], [ 103.4777, 11.1455 ], [ 103.4807, 11.1606 ], [ 103.4746, 11.1601 ], [ 103.4785, 11.1561 ], [ 103.4724, 11.1481 ], [ 103.4653, 11.1283 ], [ 103.437, 11.0967 ], [ 103.4359, 11.0894 ], [ 103.4327, 11.0857 ], [ 103.4339, 11.0841 ], [ 103.4319, 11.0817 ], [ 103.424, 11.08 ], [ 103.4204, 11.0732 ], [ 103.4349, 11.0686 ], [ 103.4374, 11.0632 ], [ 103.4331, 11.0622 ], [ 103.4341, 11.0579 ], [ 103.4387, 11.0575 ], [ 103.4438, 11.0672 ], [ 103.4449, 11.0755 ], [ 103.4546, 11.0814 ], [ 103.4494, 11.0775 ], [ 103.4474, 11.0727 ], [ 103.4444, 11.0457 ], [ 103.4362, 11.0242 ], [ 103.4259, 11.0063 ], [ 103.423, 10.987 ], [ 103.4152, 10.9777 ], [ 103.4098, 10.9645 ], [ 103.4083, 10.9566 ], [ 103.413, 10.9384 ], [ 103.4208, 10.9269 ], [ 103.4136, 10.9065 ], [ 103.3999, 10.9096 ], [ 103.41, 10.9146 ], [ 103.4032, 10.9176 ], [ 103.3992, 10.916 ], [ 103.3954, 10.9101 ], [ 103.4043, 10.903 ], [ 103.4024, 10.8977 ], [ 103.3978, 10.8927 ], [ 103.3904, 10.8973 ], [ 103.3846, 10.8928 ], [ 103.3824, 10.886 ], [ 103.3788, 10.8843 ], [ 103.3825, 10.8996 ], [ 103.3857, 10.9014 ], [ 103.3894, 10.8998 ], [ 103.3912, 10.9065 ], [ 103.3946, 10.9068 ], [ 103.3929, 10.9094 ], [ 103.3938, 10.9138 ], [ 103.3899, 10.9105 ], [ 103.387, 10.9027 ], [ 103.3813, 10.9041 ], [ 103.3843, 10.9133 ], [ 103.3891, 10.9159 ], [ 103.3876, 10.9223 ], [ 103.3857, 10.9225 ], [ 103.3772, 10.9088 ], [ 103.3783, 10.8918 ], [ 103.3759, 10.8878 ], [ 103.3728, 10.8914 ], [ 103.3742, 10.897 ], [ 103.3724, 10.9046 ], [ 103.365, 10.9075 ], [ 103.3576, 10.9043 ], [ 103.3498, 10.9056 ], [ 103.3464, 10.9097 ], [ 103.3384, 10.9124 ], [ 103.3362, 10.9165 ], [ 103.3361, 10.9186 ], [ 103.3393, 10.9191 ], [ 103.3384, 10.9273 ], [ 103.3427, 10.9257 ], [ 103.3449, 10.9287 ], [ 103.3516, 10.9287 ], [ 103.3463, 10.9328 ], [ 103.3547, 10.9308 ], [ 103.3533, 10.9341 ], [ 103.3586, 10.9375 ], [ 103.3438, 10.9339 ], [ 103.3394, 10.9301 ], [ 103.3359, 10.9314 ], [ 103.3329, 10.9282 ], [ 103.3344, 10.9355 ], [ 103.3297, 10.9431 ], [ 103.3352, 10.943 ], [ 103.3326, 10.9479 ], [ 103.3394, 10.9482 ], [ 103.3387, 10.9436 ], [ 103.3413, 10.9434 ], [ 103.3447, 10.9544 ], [ 103.3398, 10.9567 ], [ 103.3371, 10.9504 ], [ 103.3285, 10.9518 ], [ 103.3246, 10.9592 ], [ 103.3268, 10.9619 ], [ 103.3209, 10.9622 ], [ 103.3225, 10.9659 ], [ 103.316, 10.9665 ], [ 103.3182, 10.9696 ], [ 103.3056, 10.978 ], [ 103.3001, 10.9743 ], [ 103.3033, 10.972 ], [ 103.3087, 10.9724 ], [ 103.3102, 10.9684 ], [ 103.306, 10.969 ], [ 103.3051, 10.9645 ], [ 103.3217, 10.9583 ], [ 103.3227, 10.9516 ], [ 103.315, 10.9518 ], [ 103.3191, 10.9487 ], [ 103.3271, 10.9479 ], [ 103.326, 10.9414 ], [ 103.3222, 10.9427 ], [ 103.3234, 10.945 ], [ 103.3162, 10.9481 ], [ 103.305, 10.9462 ], [ 103.3012, 10.9415 ], [ 103.3074, 10.9415 ], [ 103.3123, 10.9442 ], [ 103.3107, 10.9397 ], [ 103.317, 10.9411 ], [ 103.3143, 10.9371 ], [ 103.3074, 10.9373 ], [ 103.3182, 10.9284 ], [ 103.315, 10.9209 ], [ 103.3178, 10.9196 ], [ 103.3166, 10.9164 ], [ 103.3114, 10.9136 ], [ 103.312, 10.9151 ], [ 103.3097, 10.9144 ], [ 103.3092, 10.9162 ], [ 103.2893, 10.9168 ], [ 103.2868, 10.9241 ], [ 103.2748, 10.9327 ], [ 103.2774, 10.9232 ], [ 103.2572, 10.9242 ], [ 103.2457, 10.9201 ], [ 103.2413, 10.9141 ], [ 103.2358, 10.9173 ], [ 103.2388, 10.9245 ], [ 103.2349, 10.9293 ], [ 103.2333, 10.9244 ], [ 103.2261, 10.9279 ], [ 103.2296, 10.9236 ], [ 103.2269, 10.9224 ], [ 103.2244, 10.922 ], [ 103.2203, 10.9253 ], [ 103.2216, 10.9299 ], [ 103.2183, 10.9325 ], [ 103.2227, 10.9338 ], [ 103.2296, 10.932 ], [ 103.2318, 10.9351 ], [ 103.2306, 10.9382 ], [ 103.2252, 10.9356 ], [ 103.2274, 10.9439 ], [ 103.2209, 10.9481 ], [ 103.2184, 10.9411 ], [ 103.2145, 10.9438 ], [ 103.2127, 10.9426 ], [ 103.2148, 10.9396 ], [ 103.2167, 10.9239 ], [ 103.2122, 10.9168 ], [ 103.2211, 10.9157 ], [ 103.2205, 10.9199 ], [ 103.2266, 10.9183 ], [ 103.234, 10.9199 ], [ 103.2319, 10.9156 ], [ 103.2278, 10.9108 ], [ 103.2242, 10.9117 ], [ 103.2175, 10.9057 ], [ 103.2164, 10.9116 ], [ 103.2098, 10.9123 ], [ 103.2111, 10.9176 ], [ 103.2043, 10.9167 ], [ 103.202, 10.9187 ], [ 103.1977, 10.9098 ], [ 103.1997, 10.9088 ], [ 103.1971, 10.902 ], [ 103.1997, 10.8987 ], [ 103.2027, 10.8992 ], [ 103.2058, 10.9058 ], [ 103.2043, 10.9084 ], [ 103.2073, 10.9092 ], [ 103.2123, 10.9049 ], [ 103.2147, 10.9052 ], [ 103.215, 10.9013 ], [ 103.2182, 10.901 ], [ 103.2198, 10.8954 ], [ 103.217, 10.8947 ], [ 103.2025, 10.8792 ], [ 103.1879, 10.8737 ], [ 103.1831, 10.8761 ], [ 103.1786, 10.882 ], [ 103.1773, 10.8776 ], [ 103.1811, 10.8688 ], [ 103.1787, 10.8643 ], [ 103.1729, 10.8659 ], [ 103.1735, 10.8711 ], [ 103.1635, 10.8843 ], [ 103.1698, 10.8679 ], [ 103.1654, 10.8672 ], [ 103.1621, 10.8732 ], [ 103.1541, 10.8747 ], [ 103.1532, 10.8792 ], [ 103.14, 10.8876 ], [ 103.1413, 10.8956 ], [ 103.1394, 10.9011 ], [ 103.1274, 10.8982 ], [ 103.1272, 10.9016 ], [ 103.1204, 10.9082 ], [ 103.1004, 10.92 ], [ 103.0963, 10.9386 ], [ 103.1058, 10.9456 ], [ 103.0978, 10.9462 ], [ 103.0962, 10.9491 ], [ 103.1004, 10.9581 ], [ 103.107, 10.9617 ], [ 103.1125, 10.9688 ], [ 103.1104, 10.9731 ], [ 103.1105, 10.997 ], [ 103.1085, 11.0184 ], [ 103.1034, 11.0379 ], [ 103.106, 11.041 ], [ 103.1025, 11.0416 ], [ 103.105, 11.0474 ], [ 103.1019, 11.0516 ], [ 103.1012, 11.0491 ], [ 103.097, 11.0575 ], [ 103.0965, 11.0756 ], [ 103.0884, 11.0795 ], [ 103.0945, 11.0837 ], [ 103.1001, 11.0766 ], [ 103.1074, 11.0801 ], [ 103.1111, 11.0878 ], [ 103.1107, 11.0953 ], [ 103.1178, 11.0993 ], [ 103.1117, 11.1412 ], [ 103.1135, 11.1513 ], [ 103.1102, 11.1516 ], [ 103.1073, 11.1549 ], [ 103.0964, 11.1885 ], [ 103.0797, 11.2228 ], [ 103.0751, 11.2254 ], [ 103.0651, 11.2233 ], [ 103.0586, 11.218 ], [ 103.0534, 11.2167 ], [ 103.0466, 11.223 ], [ 103.0569, 11.2322 ], [ 103.0685, 11.2351 ], [ 103.0721, 11.2397 ], [ 103.0737, 11.2389 ], [ 103.0664, 11.2578 ], [ 103.0706, 11.26 ], [ 103.0724, 11.2588 ], [ 103.0772, 11.2691 ], [ 103.0704, 11.2841 ], [ 103.0863, 11.2854 ], [ 103.0889, 11.2794 ], [ 103.0944, 11.2757 ], [ 103.0923, 11.2725 ], [ 103.0877, 11.2716 ], [ 103.0844, 11.2627 ], [ 103.0865, 11.2618 ], [ 103.0918, 11.2667 ], [ 103.0906, 11.2699 ], [ 103.0969, 11.272 ], [ 103.0918, 11.2841 ], [ 103.0957, 11.2928 ], [ 103.0942, 11.297 ], [ 103.1033, 11.2954 ], [ 103.107, 11.3013 ], [ 103.1154, 11.3044 ], [ 103.1214, 11.3146 ], [ 103.1279, 11.309 ], [ 103.1187, 11.3066 ], [ 103.1165, 11.3039 ], [ 103.1176, 11.3023 ], [ 103.125, 11.306 ], [ 103.1311, 11.3043 ], [ 103.1319, 11.3084 ], [ 103.1353, 11.3082 ], [ 103.1429, 11.3135 ], [ 103.1419, 11.2996 ], [ 103.1442, 11.2929 ], [ 103.1388, 11.2792 ], [ 103.141, 11.2795 ], [ 103.1469, 11.2949 ], [ 103.1533, 11.2936 ], [ 103.1522, 11.2834 ], [ 103.154, 11.2814 ], [ 103.157, 11.2932 ], [ 103.1557, 11.2969 ], [ 103.1605, 11.2968 ], [ 103.1618, 11.2904 ], [ 103.1648, 11.2872 ], [ 103.1627, 11.2756 ], [ 103.165, 11.2717 ], [ 103.1737, 11.2674 ], [ 103.1789, 11.268 ], [ 103.1675, 11.2743 ], [ 103.1663, 11.2817 ], [ 103.1687, 11.2849 ], [ 103.1643, 11.2934 ], [ 103.1654, 11.2969 ], [ 103.1625, 11.2979 ], [ 103.163, 11.3007 ], [ 103.1533, 11.2979 ], [ 103.1473, 11.3019 ], [ 103.1491, 11.3159 ], [ 103.135, 11.3403 ], [ 103.1375, 11.3468 ], [ 103.1359, 11.3488 ], [ 103.1318, 11.3515 ], [ 103.1239, 11.3514 ], [ 103.1081, 11.3427 ], [ 103.0945, 11.3526 ], [ 103.0905, 11.3604 ], [ 103.0879, 11.3735 ], [ 103.0869, 11.399 ], [ 103.0887, 11.4003 ], [ 103.1003, 11.3962 ], [ 103.105, 11.3971 ], [ 103.1065, 11.3997 ], [ 103.1019, 11.4027 ], [ 103.0997, 11.3988 ], [ 103.0972, 11.3988 ], [ 103.0905, 11.4034 ], [ 103.088, 11.4063 ], [ 103.0885, 11.411 ], [ 103.0857, 11.4116 ], [ 103.0768, 11.4235 ], [ 103.0745, 11.4171 ], [ 103.0709, 11.4211 ], [ 103.0703, 11.4259 ], [ 103.0736, 11.4349 ], [ 103.0721, 11.4355 ], [ 103.0685, 11.4299 ], [ 103.0631, 11.4406 ], [ 103.0559, 11.4432 ], [ 103.0591, 11.4448 ], [ 103.0741, 11.4413 ], [ 103.0738, 11.4378 ], [ 103.0776, 11.4402 ], [ 103.0756, 11.435 ], [ 103.0787, 11.4355 ], [ 103.0857, 11.4432 ], [ 103.1172, 11.465 ], [ 103.1231, 11.4646 ], [ 103.1294, 11.4619 ], [ 103.141, 11.4505 ], [ 103.1462, 11.4485 ], [ 103.148, 11.4354 ], [ 103.1676, 11.4261 ], [ 103.1834, 11.4148 ], [ 103.1838, 11.4104 ], [ 103.1959, 11.405 ], [ 103.1995, 11.4066 ], [ 103.2055, 11.3975 ], [ 103.2118, 11.3939 ], [ 103.2164, 11.3947 ], [ 103.2145, 11.4047 ], [ 103.2218, 11.4126 ], [ 103.2158, 11.4131 ], [ 103.2184, 11.4175 ], [ 103.2148, 11.4211 ], [ 103.2118, 11.42 ], [ 103.2106, 11.4218 ], [ 103.2053, 11.4201 ], [ 103.2021, 11.4135 ], [ 103.1945, 11.4116 ], [ 103.1868, 11.4185 ], [ 103.1836, 11.4184 ], [ 103.1709, 11.4309 ], [ 103.1534, 11.4354 ], [ 103.1496, 11.4422 ], [ 103.1511, 11.4457 ], [ 103.1421, 11.4574 ], [ 103.128, 11.467 ], [ 103.1284, 11.4698 ], [ 103.1371, 11.474 ], [ 103.1429, 11.482 ], [ 103.1406, 11.4878 ], [ 103.1293, 11.4949 ], [ 103.1254, 11.5005 ], [ 103.1307, 11.5046 ], [ 103.1361, 11.5132 ], [ 103.1376, 11.5279 ], [ 103.1432, 11.5309 ], [ 103.1478, 11.5518 ], [ 103.1454, 11.559 ], [ 103.1287, 11.5643 ], [ 103.1318, 11.5652 ], [ 103.1292, 11.5702 ], [ 103.1334, 11.5808 ], [ 103.1312, 11.5808 ], [ 103.1323, 11.5837 ], [ 103.1291, 11.5846 ], [ 103.1292, 11.5873 ], [ 103.1271, 11.5762 ], [ 103.1236, 11.5718 ], [ 103.1252, 11.5648 ], [ 103.1287, 11.5611 ], [ 103.1435, 11.5569 ], [ 103.1443, 11.5488 ], [ 103.1377, 11.5366 ], [ 103.1287, 11.5055 ], [ 103.1262, 11.507 ], [ 103.1232, 11.5006 ], [ 103.1294, 11.4914 ], [ 103.1307, 11.4837 ], [ 103.1141, 11.4708 ], [ 103.1076, 11.4719 ], [ 103.0965, 11.478 ], [ 103.0826, 11.4782 ], [ 103.0812, 11.4792 ], [ 103.0863, 11.4809 ], [ 103.0869, 11.4842 ], [ 103.0824, 11.4915 ], [ 103.0715, 11.4954 ], [ 103.0735, 11.4975 ], [ 103.0713, 11.4997 ], [ 103.0597, 11.5007 ], [ 103.0522, 11.5048 ], [ 103.0519, 11.5119 ], [ 103.06, 11.519 ], [ 103.0463, 11.5158 ], [ 103.0473, 11.5187 ], [ 103.041, 11.5219 ], [ 103.0419, 11.5345 ], [ 103.0489, 11.5346 ], [ 103.0458, 11.542 ], [ 103.0404, 11.5475 ], [ 103.043, 11.553 ], [ 103.0447, 11.547 ], [ 103.0508, 11.5409 ], [ 103.047, 11.5511 ], [ 103.0512, 11.5626 ], [ 103.0463, 11.5549 ], [ 103.0418, 11.556 ], [ 103.0397, 11.5682 ], [ 103.0438, 11.5748 ], [ 103.0434, 11.5879 ], [ 103.0503, 11.5849 ], [ 103.0474, 11.5891 ], [ 103.0421, 11.5897 ], [ 103.0398, 11.5756 ], [ 103.0381, 11.5757 ], [ 103.0366, 11.5918 ], [ 103.0324, 11.5949 ], [ 103.0327, 11.5987 ], [ 103.0292, 11.5967 ], [ 103.0345, 11.5862 ], [ 103.0367, 11.5477 ], [ 103.0347, 11.5474 ], [ 103.0343, 11.544 ], [ 103.0193, 11.5476 ], [ 103.0132, 11.5644 ], [ 103.0157, 11.5467 ], [ 103.0063, 11.542 ], [ 102.9982, 11.5438 ], [ 102.9959, 11.5522 ], [ 102.9989, 11.5663 ], [ 102.994, 11.5578 ], [ 102.9932, 11.5461 ], [ 102.9904, 11.5404 ], [ 102.9947, 11.5363 ], [ 102.9881, 11.5366 ], [ 102.9871, 11.5276 ], [ 102.978, 11.5289 ], [ 102.9665, 11.5362 ], [ 102.9632, 11.5355 ], [ 102.9676, 11.5311 ], [ 102.9614, 11.5329 ], [ 102.9543, 11.5429 ], [ 102.9509, 11.5532 ], [ 102.9548, 11.5545 ], [ 102.9565, 11.5606 ], [ 102.9603, 11.5618 ], [ 102.9634, 11.569 ], [ 102.968, 11.5685 ], [ 102.9751, 11.5627 ], [ 102.9761, 11.5582 ], [ 102.9908, 11.5599 ], [ 102.9816, 11.5622 ], [ 102.9718, 11.5675 ], [ 102.9686, 11.5716 ], [ 102.9774, 11.5962 ], [ 102.9822, 11.5933 ], [ 102.9828, 11.579 ], [ 102.9881, 11.5727 ], [ 102.9901, 11.5739 ], [ 102.9912, 11.5813 ], [ 102.9959, 11.5806 ], [ 103.0, 11.5749 ], [ 103.0051, 11.5809 ], [ 103.0117, 11.5735 ], [ 103.0154, 11.5748 ], [ 103.0204, 11.5718 ], [ 103.021, 11.5771 ], [ 103.0317, 11.57 ], [ 103.0263, 11.577 ], [ 103.0282, 11.5822 ], [ 103.022, 11.5897 ], [ 103.0142, 11.585 ], [ 103.0061, 11.5936 ], [ 103.0091, 11.5979 ], [ 103.0136, 11.5978 ], [ 103.0072, 11.6068 ], [ 103.0106, 11.606 ], [ 103.0187, 11.5982 ], [ 103.0208, 11.5992 ], [ 103.021, 11.603 ], [ 103.0045, 11.6137 ], [ 103.0083, 11.6142 ], [ 103.0081, 11.618 ], [ 103.0116, 11.6177 ], [ 103.0188, 11.6088 ], [ 103.0219, 11.608 ], [ 103.0252, 11.6166 ], [ 103.0299, 11.6182 ], [ 103.0295, 11.6214 ], [ 103.0256, 11.6231 ], [ 103.0165, 11.6179 ], [ 103.0074, 11.6227 ], [ 103.0024, 11.6198 ], [ 103.0028, 11.6273 ], [ 102.9933, 11.635 ], [ 102.9883, 11.6362 ], [ 102.9831, 11.6324 ], [ 102.9803, 11.6329 ], [ 102.9838, 11.6403 ], [ 103.001, 11.6352 ], [ 103.0035, 11.6383 ], [ 103.006, 11.6331 ], [ 103.0053, 11.6283 ], [ 103.009, 11.6277 ], [ 103.0098, 11.6333 ], [ 102.9971, 11.649 ], [ 102.9914, 11.6469 ], [ 102.9859, 11.6498 ], [ 102.9855, 11.6537 ], [ 102.9798, 11.6441 ], [ 102.9748, 11.6604 ], [ 102.9709, 11.6632 ], [ 102.9723, 11.6579 ], [ 102.9708, 11.6494 ], [ 102.9754, 11.6466 ], [ 102.9763, 11.6435 ], [ 102.975, 11.631 ], [ 102.9709, 11.6335 ], [ 102.9643, 11.6426 ], [ 102.9651, 11.6484 ], [ 102.9605, 11.659 ], [ 102.9621, 11.6778 ], [ 102.9705, 11.685 ], [ 102.9731, 11.6914 ], [ 102.9789, 11.6934 ], [ 102.9891, 11.7078 ], [ 103.0009, 11.7121 ], [ 103.0095, 11.7222 ], [ 103.0167, 11.726 ], [ 103.0226, 11.7265 ], [ 103.0286, 11.7232 ], [ 103.0369, 11.7102 ], [ 103.0571, 11.7066 ], [ 103.0644, 11.708 ], [ 103.0781, 11.7223 ], [ 103.0789, 11.7398 ], [ 103.0743, 11.7336 ], [ 103.0761, 11.7237 ], [ 103.0715, 11.7216 ], [ 103.06, 11.7089 ], [ 103.0394, 11.7147 ], [ 103.0229, 11.7324 ], [ 103.0138, 11.7275 ], [ 102.9945, 11.7252 ], [ 102.9872, 11.7171 ], [ 102.9829, 11.7071 ], [ 102.9672, 11.7067 ], [ 102.9703, 11.7233 ], [ 102.956, 11.7446 ], [ 102.9507, 11.7625 ], [ 102.939, 11.7721 ], [ 102.9296, 11.7729 ], [ 102.927, 11.7786 ], [ 102.9123, 11.7879 ], [ 102.9085, 11.7933 ], [ 102.9076, 11.8042 ], [ 102.8947, 11.8204 ], [ 102.8928, 11.8323 ], [ 102.8885, 11.8349 ], [ 102.8753, 11.836 ], [ 102.8664, 11.8424 ], [ 102.8706, 11.8475 ], [ 102.8691, 11.8493 ], [ 102.8635, 11.8413 ], [ 102.8751, 11.8326 ], [ 102.8901, 11.8309 ], [ 102.8926, 11.8161 ], [ 102.8981, 11.8129 ], [ 102.9019, 11.8043 ], [ 102.9026, 11.7932 ], [ 102.908, 11.7863 ], [ 102.901, 11.7861 ], [ 102.8964, 11.7795 ], [ 102.8933, 11.7855 ], [ 102.8814, 11.7912 ] ], [ [ 103.3403, 10.9374 ], [ 103.3396, 10.9348 ], [ 103.348, 10.9362 ], [ 103.3581, 10.9425 ], [ 103.3601, 10.9461 ], [ 103.3519, 10.9453 ], [ 103.3489, 10.9413 ], [ 103.3368, 10.9424 ], [ 103.3343, 10.9379 ], [ 103.3355, 10.9356 ], [ 103.3403, 10.9374 ] ], [ [ 102.9668, 11.785 ], [ 102.9679, 11.7885 ], [ 102.9638, 11.7863 ], [ 102.968, 11.7816 ], [ 102.9729, 11.7812 ], [ 102.9668, 11.785 ] ], [ [ 103.0648, 11.8808 ], [ 103.063, 11.8736 ], [ 103.065, 11.8705 ], [ 103.0679, 11.871 ], [ 103.0687, 11.8754 ], [ 103.0737, 11.8768 ], [ 103.073, 11.8914 ], [ 103.0626, 11.8905 ], [ 103.0592, 11.8819 ], [ 103.0648, 11.8808 ] ], [ [ 103.0775, 11.6353 ], [ 103.0864, 11.6325 ], [ 103.0901, 11.6395 ], [ 103.0883, 11.6402 ], [ 103.0849, 11.6366 ], [ 103.0811, 11.6418 ], [ 103.0775, 11.6353 ] ], [ [ 103.2242, 11.5134 ], [ 103.2287, 11.5061 ], [ 103.2318, 11.5072 ], [ 103.2325, 11.5121 ], [ 103.2431, 11.5138 ], [ 103.2442, 11.5173 ], [ 103.2349, 11.5204 ], [ 103.2242, 11.5134 ] ], [ [ 103.2843, 11.3504 ], [ 103.2824, 11.3572 ], [ 103.2885, 11.3579 ], [ 103.2923, 11.3644 ], [ 103.2837, 11.3708 ], [ 103.2796, 11.369 ], [ 103.2837, 11.3658 ], [ 103.2841, 11.3612 ], [ 103.2774, 11.3603 ], [ 103.2757, 11.3619 ], [ 103.2719, 11.3596 ], [ 103.2843, 11.3504 ] ], [ [ 103.3534, 11.2491 ], [ 103.3499, 11.245 ], [ 103.3557, 11.2405 ], [ 103.3593, 11.2488 ], [ 103.3534, 11.2491 ] ], [ [ 103.3348, 11.2706 ], [ 103.3306, 11.2756 ], [ 103.3211, 11.273 ], [ 103.3142, 11.2735 ], [ 103.3155, 11.2659 ], [ 103.3185, 11.2665 ], [ 103.3187, 11.27 ], [ 103.3252, 11.2674 ], [ 103.3348, 11.2706 ] ], [ [ 103.0608, 11.5657 ], [ 103.05, 11.582 ], [ 103.0513, 11.5723 ], [ 103.0453, 11.5799 ], [ 103.0533, 11.5628 ], [ 103.0608, 11.5657 ] ], [ [ 103.0496, 11.5956 ], [ 103.0447, 11.5993 ], [ 103.0389, 11.6 ], [ 103.0468, 11.5907 ], [ 103.0528, 11.5872 ], [ 103.0496, 11.5956 ] ], [ [ 103.0695, 11.5321 ], [ 103.0667, 11.5363 ], [ 103.0644, 11.5356 ], [ 103.0671, 11.5263 ], [ 103.0695, 11.5244 ], [ 103.0695, 11.5321 ] ], [ [ 103.179, 11.4004 ], [ 103.168, 11.4026 ], [ 103.1693, 11.3919 ], [ 103.1647, 11.3889 ], [ 103.165, 11.3861 ], [ 103.1703, 11.3899 ], [ 103.1755, 11.3888 ], [ 103.1798, 11.3935 ], [ 103.179, 11.4004 ] ], [ [ 103.1628, 11.538 ], [ 103.1671, 11.535 ], [ 103.1688, 11.5364 ], [ 103.1676, 11.5402 ], [ 103.1713, 11.5423 ], [ 103.1696, 11.5438 ], [ 103.1667, 11.5423 ], [ 103.1673, 11.5481 ], [ 103.1641, 11.5482 ], [ 103.1584, 11.5439 ], [ 103.1568, 11.5359 ], [ 103.1585, 11.5346 ], [ 103.1628, 11.538 ] ], [ [ 103.1571, 11.1989 ], [ 103.1651, 11.1966 ], [ 103.1658, 11.1969 ], [ 103.1622, 11.2031 ], [ 103.1571, 11.1989 ] ], [ [ 103.1339, 11.1887 ], [ 103.1259, 11.1994 ], [ 103.1254, 11.19 ], [ 103.1282, 11.1875 ], [ 103.1294, 11.1888 ], [ 103.1335, 11.1871 ], [ 103.1336, 11.1843 ], [ 103.13, 11.1837 ], [ 103.1321, 11.1793 ], [ 103.1355, 11.1787 ], [ 103.1371, 11.1882 ], [ 103.1339, 11.1887 ] ], [ [ 103.1242, 11.1719 ], [ 103.1208, 11.1795 ], [ 103.1172, 11.1802 ], [ 103.1019, 11.2096 ], [ 103.096, 11.2132 ], [ 103.0949, 11.2175 ], [ 103.0862, 11.2207 ], [ 103.0929, 11.2114 ], [ 103.0955, 11.2111 ], [ 103.0957, 11.2079 ], [ 103.0982, 11.2078 ], [ 103.0984, 11.2 ], [ 103.1007, 11.2017 ], [ 103.1051, 11.193 ], [ 103.1073, 11.1799 ], [ 103.1132, 11.1747 ], [ 103.1165, 11.1611 ], [ 103.1149, 11.1616 ], [ 103.1163, 11.152 ], [ 103.1178, 11.1521 ], [ 103.1177, 11.1663 ], [ 103.1221, 11.1663 ], [ 103.1191, 11.1702 ], [ 103.1242, 11.1719 ] ], [ [ 103.1496, 11.1705 ], [ 103.1436, 11.1685 ], [ 103.1437, 11.1664 ], [ 103.1413, 11.1741 ], [ 103.139, 11.17 ], [ 103.1428, 11.1511 ], [ 103.1474, 11.1465 ], [ 103.1508, 11.1543 ], [ 103.155, 11.1518 ], [ 103.1582, 11.1538 ], [ 103.1551, 11.1587 ], [ 103.1557, 11.1646 ], [ 103.1531, 11.1677 ], [ 103.1513, 11.1667 ], [ 103.1496, 11.1705 ] ], [ [ 103.1014, 11.0634 ], [ 103.1016, 11.0756 ], [ 103.0986, 11.0744 ], [ 103.0982, 11.059 ], [ 103.1014, 11.0634 ] ], [ [ 103.1204, 10.9861 ], [ 103.121, 10.9902 ], [ 103.1135, 10.9926 ], [ 103.1204, 10.9861 ] ], [ [ 103.1168, 11.0072 ], [ 103.1183, 10.9984 ], [ 103.1256, 11.011 ], [ 103.1168, 11.0072 ] ], [ [ 103.1249, 11.0843 ], [ 103.1239, 11.0892 ], [ 103.1171, 11.0882 ], [ 103.1192, 11.0858 ], [ 103.1184, 11.0791 ], [ 103.1249, 11.0843 ] ], [ [ 103.1225, 11.1155 ], [ 103.125, 11.1091 ], [ 103.1261, 11.1278 ], [ 103.1206, 11.1418 ], [ 103.1225, 11.1155 ] ], [ [ 103.1521, 11.202 ], [ 103.1563, 11.201 ], [ 103.1584, 11.2047 ], [ 103.1541, 11.2091 ], [ 103.148, 11.2105 ], [ 103.1511, 11.213 ], [ 103.1495, 11.2161 ], [ 103.1469, 11.2152 ], [ 103.143, 11.2185 ], [ 103.1449, 11.2128 ], [ 103.1385, 11.2121 ], [ 103.1521, 11.202 ] ], [ [ 103.0557, 11.6687 ], [ 103.0497, 11.6754 ], [ 103.0461, 11.6733 ], [ 103.042, 11.677 ], [ 103.0378, 11.6744 ], [ 103.0338, 11.6769 ], [ 103.034, 11.672 ], [ 103.0412, 11.6715 ], [ 103.0389, 11.6682 ], [ 103.0437, 11.671 ], [ 103.0461, 11.6691 ], [ 103.0472, 11.6713 ], [ 103.0557, 11.6687 ] ], [ [ 103.1067, 10.922 ], [ 103.1093, 10.9197 ], [ 103.1149, 10.9197 ], [ 103.1059, 10.9274 ], [ 103.1067, 10.922 ] ], [ [ 103.1304, 10.9027 ], [ 103.1228, 10.9146 ], [ 103.1146, 10.9156 ], [ 103.1185, 10.9109 ], [ 103.1272, 10.907 ], [ 103.1304, 10.9027 ] ], [ [ 103.0846, 11.6463 ], [ 103.0874, 11.6468 ], [ 103.0873, 11.6436 ], [ 103.091, 11.6431 ], [ 103.092, 11.6473 ], [ 103.0873, 11.6513 ], [ 103.0844, 11.6493 ], [ 103.0846, 11.6463 ] ], [ [ 103.0956, 11.6528 ], [ 103.0924, 11.6552 ], [ 103.0924, 11.6579 ], [ 103.0864, 11.6559 ], [ 103.0892, 11.6517 ], [ 103.0956, 11.6528 ] ], [ [ 103.1261, 11.6672 ], [ 103.1196, 11.6636 ], [ 103.1218, 11.6595 ], [ 103.1242, 11.6612 ], [ 103.1241, 11.6654 ], [ 103.1278, 11.6651 ], [ 103.1293, 11.6687 ], [ 103.1262, 11.6709 ], [ 103.1272, 11.6752 ], [ 103.1254, 11.6769 ], [ 103.1229, 11.6753 ], [ 103.1261, 11.6672 ] ], [ [ 103.1171, 11.6549 ], [ 103.1115, 11.6539 ], [ 103.1122, 11.6497 ], [ 103.1076, 11.6443 ], [ 103.1155, 11.6458 ], [ 103.114, 11.6481 ], [ 103.1195, 11.6554 ], [ 103.1193, 11.6605 ], [ 103.1171, 11.6549 ] ], [ [ 103.0999, 11.6158 ], [ 103.0992, 11.6191 ], [ 103.0959, 11.6204 ], [ 103.0923, 11.6187 ], [ 103.093, 11.6152 ], [ 103.0999, 11.6158 ] ], [ [ 103.1118, 11.7876 ], [ 103.1236, 11.7814 ], [ 103.13, 11.782 ], [ 103.1328, 11.7865 ], [ 103.1349, 11.7849 ], [ 103.1391, 11.7939 ], [ 103.136, 11.7942 ], [ 103.1364, 11.7901 ], [ 103.1281, 11.7911 ], [ 103.1259, 11.7886 ], [ 103.1147, 11.7945 ], [ 103.1124, 11.7903 ], [ 103.1074, 11.7915 ], [ 103.1085, 11.7864 ], [ 103.1118, 11.7876 ] ], [ [ 103.2083, 11.0008 ], [ 103.2061, 10.9974 ], [ 103.2116, 10.9942 ], [ 103.2133, 10.9953 ], [ 103.2124, 11.0093 ], [ 103.2011, 11.0013 ], [ 103.2083, 11.0008 ] ], [ [ 103.2935, 11.0406 ], [ 103.291, 11.0352 ], [ 103.2891, 11.0358 ], [ 103.2879, 11.0256 ], [ 103.2895, 11.0252 ], [ 103.2954, 11.0396 ], [ 103.2992, 11.0391 ], [ 103.2988, 11.0463 ], [ 103.2839, 11.041 ], [ 103.2935, 11.0406 ] ], [ [ 103.3071, 11.0179 ], [ 103.2997, 11.0196 ], [ 103.3058, 11.0142 ], [ 103.2994, 11.0152 ], [ 103.3007, 11.0099 ], [ 103.2931, 11.0068 ], [ 103.2917, 11.004 ], [ 103.2872, 11.0035 ], [ 103.3003, 10.9996 ], [ 103.3033, 11.0007 ], [ 103.2978, 11.007 ], [ 103.306, 11.0072 ], [ 103.3073, 11.0039 ], [ 103.3111, 11.0036 ], [ 103.3109, 11.0075 ], [ 103.3069, 11.0103 ], [ 103.3108, 11.0132 ], [ 103.316, 11.0108 ], [ 103.3188, 11.0171 ], [ 103.313, 11.0227 ], [ 103.3071, 11.0179 ] ], [ [ 103.2286, 10.9524 ], [ 103.2369, 10.9503 ], [ 103.2344, 10.9585 ], [ 103.2297, 10.9562 ], [ 103.2286, 10.9524 ] ], [ [ 103.2211, 10.9728 ], [ 103.2172, 10.9735 ], [ 103.2156, 10.9718 ], [ 103.2177, 10.967 ], [ 103.215, 10.9622 ], [ 103.2163, 10.9606 ], [ 103.2189, 10.9625 ], [ 103.2211, 10.9728 ] ], [ [ 103.3251, 10.9972 ], [ 103.3195, 10.9967 ], [ 103.3199, 10.9936 ], [ 103.3177, 10.9932 ], [ 103.3196, 10.9853 ], [ 103.3164, 10.9807 ], [ 103.3111, 10.9817 ], [ 103.3135, 10.9765 ], [ 103.3164, 10.9759 ], [ 103.3214, 10.9843 ], [ 103.3229, 10.9927 ], [ 103.3281, 11.0002 ], [ 103.3245, 11.0033 ], [ 103.323, 11.0025 ], [ 103.3251, 10.9972 ] ], [ [ 103.2953, 10.9697 ], [ 103.2934, 10.9614 ], [ 103.3022, 10.955 ], [ 103.3028, 10.9568 ], [ 103.3022, 10.9519 ], [ 103.304, 10.9502 ], [ 103.3063, 10.9555 ], [ 103.3122, 10.954 ], [ 103.3119, 10.958 ], [ 103.3025, 10.9608 ], [ 103.2953, 10.9697 ] ], [ [ 103.2738, 10.9636 ], [ 103.2817, 10.956 ], [ 103.2874, 10.9453 ], [ 103.2907, 10.9443 ], [ 103.2914, 10.9484 ], [ 103.2879, 10.9507 ], [ 103.2913, 10.9513 ], [ 103.2905, 10.9536 ], [ 103.2864, 10.9571 ], [ 103.2863, 10.96 ], [ 103.2835, 10.9609 ], [ 103.2881, 10.9656 ], [ 103.2811, 10.9677 ], [ 103.2738, 10.9636 ] ], [ [ 103.2793, 10.9391 ], [ 103.2791, 10.9417 ], [ 103.2751, 10.9422 ], [ 103.2727, 10.9465 ], [ 103.2675, 10.9467 ], [ 103.2689, 10.9424 ], [ 103.2791, 10.9316 ], [ 103.288, 10.9325 ], [ 103.286, 10.9363 ], [ 103.2905, 10.9372 ], [ 103.2899, 10.9325 ], [ 103.2991, 10.9282 ], [ 103.2966, 10.9373 ], [ 103.2875, 10.9407 ], [ 103.2793, 10.9391 ] ], [ [ 103.2457, 10.9413 ], [ 103.2406, 10.9397 ], [ 103.2381, 10.9424 ], [ 103.2386, 10.9367 ], [ 103.2344, 10.9309 ], [ 103.2428, 10.9308 ], [ 103.2433, 10.9252 ], [ 103.2456, 10.9247 ], [ 103.2582, 10.9299 ], [ 103.2629, 10.9288 ], [ 103.2598, 10.9364 ], [ 103.2539, 10.9389 ], [ 103.247, 10.9385 ], [ 103.2457, 10.9413 ] ], [ [ 103.2315, 10.9772 ], [ 103.2284, 10.9756 ], [ 103.2377, 10.9637 ], [ 103.2427, 10.9632 ], [ 103.2488, 10.9682 ], [ 103.2454, 10.9732 ], [ 103.2422, 10.9692 ], [ 103.2389, 10.9712 ], [ 103.2392, 10.9737 ], [ 103.2354, 10.9739 ], [ 103.2315, 10.9772 ] ], [ [ 103.2556, 10.9547 ], [ 103.2563, 10.9513 ], [ 103.2624, 10.9531 ], [ 103.267, 10.952 ], [ 103.2712, 10.9564 ], [ 103.2749, 10.9558 ], [ 103.274, 10.9595 ], [ 103.2649, 10.961 ], [ 103.2658, 10.9697 ], [ 103.2683, 10.9726 ], [ 103.2627, 10.974 ], [ 103.2623, 10.967 ], [ 103.2556, 10.9547 ] ], [ [ 103.2924, 10.98 ], [ 103.2813, 10.9779 ], [ 103.2787, 10.9784 ], [ 103.279, 10.9814 ], [ 103.2745, 10.9827 ], [ 103.2692, 10.9812 ], [ 103.2719, 10.9745 ], [ 103.2847, 10.9759 ], [ 103.2924, 10.98 ] ], [ [ 103.3076, 10.932 ], [ 103.3052, 10.9319 ], [ 103.3013, 10.9248 ], [ 103.3078, 10.9193 ], [ 103.3126, 10.9216 ], [ 103.3076, 10.932 ] ], [ [ 103.299, 10.9562 ], [ 103.2895, 10.9609 ], [ 103.2931, 10.9525 ], [ 103.2961, 10.9503 ], [ 103.295, 10.9465 ], [ 103.2995, 10.9439 ], [ 103.3015, 10.9467 ], [ 103.299, 10.9562 ] ], [ [ 103.211, 11.1539 ], [ 103.2124, 11.1549 ], [ 103.2082, 11.1624 ], [ 103.2014, 11.1586 ], [ 103.211, 11.1539 ] ], [ [ 103.3161, 11.2302 ], [ 103.3207, 11.2308 ], [ 103.3213, 11.2382 ], [ 103.315, 11.2391 ], [ 103.3108, 11.2356 ], [ 103.3161, 11.2302 ] ], [ [ 103.302, 11.215 ], [ 103.3034, 11.2096 ], [ 103.3087, 11.2081 ], [ 103.3089, 11.2155 ], [ 103.301, 11.2183 ], [ 103.2994, 11.2162 ], [ 103.302, 11.215 ] ], [ [ 103.336, 11.1795 ], [ 103.327, 11.1929 ], [ 103.3207, 11.1937 ], [ 103.3244, 11.1912 ], [ 103.3262, 11.1838 ], [ 103.3357, 11.1768 ], [ 103.336, 11.1795 ] ], [ [ 103.2945, 11.0732 ], [ 103.2989, 11.0673 ], [ 103.3007, 11.0713 ], [ 103.3068, 11.0713 ], [ 103.3103, 11.0745 ], [ 103.3053, 11.0776 ], [ 103.3059, 11.0831 ], [ 103.298, 11.0749 ], [ 103.2944, 11.0772 ], [ 103.2812, 11.0742 ], [ 103.2779, 11.0792 ], [ 103.277, 11.0737 ], [ 103.2807, 11.0718 ], [ 103.2945, 11.0732 ] ], [ [ 103.2678, 11.6763 ], [ 103.2742, 11.6755 ], [ 103.2755, 11.6782 ], [ 103.2695, 11.6806 ], [ 103.2682, 11.6785 ], [ 103.2593, 11.6825 ], [ 103.2441, 11.6717 ], [ 103.2458, 11.6697 ], [ 103.2678, 11.6763 ] ], [ [ 103.2967, 11.0481 ], [ 103.2997, 11.0492 ], [ 103.3016, 11.0453 ], [ 103.3054, 11.0531 ], [ 103.3112, 11.053 ], [ 103.3117, 11.0555 ], [ 103.3092, 11.0559 ], [ 103.3126, 11.0613 ], [ 103.3079, 11.0605 ], [ 103.303, 11.0509 ], [ 103.2995, 11.0519 ], [ 103.2983, 11.0583 ], [ 103.2973, 11.0511 ], [ 103.2939, 11.0546 ], [ 103.2941, 11.0502 ], [ 103.2967, 11.0481 ] ], [ [ 103.3146, 11.0529 ], [ 103.3181, 11.0508 ], [ 103.313, 11.046 ], [ 103.3151, 11.0409 ], [ 103.318, 11.0421 ], [ 103.3194, 11.0379 ], [ 103.3264, 11.0397 ], [ 103.3282, 11.0464 ], [ 103.3258, 11.0498 ], [ 103.3285, 11.0537 ], [ 103.3268, 11.0549 ], [ 103.326, 11.0524 ], [ 103.3187, 11.0522 ], [ 103.3218, 11.0587 ], [ 103.3151, 11.0565 ], [ 103.3146, 11.0529 ] ], [ [ 103.311, 11.0793 ], [ 103.3188, 11.079 ], [ 103.3146, 11.0824 ], [ 103.3167, 11.0863 ], [ 103.3132, 11.0887 ], [ 103.311, 11.0793 ] ], [ [ 103.2956, 11.1088 ], [ 103.2864, 11.1156 ], [ 103.2876, 11.1079 ], [ 103.2954, 11.1062 ], [ 103.2956, 11.1088 ] ], [ [ 103.3092, 11.2376 ], [ 103.3157, 11.2471 ], [ 103.3211, 11.2454 ], [ 103.3275, 11.2499 ], [ 103.3252, 11.2515 ], [ 103.3184, 11.2503 ], [ 103.3193, 11.2583 ], [ 103.3171, 11.2552 ], [ 103.3142, 11.2585 ], [ 103.3057, 11.2534 ], [ 103.3055, 11.2515 ], [ 103.3108, 11.2516 ], [ 103.3112, 11.25 ], [ 103.307, 11.2498 ], [ 103.3026, 11.2425 ], [ 103.3054, 11.2425 ], [ 103.31, 11.2477 ], [ 103.3063, 11.2415 ], [ 103.3092, 11.2376 ] ], [ [ 103.2913, 11.245 ], [ 103.2908, 11.2527 ], [ 103.2871, 11.2554 ], [ 103.2853, 11.2542 ], [ 103.2873, 11.2488 ], [ 103.2846, 11.2455 ], [ 103.2798, 11.2482 ], [ 103.2773, 11.2466 ], [ 103.2786, 11.2438 ], [ 103.2829, 11.2423 ], [ 103.2913, 11.245 ] ], [ [ 103.3, 11.2603 ], [ 103.3185, 11.2602 ], [ 103.3176, 11.2633 ], [ 103.3115, 11.2641 ], [ 103.3061, 11.2709 ], [ 103.304, 11.2696 ], [ 103.3032, 11.2724 ], [ 103.2988, 11.2691 ], [ 103.2943, 11.2706 ], [ 103.2916, 11.2686 ], [ 103.2921, 11.2651 ], [ 103.3083, 11.2651 ], [ 103.3003, 11.2629 ], [ 103.3, 11.2603 ] ], [ [ 103.3036, 11.3641 ], [ 103.3047, 11.3668 ], [ 103.2956, 11.3686 ], [ 103.2927, 11.3638 ], [ 103.3036, 11.3641 ] ], [ [ 103.3132, 11.4465 ], [ 103.3137, 11.4432 ], [ 103.317, 11.4437 ], [ 103.3207, 11.4402 ], [ 103.3186, 11.4429 ], [ 103.3259, 11.4448 ], [ 103.3228, 11.4488 ], [ 103.3123, 11.4499 ], [ 103.3059, 11.4527 ], [ 103.3061, 11.4543 ], [ 103.3005, 11.4547 ], [ 103.3007, 11.4501 ], [ 103.3043, 11.4451 ], [ 103.3132, 11.4465 ] ], [ [ 103.3432, 10.9701 ], [ 103.3435, 10.9667 ], [ 103.3491, 10.9641 ], [ 103.3449, 10.9736 ], [ 103.3489, 10.9777 ], [ 103.3415, 10.9775 ], [ 103.3379, 10.9796 ], [ 103.3373, 10.9763 ], [ 103.3401, 10.9744 ], [ 103.3382, 10.9712 ], [ 103.3432, 10.9701 ] ], [ [ 103.3402, 11.0731 ], [ 103.3365, 11.0732 ], [ 103.3459, 11.0651 ], [ 103.3467, 11.0754 ], [ 103.3487, 11.0751 ], [ 103.3462, 11.0812 ], [ 103.3509, 11.0817 ], [ 103.3556, 11.09 ], [ 103.3548, 11.0924 ], [ 103.3624, 11.0923 ], [ 103.3699, 11.0877 ], [ 103.369, 11.0908 ], [ 103.3731, 11.0968 ], [ 103.3533, 11.0988 ], [ 103.3484, 11.0896 ], [ 103.3498, 11.0868 ], [ 103.345, 11.0856 ], [ 103.3452, 11.0818 ], [ 103.3402, 11.0731 ] ], [ [ 103.3325, 11.2412 ], [ 103.336, 11.2408 ], [ 103.3375, 11.2436 ], [ 103.3393, 11.2422 ], [ 103.3392, 11.2455 ], [ 103.336, 11.2476 ], [ 103.3291, 11.2452 ], [ 103.3305, 11.2431 ], [ 103.3267, 11.2382 ], [ 103.3276, 11.2358 ], [ 103.3325, 11.2412 ] ], [ [ 103.3447, 11.4423 ], [ 103.3428, 11.4456 ], [ 103.345, 11.4489 ], [ 103.3441, 11.4523 ], [ 103.3419, 11.4543 ], [ 103.3353, 11.4542 ], [ 103.3341, 11.4469 ], [ 103.3377, 11.4446 ], [ 103.3404, 11.4383 ], [ 103.3447, 11.4423 ] ], [ [ 103.7935, 11.2829 ], [ 103.7912, 11.2903 ], [ 103.7842, 11.294 ], [ 103.7847, 11.2906 ], [ 103.78, 11.2911 ], [ 103.7804, 11.2883 ], [ 103.7876, 11.2854 ], [ 103.7876, 11.2824 ], [ 103.7819, 11.2857 ], [ 103.7799, 11.2783 ], [ 103.788, 11.2811 ], [ 103.8014, 11.2765 ], [ 103.7951, 11.2749 ], [ 103.7959, 11.271 ], [ 103.807, 11.2706 ], [ 103.8103, 11.2742 ], [ 103.8029, 11.2757 ], [ 103.8053, 11.2799 ], [ 103.8041, 11.281 ], [ 103.8003, 11.2797 ], [ 103.7935, 11.2829 ] ], [ [ 103.7698, 11.2793 ], [ 103.7641, 11.2757 ], [ 103.7591, 11.278 ], [ 103.7563, 11.2894 ], [ 103.7547, 11.2774 ], [ 103.7595, 11.2715 ], [ 103.7635, 11.2718 ], [ 103.7607, 11.2689 ], [ 103.7522, 11.2737 ], [ 103.7493, 11.272 ], [ 103.7514, 11.2689 ], [ 103.7509, 11.2667 ], [ 103.7475, 11.2665 ], [ 103.7488, 11.2603 ], [ 103.7431, 11.2622 ], [ 103.7423, 11.2597 ], [ 103.7416, 11.2435 ], [ 103.7447, 11.2418 ], [ 103.7449, 11.2538 ], [ 103.7482, 11.2581 ], [ 103.7475, 11.2441 ], [ 103.7496, 11.2427 ], [ 103.7517, 11.2484 ], [ 103.7513, 11.2631 ], [ 103.7535, 11.2641 ], [ 103.7575, 11.2599 ], [ 103.7577, 11.2651 ], [ 103.7606, 11.2639 ], [ 103.7651, 11.2681 ], [ 103.7673, 11.2663 ], [ 103.7671, 11.2624 ], [ 103.7714, 11.2604 ], [ 103.7726, 11.2679 ], [ 103.7698, 11.2793 ] ], [ [ 103.7366, 11.3806 ], [ 103.7285, 11.3834 ], [ 103.7261, 11.3765 ], [ 103.7294, 11.376 ], [ 103.733, 11.3703 ], [ 103.7373, 11.3706 ], [ 103.7366, 11.3806 ] ], [ [ 103.7032, 11.3761 ], [ 103.7031, 11.3702 ], [ 103.7011, 11.3735 ], [ 103.6986, 11.3732 ], [ 103.6986, 11.3676 ], [ 103.7059, 11.3634 ], [ 103.7117, 11.3674 ], [ 103.7154, 11.3644 ], [ 103.7213, 11.37 ], [ 103.7156, 11.3762 ], [ 103.712, 11.3735 ], [ 103.7091, 11.3781 ], [ 103.7032, 11.3761 ] ], [ [ 103.6147, 11.0957 ], [ 103.6163, 11.0954 ], [ 103.6153, 11.1006 ], [ 103.6179, 11.1035 ], [ 103.6158, 11.1106 ], [ 103.6133, 11.1088 ], [ 103.6132, 11.1039 ], [ 103.6032, 11.1079 ], [ 103.601, 11.1043 ], [ 103.6033, 11.0938 ], [ 103.61, 11.0908 ], [ 103.614, 11.0923 ], [ 103.6147, 11.0957 ] ], [ [ 103.4006, 11.1105 ], [ 103.4123, 11.1088 ], [ 103.4136, 11.1105 ], [ 103.4114, 11.1135 ], [ 103.4187, 11.1183 ], [ 103.4173, 11.1224 ], [ 103.4134, 11.1228 ], [ 103.4146, 11.1246 ], [ 103.4125, 11.1283 ], [ 103.4141, 11.1302 ], [ 103.4122, 11.1322 ], [ 103.4092, 11.1305 ], [ 103.4033, 11.1331 ], [ 103.4009, 11.1318 ], [ 103.4072, 11.1276 ], [ 103.4048, 11.1251 ], [ 103.4075, 11.1203 ], [ 103.4057, 11.1149 ], [ 103.4006, 11.1105 ] ], [ [ 103.4186, 11.1356 ], [ 103.4217, 11.1316 ], [ 103.4303, 11.1377 ], [ 103.4287, 11.1406 ], [ 103.4326, 11.1416 ], [ 103.4329, 11.1469 ], [ 103.429, 11.1487 ], [ 103.429, 11.1515 ], [ 103.4247, 11.1511 ], [ 103.4231, 11.1464 ], [ 103.4181, 11.1452 ], [ 103.4176, 11.1402 ], [ 103.4091, 11.1414 ], [ 103.4071, 11.1396 ], [ 103.4087, 11.1362 ], [ 103.4186, 11.1356 ] ], [ [ 103.426, 11.1706 ], [ 103.432, 11.1746 ], [ 103.4417, 11.1744 ], [ 103.4403, 11.1807 ], [ 103.4386, 11.1804 ], [ 103.4391, 11.1851 ], [ 103.4334, 11.1891 ], [ 103.4362, 11.1915 ], [ 103.4267, 11.2008 ], [ 103.4213, 11.1931 ], [ 103.429, 11.1829 ], [ 103.4279, 11.1805 ], [ 103.4234, 11.18 ], [ 103.4221, 11.1757 ], [ 103.426, 11.1706 ] ], [ [ 103.4247, 11.1199 ], [ 103.419, 11.1128 ], [ 103.4194, 11.1089 ], [ 103.4268, 11.1096 ], [ 103.4251, 11.1158 ], [ 103.4278, 11.1211 ], [ 103.4301, 11.1215 ], [ 103.4313, 11.119 ], [ 103.4383, 11.1238 ], [ 103.4425, 11.1209 ], [ 103.4486, 11.1221 ], [ 103.4433, 11.1332 ], [ 103.4373, 11.1298 ], [ 103.4334, 11.1314 ], [ 103.4301, 11.1262 ], [ 103.427, 11.1296 ], [ 103.4216, 11.1293 ], [ 103.4211, 11.1224 ], [ 103.4247, 11.1199 ] ], [ [ 103.4195, 11.0255 ], [ 103.43, 11.0286 ], [ 103.4334, 11.0275 ], [ 103.4365, 11.0306 ], [ 103.4362, 11.0373 ], [ 103.442, 11.0442 ], [ 103.4444, 11.0515 ], [ 103.442, 11.056 ], [ 103.4415, 11.0527 ], [ 103.4359, 11.0526 ], [ 103.4326, 11.0499 ], [ 103.4346, 11.0452 ], [ 103.429, 11.0403 ], [ 103.4287, 11.0337 ], [ 103.4216, 11.0311 ], [ 103.4195, 11.0255 ] ], [ [ 103.3912, 11.086 ], [ 103.3954, 11.0851 ], [ 103.3973, 11.0917 ], [ 103.3998, 11.0883 ], [ 103.4014, 11.0891 ], [ 103.4017, 11.0929 ], [ 103.3959, 11.0993 ], [ 103.3939, 11.0939 ], [ 103.392, 11.0978 ], [ 103.3895, 11.0974 ], [ 103.3912, 11.086 ] ], [ [ 103.4001, 11.0114 ], [ 103.4007, 11.0095 ], [ 103.41, 11.008 ], [ 103.4114, 11.0059 ], [ 103.4093, 11.0056 ], [ 103.4064, 10.9975 ], [ 103.3988, 10.9946 ], [ 103.3976, 10.9916 ], [ 103.4022, 10.9848 ], [ 103.4034, 10.9912 ], [ 103.4071, 10.9913 ], [ 103.4037, 10.9804 ], [ 103.4097, 10.9844 ], [ 103.4125, 10.9905 ], [ 103.4125, 10.9937 ], [ 103.4086, 10.9964 ], [ 103.4162, 10.9994 ], [ 103.4202, 11.0046 ], [ 103.4171, 11.0081 ], [ 103.4146, 11.0071 ], [ 103.4098, 11.0106 ], [ 103.4001, 11.0114 ] ], [ [ 103.3905, 10.9506 ], [ 103.3939, 10.9489 ], [ 103.3953, 10.9517 ], [ 103.3999, 10.9496 ], [ 103.3984, 10.9446 ], [ 103.3952, 10.947 ], [ 103.3915, 10.9449 ], [ 103.3896, 10.9395 ], [ 103.3934, 10.938 ], [ 103.3929, 10.9361 ], [ 103.386, 10.9358 ], [ 103.3851, 10.9337 ], [ 103.3879, 10.9337 ], [ 103.3856, 10.9299 ], [ 103.3919, 10.9323 ], [ 103.3941, 10.9287 ], [ 103.3964, 10.93 ], [ 103.402, 10.9272 ], [ 103.4074, 10.9287 ], [ 103.4093, 10.9276 ], [ 103.4076, 10.9253 ], [ 103.4129, 10.9262 ], [ 103.4149, 10.9234 ], [ 103.418, 10.9236 ], [ 103.4176, 10.9307 ], [ 103.4064, 10.9349 ], [ 103.4045, 10.9391 ], [ 103.3998, 10.9416 ], [ 103.4032, 10.9484 ], [ 103.4006, 10.9606 ], [ 103.3975, 10.9606 ], [ 103.3946, 10.954 ], [ 103.3863, 10.9535 ], [ 103.3849, 10.9505 ], [ 103.3866, 10.9482 ], [ 103.3905, 10.9506 ] ], [ [ 103.3673, 10.9145 ], [ 103.3763, 10.913 ], [ 103.3769, 10.9151 ], [ 103.3729, 10.9172 ], [ 103.3774, 10.92 ], [ 103.3775, 10.9165 ], [ 103.3793, 10.9167 ], [ 103.3815, 10.9284 ], [ 103.3768, 10.9295 ], [ 103.3776, 10.9241 ], [ 103.3731, 10.922 ], [ 103.3713, 10.9245 ], [ 103.3726, 10.928 ], [ 103.369, 10.9301 ], [ 103.3673, 10.9245 ], [ 103.3642, 10.9248 ], [ 103.3629, 10.9276 ], [ 103.3563, 10.9222 ], [ 103.3555, 10.9107 ], [ 103.363, 10.9095 ], [ 103.3673, 10.9145 ] ], [ [ 103.3688, 10.9376 ], [ 103.369, 10.9423 ], [ 103.3647, 10.9445 ], [ 103.3611, 10.941 ], [ 103.3688, 10.9376 ] ], [ [ 103.3705, 10.9489 ], [ 103.3678, 10.9513 ], [ 103.3634, 10.9482 ], [ 103.3648, 10.9462 ], [ 103.3694, 10.9468 ], [ 103.3705, 10.9489 ] ], [ [ 103.3698, 11.0695 ], [ 103.3681, 11.0722 ], [ 103.3645, 11.0717 ], [ 103.3605, 11.0662 ], [ 103.3584, 11.0664 ], [ 103.3581, 11.0594 ], [ 103.3614, 11.0571 ], [ 103.3698, 11.0695 ] ], [ [ 103.449, 11.1479 ], [ 103.448, 11.1414 ], [ 103.4521, 11.1454 ], [ 103.4517, 11.148 ], [ 103.449, 11.1479 ] ], [ [ 103.3828, 11.3418 ], [ 103.3993, 11.3388 ], [ 103.3991, 11.3418 ], [ 103.3902, 11.3446 ], [ 103.3846, 11.3493 ], [ 103.3856, 11.3455 ], [ 103.3828, 11.3418 ] ], [ [ 103.4157, 11.3203 ], [ 103.4146, 11.3218 ], [ 103.4112, 11.3183 ], [ 103.4099, 11.3196 ], [ 103.4072, 11.3181 ], [ 103.4088, 11.3151 ], [ 103.4062, 11.313 ], [ 103.407, 11.3102 ], [ 103.4105, 11.3105 ], [ 103.4157, 11.3203 ] ], [ [ 103.4615, 11.2573 ], [ 103.4595, 11.2714 ], [ 103.4554, 11.2654 ], [ 103.4556, 11.261 ], [ 103.4615, 11.2573 ] ], [ [ 103.4795, 11.3329 ], [ 103.4841, 11.333 ], [ 103.484, 11.3354 ], [ 103.4861, 11.3352 ], [ 103.4874, 11.3313 ], [ 103.4949, 11.3322 ], [ 103.4985, 11.3289 ], [ 103.499, 11.3321 ], [ 103.4904, 11.3389 ], [ 103.4913, 11.3459 ], [ 103.4895, 11.3472 ], [ 103.4919, 11.3486 ], [ 103.4918, 11.3536 ], [ 103.4952, 11.3514 ], [ 103.4988, 11.3525 ], [ 103.4978, 11.3574 ], [ 103.5027, 11.3593 ], [ 103.5011, 11.3647 ], [ 103.4973, 11.3632 ], [ 103.4935, 11.3575 ], [ 103.4847, 11.3611 ], [ 103.4834, 11.3638 ], [ 103.4811, 11.3619 ], [ 103.4812, 11.3579 ], [ 103.4775, 11.3572 ], [ 103.4791, 11.3529 ], [ 103.4807, 11.3543 ], [ 103.4836, 11.352 ], [ 103.4828, 11.3461 ], [ 103.4849, 11.3474 ], [ 103.487, 11.3457 ], [ 103.4863, 11.3425 ], [ 103.4795, 11.3423 ], [ 103.4814, 11.3372 ], [ 103.4795, 11.3329 ] ], [ [ 103.5181, 11.3262 ], [ 103.5273, 11.3233 ], [ 103.5289, 11.3255 ], [ 103.5269, 11.3294 ], [ 103.5281, 11.3324 ], [ 103.5261, 11.3333 ], [ 103.5233, 11.3306 ], [ 103.5158, 11.333 ], [ 103.5078, 11.324 ], [ 103.5181, 11.3262 ] ], [ [ 103.5138, 11.2935 ], [ 103.5187, 11.294 ], [ 103.5174, 11.2996 ], [ 103.5142, 11.3004 ], [ 103.5118, 11.2964 ], [ 103.5138, 11.2935 ] ], [ [ 103.5003, 11.2602 ], [ 103.4962, 11.2603 ], [ 103.4956, 11.2637 ], [ 103.484, 11.2595 ], [ 103.4812, 11.2635 ], [ 103.4785, 11.2606 ], [ 103.4786, 11.2537 ], [ 103.4876, 11.2545 ], [ 103.4918, 11.245 ], [ 103.4897, 11.2436 ], [ 103.4875, 11.2484 ], [ 103.4844, 11.2463 ], [ 103.4843, 11.2506 ], [ 103.4811, 11.2511 ], [ 103.482, 11.2442 ], [ 103.4791, 11.2424 ], [ 103.4763, 11.2481 ], [ 103.4695, 11.2488 ], [ 103.4689, 11.2524 ], [ 103.4626, 11.2531 ], [ 103.4666, 11.2497 ], [ 103.4657, 11.2431 ], [ 103.4572, 11.2421 ], [ 103.4513, 11.238 ], [ 103.4497, 11.2471 ], [ 103.4473, 11.2371 ], [ 103.4512, 11.2334 ], [ 103.4626, 11.2288 ], [ 103.4695, 11.2333 ], [ 103.4747, 11.2278 ], [ 103.479, 11.2311 ], [ 103.4846, 11.2254 ], [ 103.4806, 11.2146 ], [ 103.4879, 11.2174 ], [ 103.4847, 11.2216 ], [ 103.4899, 11.2255 ], [ 103.4946, 11.2254 ], [ 103.4983, 11.2204 ], [ 103.4936, 11.2167 ], [ 103.5001, 11.2138 ], [ 103.5008, 11.2101 ], [ 103.4835, 11.2105 ], [ 103.4838, 11.2073 ], [ 103.4889, 11.2073 ], [ 103.5068, 11.1962 ], [ 103.5123, 11.1979 ], [ 103.5234, 11.1953 ], [ 103.5334, 11.1888 ], [ 103.5456, 11.186 ], [ 103.5479, 11.1825 ], [ 103.5507, 11.1843 ], [ 103.5554, 11.1827 ], [ 103.5562, 11.1769 ], [ 103.5609, 11.1823 ], [ 103.5623, 11.1903 ], [ 103.5668, 11.1851 ], [ 103.5719, 11.1872 ], [ 103.5935, 11.1772 ], [ 103.5984, 11.1776 ], [ 103.5991, 11.1824 ], [ 103.6041, 11.1858 ], [ 103.602, 11.1889 ], [ 103.6032, 11.1915 ], [ 103.5998, 11.1923 ], [ 103.5995, 11.1953 ], [ 103.5962, 11.197 ], [ 103.6033, 11.2015 ], [ 103.5982, 11.2069 ], [ 103.6012, 11.2082 ], [ 103.6039, 11.2139 ], [ 103.6095, 11.2106 ], [ 103.6096, 11.2049 ], [ 103.613, 11.212 ], [ 103.6101, 11.2119 ], [ 103.6131, 11.2149 ], [ 103.6233, 11.2123 ], [ 103.6209, 11.2152 ], [ 103.6156, 11.2166 ], [ 103.622, 11.2245 ], [ 103.6173, 11.2235 ], [ 103.6094, 11.2162 ], [ 103.6058, 11.2162 ], [ 103.605, 11.2224 ], [ 103.613, 11.2311 ], [ 103.6115, 11.2332 ], [ 103.6065, 11.2321 ], [ 103.6091, 11.2356 ], [ 103.6077, 11.2373 ], [ 103.6052, 11.2366 ], [ 103.6039, 11.2317 ], [ 103.6018, 11.2319 ], [ 103.5972, 11.225 ], [ 103.5976, 11.2308 ], [ 103.5947, 11.2322 ], [ 103.5917, 11.2318 ], [ 103.5894, 11.2264 ], [ 103.5914, 11.241 ], [ 103.5867, 11.2391 ], [ 103.5893, 11.2382 ], [ 103.5853, 11.2376 ], [ 103.5837, 11.2406 ], [ 103.5791, 11.2417 ], [ 103.5756, 11.2478 ], [ 103.5746, 11.2449 ], [ 103.5676, 11.2453 ], [ 103.5662, 11.2481 ], [ 103.5649, 11.2469 ], [ 103.5608, 11.2498 ], [ 103.5591, 11.2453 ], [ 103.5608, 11.2428 ], [ 103.5567, 11.2451 ], [ 103.5547, 11.2426 ], [ 103.5495, 11.2464 ], [ 103.5494, 11.2513 ], [ 103.5403, 11.2461 ], [ 103.5357, 11.2474 ], [ 103.5333, 11.2446 ], [ 103.5258, 11.2488 ], [ 103.5226, 11.2466 ], [ 103.5205, 11.2488 ], [ 103.5234, 11.2508 ], [ 103.5225, 11.2534 ], [ 103.5254, 11.2542 ], [ 103.5244, 11.2569 ], [ 103.5189, 11.2567 ], [ 103.5146, 11.2518 ], [ 103.5093, 11.2496 ], [ 103.5062, 11.2506 ], [ 103.5081, 11.254 ], [ 103.5029, 11.2529 ], [ 103.5003, 11.2602 ] ], [ [ 103.4866, 11.7838 ], [ 103.4892, 11.7811 ], [ 103.4969, 11.7855 ], [ 103.4971, 11.7926 ], [ 103.4996, 11.7944 ], [ 103.4977, 11.7965 ], [ 103.4986, 11.7996 ], [ 103.4929, 11.8007 ], [ 103.4949, 11.7933 ], [ 103.4923, 11.7865 ], [ 103.4866, 11.7838 ] ], [ [ 103.5777, 11.2947 ], [ 103.5706, 11.2983 ], [ 103.5732, 11.3009 ], [ 103.5756, 11.2979 ], [ 103.5783, 11.2982 ], [ 103.5788, 11.3048 ], [ 103.5817, 11.3072 ], [ 103.5772, 11.3096 ], [ 103.5777, 11.3142 ], [ 103.5809, 11.3179 ], [ 103.5782, 11.3227 ], [ 103.5751, 11.3239 ], [ 103.5803, 11.3237 ], [ 103.5768, 11.329 ], [ 103.5808, 11.3354 ], [ 103.572, 11.332 ], [ 103.5682, 11.3353 ], [ 103.5668, 11.3319 ], [ 103.5616, 11.3297 ], [ 103.5656, 11.3244 ], [ 103.5631, 11.3214 ], [ 103.56, 11.3227 ], [ 103.5599, 11.3192 ], [ 103.5565, 11.3196 ], [ 103.5533, 11.3126 ], [ 103.557, 11.3037 ], [ 103.5611, 11.3024 ], [ 103.5625, 11.3062 ], [ 103.5661, 11.3057 ], [ 103.5645, 11.3101 ], [ 103.5691, 11.3144 ], [ 103.5704, 11.303 ], [ 103.5671, 11.3052 ], [ 103.566, 11.3022 ], [ 103.5608, 11.301 ], [ 103.5546, 11.3034 ], [ 103.5499, 11.3025 ], [ 103.5481, 11.2965 ], [ 103.5422, 11.2916 ], [ 103.5459, 11.2891 ], [ 103.5453, 11.2833 ], [ 103.5477, 11.2821 ], [ 103.5539, 11.2848 ], [ 103.5588, 11.2844 ], [ 103.5592, 11.2863 ], [ 103.5536, 11.2901 ], [ 103.5591, 11.29 ], [ 103.5606, 11.293 ], [ 103.5624, 11.29 ], [ 103.5647, 11.2921 ], [ 103.5715, 11.289 ], [ 103.5724, 11.2916 ], [ 103.5769, 11.2913 ], [ 103.5777, 11.2947 ] ], [ [ 103.5613, 11.3484 ], [ 103.5543, 11.3468 ], [ 103.5526, 11.3568 ], [ 103.5496, 11.3575 ], [ 103.5486, 11.3527 ], [ 103.5456, 11.3547 ], [ 103.5477, 11.3659 ], [ 103.5409, 11.3661 ], [ 103.5395, 11.3615 ], [ 103.5358, 11.3656 ], [ 103.5352, 11.3748 ], [ 103.5327, 11.3734 ], [ 103.53, 11.3649 ], [ 103.5333, 11.3598 ], [ 103.536, 11.3614 ], [ 103.5361, 11.3548 ], [ 103.5412, 11.351 ], [ 103.535, 11.34 ], [ 103.536, 11.3375 ], [ 103.5416, 11.3397 ], [ 103.5474, 11.3465 ], [ 103.5508, 11.3386 ], [ 103.5535, 11.3384 ], [ 103.5501, 11.3332 ], [ 103.5551, 11.3312 ], [ 103.5545, 11.3363 ], [ 103.5638, 11.3443 ], [ 103.5634, 11.3515 ], [ 103.5613, 11.3484 ] ], [ [ 103.5559, 11.3266 ], [ 103.55, 11.3296 ], [ 103.5482, 11.3238 ], [ 103.5418, 11.3219 ], [ 103.5403, 11.3156 ], [ 103.5466, 11.3133 ], [ 103.5517, 11.3171 ], [ 103.5499, 11.3178 ], [ 103.5559, 11.3266 ] ], [ [ 103.5522, 11.3888 ], [ 103.5562, 11.39 ], [ 103.5542, 11.3939 ], [ 103.5483, 11.3879 ], [ 103.5482, 11.3848 ], [ 103.5515, 11.3857 ], [ 103.5522, 11.3888 ] ], [ [ 103.526, 11.3823 ], [ 103.5208, 11.381 ], [ 103.521, 11.3787 ], [ 103.5178, 11.3782 ], [ 103.5186, 11.3754 ], [ 103.5259, 11.3755 ], [ 103.526, 11.3823 ] ], [ [ 103.5004, 11.3374 ], [ 103.5047, 11.3391 ], [ 103.505, 11.3452 ], [ 103.5105, 11.3474 ], [ 103.5087, 11.3434 ], [ 103.5102, 11.3419 ], [ 103.5137, 11.3408 ], [ 103.5203, 11.3447 ], [ 103.523, 11.3395 ], [ 103.5254, 11.3454 ], [ 103.5286, 11.3456 ], [ 103.528, 11.349 ], [ 103.5327, 11.3485 ], [ 103.5287, 11.3542 ], [ 103.5238, 11.3547 ], [ 103.5218, 11.3596 ], [ 103.5116, 11.3591 ], [ 103.5103, 11.3613 ], [ 103.5072, 11.3592 ], [ 103.5085, 11.3571 ], [ 103.5037, 11.3478 ], [ 103.5013, 11.3502 ], [ 103.499, 11.3447 ], [ 103.4945, 11.345 ], [ 103.4947, 11.3398 ], [ 103.4992, 11.3405 ], [ 103.5004, 11.3374 ] ], [ [ 103.5151, 11.4025 ], [ 103.5113, 11.4078 ], [ 103.5094, 11.4048 ], [ 103.5071, 11.4052 ], [ 103.5089, 11.3992 ], [ 103.5153, 11.3981 ], [ 103.5151, 11.4025 ] ], [ [ 103.7633, 11.4671 ], [ 103.7677, 11.4747 ], [ 103.7642, 11.4813 ], [ 103.7645, 11.49 ], [ 103.7623, 11.4846 ], [ 103.7549, 11.4823 ], [ 103.7557, 11.4777 ], [ 103.7601, 11.4758 ], [ 103.7552, 11.4705 ], [ 103.7597, 11.4709 ], [ 103.7633, 11.4671 ] ], [ [ 103.7547, 11.4669 ], [ 103.754, 11.4631 ], [ 103.758, 11.4617 ], [ 103.7527, 11.4603 ], [ 103.7541, 11.4563 ], [ 103.7496, 11.4524 ], [ 103.7507, 11.4509 ], [ 103.7565, 11.4517 ], [ 103.7563, 11.4493 ], [ 103.7625, 11.4467 ], [ 103.7696, 11.4515 ], [ 103.7693, 11.4469 ], [ 103.7721, 11.4455 ], [ 103.7758, 11.4523 ], [ 103.7703, 11.4552 ], [ 103.7719, 11.4565 ], [ 103.7698, 11.466 ], [ 103.7547, 11.4669 ] ], [ [ 103.8043, 11.5177 ], [ 103.8, 11.5187 ], [ 103.7929, 11.5134 ], [ 103.7913, 11.5147 ], [ 103.7911, 11.5102 ], [ 103.7866, 11.5102 ], [ 103.7873, 11.5033 ], [ 103.7822, 11.501 ], [ 103.7816, 11.4981 ], [ 103.7937, 11.5017 ], [ 103.7981, 11.5104 ], [ 103.8017, 11.5107 ], [ 103.8025, 11.5136 ], [ 103.8049, 11.5111 ], [ 103.8043, 11.5177 ] ], [ [ 103.5601, 11.3733 ], [ 103.5627, 11.3743 ], [ 103.5612, 11.3768 ], [ 103.5555, 11.3798 ], [ 103.5494, 11.3763 ], [ 103.5479, 11.372 ], [ 103.5494, 11.369 ], [ 103.5598, 11.3694 ], [ 103.5601, 11.3733 ] ], [ [ 103.7419, 11.4973 ], [ 103.7357, 11.5009 ], [ 103.738, 11.5075 ], [ 103.7323, 11.511 ], [ 103.7276, 11.5106 ], [ 103.727, 11.5066 ], [ 103.7309, 11.5039 ], [ 103.735, 11.496 ], [ 103.739, 11.4933 ], [ 103.7419, 11.4973 ] ], [ [ 103.7039, 11.5017 ], [ 103.6968, 11.5008 ], [ 103.695, 11.4976 ], [ 103.7065, 11.4915 ], [ 103.7085, 11.4922 ], [ 103.7073, 11.4982 ], [ 103.7039, 11.5017 ] ], [ [ 103.6879, 11.4841 ], [ 103.6857, 11.4802 ], [ 103.6987, 11.4781 ], [ 103.6959, 11.4803 ], [ 103.6974, 11.4839 ], [ 103.6951, 11.4845 ], [ 103.6953, 11.4865 ], [ 103.6884, 11.4901 ], [ 103.6862, 11.4871 ], [ 103.6879, 11.4841 ] ], [ [ 103.9673, 11.4365 ], [ 103.9774, 11.4343 ], [ 103.9766, 11.4551 ], [ 103.9846, 11.463 ], [ 103.9858, 11.4719 ], [ 103.994, 11.4751 ], [ 103.9948, 11.4791 ], [ 103.993, 11.4831 ], [ 103.9862, 11.4841 ], [ 103.9846, 11.4881 ], [ 103.9795, 11.486 ], [ 103.973, 11.4867 ], [ 103.9717, 11.4984 ], [ 103.9621, 11.4944 ], [ 103.9652, 11.5036 ], [ 103.9578, 11.5038 ], [ 103.9563, 11.5086 ], [ 103.9535, 11.487 ], [ 103.9596, 11.4719 ], [ 103.9605, 11.4642 ], [ 103.9666, 11.4527 ], [ 103.9673, 11.4365 ] ], [ [ 103.7501, 11.4296 ], [ 103.7481, 11.4315 ], [ 103.7428, 11.4292 ], [ 103.7562, 11.4219 ], [ 103.7591, 11.427 ], [ 103.756, 11.429 ], [ 103.758, 11.4316 ], [ 103.7501, 11.4296 ] ], [ [ 103.835, 11.2811 ], [ 103.8215, 11.2814 ], [ 103.8219, 11.2787 ], [ 103.8294, 11.274 ], [ 103.8301, 11.2772 ], [ 103.835, 11.2811 ] ], [ [ 103.8237, 11.3012 ], [ 103.8284, 11.3004 ], [ 103.8286, 11.3033 ], [ 103.824, 11.3063 ], [ 103.8235, 11.3116 ], [ 103.8214, 11.3061 ], [ 103.8237, 11.3012 ] ], [ [ 103.8185, 11.3073 ], [ 103.8152, 11.3118 ], [ 103.8099, 11.3045 ], [ 103.8185, 11.3073 ] ], [ [ 103.7077, 11.4064 ], [ 103.6951, 11.4174 ], [ 103.6875, 11.4169 ], [ 103.6836, 11.4096 ], [ 103.692, 11.4026 ], [ 103.6958, 11.4023 ], [ 103.6971, 11.3995 ], [ 103.7041, 11.3993 ], [ 103.7077, 11.4064 ] ], [ [ 103.7006, 11.4445 ], [ 103.7003, 11.4468 ], [ 103.6851, 11.4494 ], [ 103.6861, 11.4434 ], [ 103.691, 11.4406 ], [ 103.7006, 11.4445 ] ], [ [ 103.7803, 11.5175 ], [ 103.7871, 11.5239 ], [ 103.7918, 11.5363 ], [ 103.7824, 11.5342 ], [ 103.781, 11.52 ], [ 103.7783, 11.5197 ], [ 103.768, 11.5102 ], [ 103.7705, 11.5061 ], [ 103.7731, 11.5101 ], [ 103.775, 11.5062 ], [ 103.7778, 11.5083 ], [ 103.7828, 11.508 ], [ 103.7803, 11.5175 ] ], [ [ 103.5725, 11.5693 ], [ 103.5672, 11.57 ], [ 103.56, 11.5668 ], [ 103.5627, 11.5621 ], [ 103.5664, 11.5607 ], [ 103.5725, 11.5693 ] ], [ [ 103.6085, 11.7363 ], [ 103.5996, 11.7248 ], [ 103.6051, 11.7205 ], [ 103.6021, 11.7087 ], [ 103.614, 11.6989 ], [ 103.6176, 11.7034 ], [ 103.6132, 11.7156 ], [ 103.6142, 11.7343 ], [ 103.6085, 11.7363 ] ], [ [ 103.5913, 11.6884 ], [ 103.5949, 11.6818 ], [ 103.5938, 11.6782 ], [ 103.5879, 11.6741 ], [ 103.5774, 11.6748 ], [ 103.5746, 11.673 ], [ 103.5731, 11.6661 ], [ 103.5801, 11.6667 ], [ 103.5718, 11.6611 ], [ 103.5713, 11.6578 ], [ 103.5739, 11.6553 ], [ 103.5788, 11.6545 ], [ 103.5865, 11.6579 ], [ 103.5884, 11.6682 ], [ 103.5906, 11.6617 ], [ 103.5983, 11.6645 ], [ 103.6021, 11.6687 ], [ 103.6008, 11.6791 ], [ 103.6047, 11.6782 ], [ 103.6055, 11.6899 ], [ 103.5953, 11.6938 ], [ 103.5913, 11.6884 ] ], [ [ 103.5616, 11.6522 ], [ 103.5655, 11.6508 ], [ 103.5692, 11.6524 ], [ 103.5672, 11.658 ], [ 103.5621, 11.6572 ], [ 103.5616, 11.6522 ] ], [ [ 103.6297, 11.6922 ], [ 103.634, 11.6882 ], [ 103.6409, 11.6922 ], [ 103.6372, 11.6935 ], [ 103.6387, 11.6967 ], [ 103.6297, 11.6922 ] ], [ [ 103.6215, 11.6743 ], [ 103.6254, 11.675 ], [ 103.6292, 11.6723 ], [ 103.6346, 11.678 ], [ 103.6252, 11.6781 ], [ 103.6215, 11.6743 ] ], [ [ 103.6065, 11.7512 ], [ 103.6139, 11.7504 ], [ 103.6183, 11.7604 ], [ 103.614, 11.7698 ], [ 103.6063, 11.7751 ], [ 103.6019, 11.769 ], [ 103.6055, 11.7615 ], [ 103.6003, 11.7593 ], [ 103.6065, 11.7512 ] ], [ [ 103.6575, 11.9027 ], [ 103.655, 11.9052 ], [ 103.6508, 11.9014 ], [ 103.6492, 11.8961 ], [ 103.6541, 11.8924 ], [ 103.6562, 11.8846 ], [ 103.6581, 11.884 ], [ 103.6575, 11.9027 ] ], [ [ 103.7262, 11.6169 ], [ 103.7227, 11.6187 ], [ 103.719, 11.6138 ], [ 103.7241, 11.6132 ], [ 103.7304, 11.6171 ], [ 103.728, 11.6184 ], [ 103.7262, 11.6169 ] ], [ [ 103.6407, 11.766 ], [ 103.6463, 11.77 ], [ 103.6502, 11.7851 ], [ 103.646, 11.7855 ], [ 103.6451, 11.7818 ], [ 103.6382, 11.776 ], [ 103.6407, 11.766 ] ], [ [ 103.5236, 11.2862 ], [ 103.5258, 11.2844 ], [ 103.5237, 11.2821 ], [ 103.5249, 11.2781 ], [ 103.5291, 11.2802 ], [ 103.5288, 11.2849 ], [ 103.5313, 11.2841 ], [ 103.5347, 11.2866 ], [ 103.5322, 11.2891 ], [ 103.5236, 11.2862 ] ], [ [ 103.5278, 11.2611 ], [ 103.5298, 11.2599 ], [ 103.5376, 11.2611 ], [ 103.536, 11.2653 ], [ 103.5332, 11.2641 ], [ 103.5326, 11.2663 ], [ 103.5278, 11.2611 ] ], [ [ 103.5244, 11.2989 ], [ 103.5311, 11.2972 ], [ 103.5342, 11.2988 ], [ 103.5351, 11.3011 ], [ 103.5329, 11.3019 ], [ 103.5351, 11.3035 ], [ 103.5253, 11.304 ], [ 103.5235, 11.3021 ], [ 103.5244, 11.2989 ] ], [ [ 103.5002, 11.3111 ], [ 103.5051, 11.3016 ], [ 103.5063, 11.3058 ], [ 103.5112, 11.3077 ], [ 103.5094, 11.3117 ], [ 103.5002, 11.3111 ] ], [ [ 103.5972, 11.1087 ], [ 103.5976, 11.1146 ], [ 103.6027, 11.1187 ], [ 103.6018, 11.1229 ], [ 103.6048, 11.1278 ], [ 103.6051, 11.1143 ], [ 103.6141, 11.1205 ], [ 103.6098, 11.1282 ], [ 103.6124, 11.1328 ], [ 103.6171, 11.1324 ], [ 103.6174, 11.1363 ], [ 103.6049, 11.1369 ], [ 103.604, 11.1318 ], [ 103.595, 11.1271 ], [ 103.5921, 11.1218 ], [ 103.5877, 11.1232 ], [ 103.5851, 11.1167 ], [ 103.5877, 11.1154 ], [ 103.5909, 11.1076 ], [ 103.5972, 11.1087 ] ], [ [ 103.6365, 11.1922 ], [ 103.6354, 11.1899 ], [ 103.6387, 11.1851 ], [ 103.6451, 11.186 ], [ 103.6464, 11.1889 ], [ 103.6365, 11.1922 ] ], [ [ 103.7492, 11.2947 ], [ 103.7449, 11.2974 ], [ 103.7454, 11.2894 ], [ 103.7462, 11.2875 ], [ 103.7502, 11.2911 ], [ 103.7526, 11.2859 ], [ 103.7505, 11.2937 ], [ 103.7541, 11.2973 ], [ 103.7509, 11.2983 ], [ 103.7492, 11.2947 ] ], [ [ 103.7473, 11.1838 ], [ 103.7449, 11.1888 ], [ 103.7426, 11.1863 ], [ 103.7434, 11.1826 ], [ 103.7526, 11.173 ], [ 103.7561, 11.1776 ], [ 103.7554, 11.1841 ], [ 103.7498, 11.1854 ], [ 103.7473, 11.1838 ] ], [ [ 103.7007, 11.2619 ], [ 103.7084, 11.2682 ], [ 103.7044, 11.2726 ], [ 103.6967, 11.267 ], [ 103.7007, 11.2619 ] ], [ [ 103.7195, 11.3175 ], [ 103.7305, 11.3115 ], [ 103.7338, 11.3066 ], [ 103.7343, 11.3126 ], [ 103.7297, 11.3177 ], [ 103.7363, 11.3249 ], [ 103.7324, 11.3263 ], [ 103.7278, 11.3214 ], [ 103.724, 11.3228 ], [ 103.722, 11.3183 ], [ 103.7195, 11.3175 ] ], [ [ 103.7248, 11.2322 ], [ 103.7274, 11.2364 ], [ 103.7206, 11.2409 ], [ 103.7273, 11.2479 ], [ 103.7167, 11.2514 ], [ 103.718, 11.2587 ], [ 103.713, 11.2598 ], [ 103.7109, 11.2569 ], [ 103.7138, 11.2545 ], [ 103.7056, 11.253 ], [ 103.7043, 11.2485 ], [ 103.7248, 11.2322 ] ], [ [ 103.7374, 11.2161 ], [ 103.7298, 11.2201 ], [ 103.7258, 11.2191 ], [ 103.7242, 11.2143 ], [ 103.7263, 11.2129 ], [ 103.7285, 11.2153 ], [ 103.7374, 11.2161 ] ], [ [ 103.74, 11.2188 ], [ 103.7411, 11.2205 ], [ 103.7378, 11.2221 ], [ 103.7381, 11.2286 ], [ 103.7311, 11.2272 ], [ 103.7275, 11.2302 ], [ 103.7237, 11.2291 ], [ 103.7298, 11.222 ], [ 103.7326, 11.2227 ], [ 103.7337, 11.2189 ], [ 103.74, 11.2188 ] ], [ [ 103.8, 11.2227 ], [ 103.7981, 11.2236 ], [ 103.7965, 11.2174 ], [ 103.7917, 11.2191 ], [ 103.7841, 11.2121 ], [ 103.7875, 11.2069 ], [ 103.7901, 11.2125 ], [ 103.7944, 11.21 ], [ 103.7898, 11.2002 ], [ 103.7832, 11.1968 ], [ 103.7849, 11.1932 ], [ 103.7746, 11.1772 ], [ 103.7763, 11.1711 ], [ 103.7829, 11.164 ], [ 103.7851, 11.1653 ], [ 103.7828, 11.1708 ], [ 103.7835, 11.1764 ], [ 103.7888, 11.1687 ], [ 103.7904, 11.1698 ], [ 103.7901, 11.1766 ], [ 103.7941, 11.1725 ], [ 103.7944, 11.1807 ], [ 103.7923, 11.1841 ], [ 103.7862, 11.1849 ], [ 103.7847, 11.1881 ], [ 103.7923, 11.1913 ], [ 103.7927, 11.1946 ], [ 103.801, 11.2025 ], [ 103.7976, 11.21 ], [ 103.8005, 11.2164 ], [ 103.8044, 11.2188 ], [ 103.8054, 11.2242 ], [ 103.8019, 11.2261 ], [ 103.8, 11.2227 ] ], [ [ 103.7954, 11.1635 ], [ 103.7908, 11.152 ], [ 103.7964, 11.1549 ], [ 103.7989, 11.1522 ], [ 103.7992, 11.1452 ], [ 103.8042, 11.1445 ], [ 103.8084, 11.148 ], [ 103.8049, 11.1489 ], [ 103.8048, 11.152 ], [ 103.8103, 11.1501 ], [ 103.8127, 11.1523 ], [ 103.8073, 11.1584 ], [ 103.7999, 11.1595 ], [ 103.8009, 11.1644 ], [ 103.7967, 11.1707 ], [ 103.7926, 11.1669 ], [ 103.7954, 11.1635 ] ], [ [ 103.8, 11.1226 ], [ 103.8102, 11.1103 ], [ 103.8108, 11.0992 ], [ 103.8181, 11.0964 ], [ 103.8159, 11.1022 ], [ 103.8201, 11.1048 ], [ 103.8171, 11.1075 ], [ 103.8175, 11.1227 ], [ 103.8139, 11.1255 ], [ 103.8079, 11.1209 ], [ 103.8083, 11.1301 ], [ 103.8053, 11.1312 ], [ 103.8, 11.1226 ] ], [ [ 103.7701, 11.2221 ], [ 103.7768, 11.2158 ], [ 103.7754, 11.213 ], [ 103.7775, 11.2075 ], [ 103.7801, 11.2094 ], [ 103.7827, 11.2051 ], [ 103.7833, 11.2121 ], [ 103.7799, 11.2165 ], [ 103.7851, 11.2209 ], [ 103.7782, 11.2231 ], [ 103.7787, 11.2269 ], [ 103.7726, 11.2254 ], [ 103.7701, 11.2221 ] ], [ [ 103.767, 11.1573 ], [ 103.7709, 11.1518 ], [ 103.7729, 11.1539 ], [ 103.7754, 11.1526 ], [ 103.774, 11.142 ], [ 103.7754, 11.141 ], [ 103.7771, 11.1487 ], [ 103.7793, 11.1496 ], [ 103.7839, 11.1466 ], [ 103.784, 11.1518 ], [ 103.7743, 11.1579 ], [ 103.7684, 11.1645 ], [ 103.767, 11.1573 ] ], [ [ 103.8132, 11.2154 ], [ 103.8067, 11.2146 ], [ 103.807, 11.2089 ], [ 103.8031, 11.2088 ], [ 103.8051, 11.2058 ], [ 103.8035, 11.1996 ], [ 103.805, 11.1962 ], [ 103.8067, 11.2002 ], [ 103.8111, 11.2022 ], [ 103.8133, 11.2089 ], [ 103.818, 11.2088 ], [ 103.8252, 11.2136 ], [ 103.8244, 11.2156 ], [ 103.8201, 11.2149 ], [ 103.8149, 11.2186 ], [ 103.8132, 11.2154 ] ], [ [ 103.8283, 11.1947 ], [ 103.8318, 11.1951 ], [ 103.8328, 11.2001 ], [ 103.8299, 11.2053 ], [ 103.8247, 11.2074 ], [ 103.819, 11.2046 ], [ 103.8207, 11.2026 ], [ 103.8179, 11.1996 ], [ 103.8255, 11.1904 ], [ 103.8283, 11.1947 ] ], [ [ 103.8307, 11.1863 ], [ 103.8378, 11.1812 ], [ 103.8383, 11.1737 ], [ 103.8403, 11.1727 ], [ 103.8492, 11.1838 ], [ 103.8394, 11.1844 ], [ 103.8337, 11.1879 ], [ 103.8307, 11.1863 ] ], [ [ 103.8086, 11.1737 ], [ 103.8167, 11.1754 ], [ 103.823, 11.1843 ], [ 103.8275, 11.1843 ], [ 103.8295, 11.1909 ], [ 103.82, 11.1855 ], [ 103.818, 11.1807 ], [ 103.8134, 11.1786 ], [ 103.8065, 11.1791 ], [ 103.8052, 11.1823 ], [ 103.8021, 11.1787 ], [ 103.8086, 11.1737 ] ] ] } },
{ "type": "Feature", "properties": { "cls": "Forest cover", "kh": "ព្រៃឈើ", "ha": 1017128 }, "geometry": { "type": "Polygon", "coordinates": [ [ [ 103.0003, 11.248 ], [ 102.9965, 11.2572 ], [ 102.989, 11.2547 ], [ 102.9886, 11.2565 ], [ 102.9975, 11.2634 ], [ 102.9978, 11.2652 ], [ 102.9936, 11.268 ], [ 102.9933, 11.2714 ], [ 102.9953, 11.2729 ], [ 102.985, 11.2717 ], [ 102.9816, 11.2768 ], [ 102.986, 11.2777 ], [ 102.984, 11.2937 ], [ 102.9855, 11.2969 ], [ 102.9881, 11.2951 ], [ 102.9882, 11.3015 ], [ 102.9808, 11.3044 ], [ 102.9905, 11.318 ], [ 102.9799, 11.3512 ], [ 102.9753, 11.3561 ], [ 102.9814, 11.3718 ], [ 102.974, 11.3907 ], [ 102.9703, 11.3945 ], [ 102.9746, 11.4118 ], [ 102.9821, 11.422 ], [ 102.9828, 11.4176 ], [ 102.9865, 11.4178 ], [ 102.9839, 11.4103 ], [ 102.9871, 11.4065 ], [ 102.9889, 11.4092 ], [ 102.9955, 11.4106 ], [ 103.004, 11.4188 ], [ 103.0128, 11.4186 ], [ 103.0199, 11.4132 ], [ 103.023, 11.4069 ], [ 103.0218, 11.4012 ], [ 103.0341, 11.3779 ], [ 103.0295, 11.363 ], [ 103.0277, 11.3459 ], [ 103.0329, 11.3422 ], [ 103.0332, 11.3393 ], [ 103.0412, 11.3344 ], [ 103.0376, 11.3208 ], [ 103.0441, 11.3075 ], [ 103.0416, 11.301 ], [ 103.0424, 11.2935 ], [ 103.0334, 11.2748 ], [ 103.0315, 11.2753 ], [ 103.034, 11.2725 ], [ 103.024, 11.2469 ], [ 103.0158, 11.2434 ], [ 103.0063, 11.2512 ], [ 103.0011, 11.2502 ], [ 103.0003, 11.248 ] ] ] } },
{ "type": "Feature", "properties": { "cls": "Forest cover", "kh": "ព្រៃឈើ", "ha": 1017128 }, "geometry": { "type": "Polygon", "coordinates": [ [ [ 102.9854, 11.5085 ], [ 102.9858, 11.5162 ], [ 102.9958, 11.5257 ], [ 102.9995, 11.5249 ], [ 103.009, 11.5301 ], [ 103.0119, 11.5264 ], [ 103.0143, 11.531 ], [ 103.0193, 11.5314 ], [ 103.0202, 11.5199 ], [ 103.0233, 11.5129 ], [ 103.0159, 11.5053 ], [ 103.0169, 11.4966 ], [ 103.0187, 11.5036 ], [ 103.0255, 11.512 ], [ 103.0282, 11.5119 ], [ 103.0349, 11.5043 ], [ 103.0324, 11.5 ], [ 103.0276, 11.4984 ], [ 103.0309, 11.4957 ], [ 103.0366, 11.4971 ], [ 103.0252, 11.4861 ], [ 103.0284, 11.485 ], [ 103.0368, 11.492 ], [ 103.04, 11.4829 ], [ 103.0315, 11.4829 ], [ 103.0334, 11.4804 ], [ 103.0691, 11.4768 ], [ 103.0714, 11.4735 ], [ 103.0704, 11.468 ], [ 103.0635, 11.4685 ], [ 103.0715, 11.4637 ], [ 103.0728, 11.4602 ], [ 103.0627, 11.4649 ], [ 103.0593, 11.4606 ], [ 103.0637, 11.4569 ], [ 103.0657, 11.4601 ], [ 103.0695, 11.4597 ], [ 103.0726, 11.4576 ], [ 103.0716, 11.4535 ], [ 103.068, 11.45 ], [ 103.0615, 11.4511 ], [ 103.0473, 11.4491 ], [ 103.0489, 11.4565 ], [ 103.0556, 11.4615 ], [ 103.0499, 11.4603 ], [ 103.05, 11.4629 ], [ 103.0463, 11.4555 ], [ 103.0371, 11.4699 ], [ 103.0364, 11.4663 ], [ 103.0407, 11.4622 ], [ 103.0422, 11.4446 ], [ 103.0349, 11.4338 ], [ 103.031, 11.4329 ], [ 103.0307, 11.4304 ], [ 103.0249, 11.4259 ], [ 103.0221, 11.4276 ], [ 103.0198, 11.4239 ], [ 103.0172, 11.4237 ], [ 103.0168, 11.4321 ], [ 103.0121, 11.4321 ], [ 103.0178, 11.4453 ], [ 103.0166, 11.4501 ], [ 103.0143, 11.4495 ], [ 103.0134, 11.4556 ], [ 103.017, 11.4562 ], [ 103.0169, 11.4629 ], [ 103.014, 11.4658 ], [ 103.0127, 11.4649 ], [ 102.9854, 11.5085 ] ] ] } },
{ "type": "Feature", "properties": { "cls": "Forest cover", "kh": "ព្រៃឈើ", "ha": 1017128 }, "geometry": { "type": "Polygon", "coordinates": [ [ [ 102.9699, 11.703 ], [ 102.9733, 11.702 ], [ 102.9734, 11.6975 ], [ 102.9705, 11.6962 ], [ 102.9648, 11.6872 ], [ 102.9636, 11.6942 ], [ 102.9699, 11.703 ] ] ] } },
{ "type": "Feature", "properties": { "cls": "Forest cover", "kh": "ព្រៃឈើ", "ha": 1017128 }, "geometry": { "type": "Polygon", "coordinates": [ [ [ 102.9994, 11.7252 ], [ 103.0027, 11.7227 ], [ 102.9919, 11.717 ], [ 102.9939, 11.7215 ], [ 102.9994, 11.7252 ] ] ] } },
{ "type": "Feature", "properties": { "cls": "Forest cover", "kh": "ព្រៃឈើ", "ha": 1017128 }, "geometry": { "type": "Polygon", "coordinates": [ [ [ 103.0368, 11.5351 ], [ 103.0332, 11.5261 ], [ 103.0288, 11.5213 ], [ 103.0258, 11.5231 ], [ 103.0258, 11.5264 ], [ 103.0303, 11.5325 ], [ 103.0312, 11.53 ], [ 103.0368, 11.5351 ] ] ] } },
{ "type": "Feature", "properties": { "cls": "Forest cover", "kh": "ព្រៃឈើ", "ha": 1017128 }, "geometry": { "type": "Polygon", "coordinates": [ [ [ 103.0249, 11.5439 ], [ 103.0279, 11.541 ], [ 103.0136, 11.5415 ], [ 103.0174, 11.5449 ], [ 103.0249, 11.5439 ] ] ] } },
{ "type": "Feature", "properties": { "cls": "Forest cover", "kh": "ព្រៃឈើ", "ha": 1017128 }, "geometry": { "type": "Polygon", "coordinates": [ [ [ 103.0505, 10.9607 ], [ 103.0562, 10.9614 ], [ 103.0525, 10.9547 ], [ 103.0477, 10.957 ], [ 103.0505, 10.9607 ] ] ] } },
{ "type": "Feature", "properties": { "cls": "Forest cover", "kh": "ព្រៃឈើ", "ha": 1017128 }, "geometry": { "type": "Polygon", "coordinates": [ [ [ 103.0403, 11.5046 ], [ 103.0413, 11.5077 ], [ 103.0457, 11.5095 ], [ 103.0452, 11.5035 ], [ 103.0494, 11.4998 ], [ 103.06, 11.496 ], [ 103.06, 11.4932 ], [ 103.0665, 11.4947 ], [ 103.0783, 11.49 ], [ 103.0716, 11.4796 ], [ 103.0583, 11.4793 ], [ 103.0467, 11.4821 ], [ 103.0403, 11.5046 ] ] ] } },
{ "type": "Feature", "properties": { "cls": "Forest cover", "kh": "ព្រៃឈើ", "ha": 1017128 }, "geometry": { "type": "Polygon", "coordinates": [ [ [ 103.0389, 11.5134 ], [ 103.0358, 11.5112 ], [ 103.0335, 11.5155 ], [ 103.0365, 11.5168 ], [ 103.0389, 11.5134 ] ] ] } },
{ "type": "Feature", "properties": { "cls": "Forest cover", "kh": "ព្រៃឈើ", "ha": 1017128 }, "geometry": { "type": "Polygon", "coordinates": [ [ [ 103.0688, 10.8977 ], [ 103.0782, 10.8928 ], [ 103.0882, 10.8939 ], [ 103.0914, 10.8907 ], [ 103.0693, 10.8884 ], [ 103.0668, 10.8903 ], [ 103.0688, 10.8977 ] ] ] } },
{ "type": "Feature", "properties": { "cls": "Forest cover", "kh": "ព្រៃឈើ", "ha": 1017128 }, "geometry": { "type": "Polygon", "coordinates": [ [ [ 103.0661, 10.9748 ], [ 103.0706, 10.9815 ], [ 103.08, 10.9817 ], [ 103.0766, 10.9781 ], [ 103.07, 10.9763 ], [ 103.0677, 10.9728 ], [ 103.0661, 10.9748 ] ] ] } },
{ "type": "Feature", "properties": { "cls": "Forest cover", "kh": "ព្រៃឈើ", "ha": 1017128 }, "geometry": { "type": "Polygon", "coordinates": [ [ [ 103.075, 11.4547 ], [ 103.079, 11.4516 ], [ 103.0862, 11.4507 ], [ 103.0833, 11.4482 ], [ 103.0761, 11.4483 ], [ 103.0721, 11.4504 ], [ 103.075, 11.4547 ] ] ] } },
{ "type": "Feature", "properties": { "cls": "Forest cover", "kh": "ព្រៃឈើ", "ha": 1017128 }, "geometry": { "type": "Polygon", "coordinates": [ [ [ 103.0764, 11.4579 ], [ 103.0904, 11.456 ], [ 103.0871, 11.452 ], [ 103.0777, 11.4548 ], [ 103.0764, 11.4579 ] ] ] } },
{ "type": "Feature", "properties": { "cls": "Forest cover", "kh": "ព្រៃឈើ", "ha": 1017128 }, "geometry": { "type": "Polygon", "coordinates": [ [ [ 103.0822, 11.4645 ], [ 103.0841, 11.466 ], [ 103.0826, 11.4725 ], [ 103.0888, 11.4716 ], [ 103.0974, 11.461 ], [ 103.1076, 11.4613 ], [ 103.0939, 11.4566 ], [ 103.0867, 11.4596 ], [ 103.079, 11.4592 ], [ 103.0776, 11.4608 ], [ 103.0806, 11.4669 ], [ 103.0822, 11.4645 ] ] ] } },
{ "type": "Feature", "properties": { "cls": "Forest cover", "kh": "ព្រៃឈើ", "ha": 1017128 }, "geometry": { "type": "Polygon", "coordinates": [ [ [ 103.0731, 11.4703 ], [ 103.0759, 11.4668 ], [ 103.0792, 11.4675 ], [ 103.0749, 11.4618 ], [ 103.0731, 11.4703 ] ] ] } },
{ "type": "Feature", "properties": { "cls": "Forest cover", "kh": "ព្រៃឈើ", "ha": 1017128 }, "geometry": { "type": "Polygon", "coordinates": [ [ [ 103.0919, 11.4714 ], [ 103.093, 11.476 ], [ 103.1114, 11.4689 ], [ 103.1009, 11.4635 ], [ 103.094, 11.4664 ], [ 103.0919, 11.4714 ] ] ] } },
{ "type": "Feature", "properties": { "cls": "Forest cover", "kh": "ព្រៃឈើ", "ha": 1017128 }, "geometry": { "type": "Polygon", "coordinates": [ [ [ 103.1226, 10.8712 ], [ 103.1212, 10.8747 ], [ 103.1272, 10.8736 ], [ 103.1331, 10.8757 ], [ 103.1397, 10.875 ], [ 103.1454, 10.8695 ], [ 103.1434, 10.863 ], [ 103.1337, 10.8651 ], [ 103.1226, 10.8712 ] ] ] } },
{ "type": "Feature", "properties": { "cls": "Forest cover", "kh": "ព្រៃឈើ", "ha": 1017128 }, "geometry": { "type": "Polygon", "coordinates": [ [ [ 103.1305, 10.8948 ], [ 103.1354, 10.8981 ], [ 103.1382, 10.8924 ], [ 103.1378, 10.8812 ], [ 103.1356, 10.8769 ], [ 103.1315, 10.8794 ], [ 103.1328, 10.8812 ], [ 103.1305, 10.8948 ] ] ] } },
{ "type": "Feature", "properties": { "cls": "Forest cover", "kh": "ព្រៃឈើ", "ha": 1017128 }, "geometry": { "type": "Polygon", "coordinates": [ [ [ 103.1145, 11.4689 ], [ 103.1294, 11.4783 ], [ 103.1344, 11.4879 ], [ 103.1408, 11.4847 ], [ 103.1366, 11.478 ], [ 103.1241, 11.4715 ], [ 103.1218, 11.4681 ], [ 103.1148, 11.4673 ], [ 103.1145, 11.4689 ] ] ] } },
{ "type": "Feature", "properties": { "cls": "Forest cover", "kh": "ព្រៃឈើ", "ha": 1017128 }, "geometry": { "type": "Polygon", "coordinates": [ [ [ 103.1671, 10.8305 ], [ 103.1689, 10.8317 ], [ 103.1733, 10.8299 ], [ 103.184, 10.8368 ], [ 103.1868, 10.8334 ], [ 103.1869, 10.8287 ], [ 103.1952, 10.8262 ], [ 103.1962, 10.8226 ], [ 103.176, 10.8172 ], [ 103.1671, 10.8305 ] ] ] } },
{ "type": "Feature", "properties": { "cls": "Forest cover", "kh": "ព្រៃឈើ", "ha": 1017128 }, "geometry": { "type": "Polygon", "coordinates": [ [ [ 103.3247, 10.9083 ], [ 103.3255, 10.9135 ], [ 103.3303, 10.9151 ], [ 103.3305, 10.9176 ], [ 103.334, 10.9163 ], [ 103.3345, 10.9136 ], [ 103.3434, 10.9053 ], [ 103.3438, 10.9016 ], [ 103.3317, 10.9088 ], [ 103.3309, 10.9063 ], [ 103.3502, 10.8955 ], [ 103.3509, 10.8903 ], [ 103.3554, 10.8865 ], [ 103.3519, 10.8841 ], [ 103.3506, 10.8758 ], [ 103.3496, 10.8841 ], [ 103.3247, 10.9083 ] ] ] } },
{ "type": "Feature", "properties": { "cls": "Forest cover", "kh": "ព្រៃឈើ", "ha": 1017128 }, "geometry": { "type": "Polygon", "coordinates": [ [ [ 103.3252, 10.9293 ], [ 103.3221, 10.9282 ], [ 103.3219, 10.9322 ], [ 103.331, 10.9347 ], [ 103.3243, 10.9178 ], [ 103.322, 10.9188 ], [ 103.3252, 10.9293 ] ] ] } },
{ "type": "Feature", "properties": { "cls": "Forest cover", "kh": "ព្រៃឈើ", "ha": 1017128 }, "geometry": { "type": "Polygon", "coordinates": [ [ [ 103.4414, 11.0983 ], [ 103.458, 11.102 ], [ 103.4621, 11.0962 ], [ 103.4666, 11.0963 ], [ 103.4663, 11.0935 ], [ 103.4621, 11.0867 ], [ 103.4611, 11.0904 ], [ 103.4638, 11.0901 ], [ 103.4624, 11.0914 ], [ 103.4548, 11.092 ], [ 103.4521, 11.0948 ], [ 103.4458, 11.0953 ], [ 103.4414, 11.0983 ] ] ] } },
{ "type": "Feature", "properties": { "cls": "Forest cover", "kh": "ព្រៃឈើ", "ha": 1017128 }, "geometry": { "type": "Polygon", "coordinates": [ [ [ 103.5423, 11.1972 ], [ 103.5384, 11.1989 ], [ 103.5406, 11.2025 ], [ 103.544, 11.2035 ], [ 103.5418, 11.2068 ], [ 103.5519, 11.2093 ], [ 103.5557, 11.213 ], [ 103.5579, 11.2133 ], [ 103.5592, 11.2076 ], [ 103.5618, 11.2111 ], [ 103.565, 11.2078 ], [ 103.5702, 11.2111 ], [ 103.5718, 11.2085 ], [ 103.5699, 11.2018 ], [ 103.5747, 11.2055 ], [ 103.5736, 11.2112 ], [ 103.5762, 11.2156 ], [ 103.5734, 11.2186 ], [ 103.5697, 11.2201 ], [ 103.5626, 11.2154 ], [ 103.5562, 11.2199 ], [ 103.561, 11.2221 ], [ 103.5598, 11.2282 ], [ 103.5637, 11.2254 ], [ 103.5682, 11.2259 ], [ 103.5631, 11.2302 ], [ 103.5643, 11.2338 ], [ 103.5611, 11.2347 ], [ 103.5626, 11.2368 ], [ 103.5671, 11.237 ], [ 103.5666, 11.2393 ], [ 103.5712, 11.2436 ], [ 103.5757, 11.2347 ], [ 103.5756, 11.2278 ], [ 103.5841, 11.2273 ], [ 103.5833, 11.2203 ], [ 103.5794, 11.2193 ], [ 103.5769, 11.2145 ], [ 103.5814, 11.2159 ], [ 103.5856, 11.214 ], [ 103.5879, 11.2102 ], [ 103.5864, 11.2077 ], [ 103.5909, 11.2071 ], [ 103.5902, 11.1989 ], [ 103.5852, 11.1999 ], [ 103.5826, 11.2041 ], [ 103.581, 11.1988 ], [ 103.5859, 11.189 ], [ 103.5758, 11.1923 ], [ 103.5704, 11.1981 ], [ 103.5571, 11.1947 ], [ 103.5561, 11.1913 ], [ 103.5423, 11.1926 ], [ 103.5402, 11.1954 ], [ 103.5423, 11.1972 ] ] ] } },
{ "type": "Feature", "properties": { "cls": "Forest cover", "kh": "ព្រៃឈើ", "ha": 1017128 }, "geometry": { "type": "Polygon", "coordinates": [ [ [ 103.6934, 10.9717 ], [ 103.6987, 10.9751 ], [ 103.7025, 10.9737 ], [ 103.6977, 10.9697 ], [ 103.6929, 10.9699 ], [ 103.693, 10.9667 ], [ 103.69, 10.9659 ], [ 103.6896, 10.9574 ], [ 103.6937, 10.9488 ], [ 103.6961, 10.952 ], [ 103.7014, 10.9508 ], [ 103.6938, 10.9602 ], [ 103.6958, 10.9663 ], [ 103.6976, 10.9644 ], [ 103.7059, 10.9697 ], [ 103.7115, 10.9701 ], [ 103.7081, 10.9755 ], [ 103.71, 10.9765 ], [ 103.7172, 10.9682 ], [ 103.7152, 10.9754 ], [ 103.7215, 10.9715 ], [ 103.7224, 10.9778 ], [ 103.7195, 10.9817 ], [ 103.7102, 10.9823 ], [ 103.7082, 10.9777 ], [ 103.7037, 10.9795 ], [ 103.7033, 10.982 ], [ 103.7068, 10.9892 ], [ 103.7131, 10.9925 ], [ 103.7125, 10.998 ], [ 103.7169, 11.0037 ], [ 103.7161, 11.0085 ], [ 103.7199, 11.0112 ], [ 103.732, 11.0045 ], [ 103.7343, 11.0055 ], [ 103.7332, 11.0032 ], [ 103.7353, 11.001 ], [ 103.736, 10.9931 ], [ 103.7399, 11.0023 ], [ 103.7517, 10.9982 ], [ 103.7456, 11.0029 ], [ 103.751, 11.0061 ], [ 103.7503, 11.0089 ], [ 103.7521, 11.01 ], [ 103.7562, 11.0076 ], [ 103.754, 11.0033 ], [ 103.7591, 11.0026 ], [ 103.7568, 10.9981 ], [ 103.7601, 10.9996 ], [ 103.7646, 10.995 ], [ 103.7676, 10.995 ], [ 103.7657, 10.9971 ], [ 103.7707, 11.0053 ], [ 103.7735, 11.0027 ], [ 103.7735, 10.9961 ], [ 103.7758, 10.9992 ], [ 103.7803, 10.9987 ], [ 103.774, 10.9882 ], [ 103.7749, 10.9854 ], [ 103.7813, 10.9868 ], [ 103.7907, 10.9834 ], [ 103.7838, 10.9791 ], [ 103.7854, 10.9771 ], [ 103.7825, 10.9732 ], [ 103.7884, 10.9648 ], [ 103.7886, 10.9589 ], [ 103.7849, 10.9589 ], [ 103.7848, 10.9554 ], [ 103.7822, 10.9556 ], [ 103.7797, 10.9516 ], [ 103.7804, 10.9464 ], [ 103.774, 10.9457 ], [ 103.7724, 10.9432 ], [ 103.773, 10.9393 ], [ 103.7704, 10.9355 ], [ 103.7728, 10.934 ], [ 103.7755, 10.9358 ], [ 103.776, 10.9335 ], [ 103.7729, 10.9307 ], [ 103.7665, 10.9301 ], [ 103.7645, 10.9283 ], [ 103.7665, 10.9262 ], [ 103.7635, 10.9241 ], [ 103.7518, 10.9206 ], [ 103.7431, 10.915 ], [ 103.7357, 10.919 ], [ 103.7319, 10.9156 ], [ 103.7359, 10.9131 ], [ 103.7337, 10.9086 ], [ 103.738, 10.907 ], [ 103.7343, 10.9033 ], [ 103.7371, 10.9021 ], [ 103.7365, 10.8997 ], [ 103.7394, 10.8967 ], [ 103.7377, 10.8958 ], [ 103.7301, 10.905 ], [ 103.727, 10.9031 ], [ 103.7266, 10.8957 ], [ 103.7192, 10.8954 ], [ 103.7123, 10.9023 ], [ 103.7121, 10.906 ], [ 103.7147, 10.9091 ], [ 103.7082, 10.906 ], [ 103.7073, 10.9107 ], [ 103.7123, 10.9121 ], [ 103.7129, 10.9192 ], [ 103.7189, 10.9181 ], [ 103.7201, 10.9227 ], [ 103.7168, 10.9238 ], [ 103.7174, 10.9257 ], [ 103.7211, 10.9261 ], [ 103.7263, 10.932 ], [ 103.7268, 10.9235 ], [ 103.7311, 10.9306 ], [ 103.7313, 10.9372 ], [ 103.7288, 10.9351 ], [ 103.728, 10.9377 ], [ 103.7261, 10.9367 ], [ 103.7265, 10.9433 ], [ 103.7163, 10.9372 ], [ 103.7102, 10.9402 ], [ 103.7059, 10.9378 ], [ 103.7021, 10.9311 ], [ 103.7003, 10.9358 ], [ 103.7036, 10.9399 ], [ 103.7025, 10.9415 ], [ 103.701, 10.943 ], [ 103.6954, 10.9406 ], [ 103.6923, 10.9467 ], [ 103.6878, 10.9496 ], [ 103.6854, 10.9598 ], [ 103.6615, 10.9948 ], [ 103.6607, 10.9985 ], [ 103.6678, 11.0065 ], [ 103.6633, 11.0179 ], [ 103.6663, 11.0229 ], [ 103.6646, 11.0308 ], [ 103.6595, 11.0339 ], [ 103.6532, 11.0476 ], [ 103.6482, 11.0508 ], [ 103.6488, 11.0531 ], [ 103.6605, 11.06 ], [ 103.6906, 11.062 ], [ 103.6941, 11.0606 ], [ 103.6929, 11.0663 ], [ 103.7047, 11.0647 ], [ 103.7053, 11.0671 ], [ 103.7024, 11.0682 ], [ 103.7048, 11.0695 ], [ 103.7044, 11.0717 ], [ 103.6901, 11.0719 ], [ 103.6952, 11.0838 ], [ 103.699, 11.0848 ], [ 103.7, 11.0824 ], [ 103.6969, 11.0786 ], [ 103.6992, 11.0752 ], [ 103.7019, 11.0749 ], [ 103.7021, 11.0808 ], [ 103.7077, 11.0776 ], [ 103.7128, 11.0805 ], [ 103.7137, 11.0842 ], [ 103.709, 11.0826 ], [ 103.7078, 11.0859 ], [ 103.7107, 11.0879 ], [ 103.7132, 11.087 ], [ 103.7141, 11.0914 ], [ 103.7216, 11.0934 ], [ 103.7241, 11.0907 ], [ 103.7177, 11.0869 ], [ 103.7224, 11.0861 ], [ 103.7264, 11.0885 ], [ 103.7306, 11.0835 ], [ 103.7167, 11.0784 ], [ 103.7152, 11.0714 ], [ 103.7283, 11.072 ], [ 103.7365, 11.0689 ], [ 103.7396, 11.0733 ], [ 103.7426, 11.0708 ], [ 103.7416, 11.0688 ], [ 103.7348, 11.0667 ], [ 103.735, 11.0639 ], [ 103.7294, 11.0644 ], [ 103.729, 11.0621 ], [ 103.7459, 11.0646 ], [ 103.7445, 11.0578 ], [ 103.75, 11.0489 ], [ 103.7581, 11.0633 ], [ 103.7658, 11.0593 ], [ 103.7711, 11.0608 ], [ 103.767, 11.0658 ], [ 103.7703, 11.0668 ], [ 103.771, 11.0739 ], [ 103.7734, 11.0708 ], [ 103.7756, 11.0712 ], [ 103.7788, 11.079 ], [ 103.7756, 11.0839 ], [ 103.7772, 11.0855 ], [ 103.7803, 11.0822 ], [ 103.7784, 11.0892 ], [ 103.7839, 11.0915 ], [ 103.7883, 11.084 ], [ 103.7868, 11.07 ], [ 103.7906, 11.0664 ], [ 103.7912, 11.0618 ], [ 103.7894, 11.0607 ], [ 103.7818, 11.0652 ], [ 103.7796, 11.0632 ], [ 103.777, 11.0643 ], [ 103.7847, 11.0542 ], [ 103.777, 11.0512 ], [ 103.7831, 11.0437 ], [ 103.7849, 11.0454 ], [ 103.7884, 11.0423 ], [ 103.7854, 11.0302 ], [ 103.776, 11.0274 ], [ 103.7787, 11.0242 ], [ 103.7768, 11.0208 ], [ 103.7746, 11.0215 ], [ 103.7734, 11.0268 ], [ 103.7689, 11.031 ], [ 103.7593, 11.0318 ], [ 103.7572, 11.0358 ], [ 103.754, 11.0333 ], [ 103.7527, 11.0421 ], [ 103.747, 11.0456 ], [ 103.7482, 11.0419 ], [ 103.7453, 11.0404 ], [ 103.7478, 11.0376 ], [ 103.7439, 11.0327 ], [ 103.7492, 11.0309 ], [ 103.7493, 11.0285 ], [ 103.7424, 11.0276 ], [ 103.7435, 11.025 ], [ 103.7397, 11.0175 ], [ 103.7356, 11.0169 ], [ 103.7362, 11.0223 ], [ 103.7317, 11.0224 ], [ 103.7337, 11.0197 ], [ 103.7299, 11.0137 ], [ 103.7215, 11.0181 ], [ 103.7221, 11.0244 ], [ 103.7187, 11.0289 ], [ 103.7129, 11.0316 ], [ 103.7127, 11.0269 ], [ 103.708, 11.0206 ], [ 103.7101, 11.0197 ], [ 103.7082, 11.0143 ], [ 103.7002, 11.0129 ], [ 103.6965, 11.0059 ], [ 103.6944, 11.0116 ], [ 103.6911, 11.0132 ], [ 103.6912, 11.0056 ], [ 103.6885, 11.0055 ], [ 103.6865, 11.0019 ], [ 103.6821, 11.0027 ], [ 103.6839, 10.9991 ], [ 103.6821, 10.9983 ], [ 103.6828, 10.9905 ], [ 103.6886, 10.9866 ], [ 103.6903, 10.982 ], [ 103.6884, 10.9783 ], [ 103.6914, 10.9775 ], [ 103.6896, 10.9721 ], [ 103.6934, 10.9717 ] ], [ [ 103.7095, 10.9644 ], [ 103.7074, 10.9655 ], [ 103.696, 10.9602 ], [ 103.6991, 10.9565 ], [ 103.703, 10.9602 ], [ 103.7066, 10.9603 ], [ 103.7079, 10.9575 ], [ 103.7061, 10.9546 ], [ 103.7095, 10.9517 ], [ 103.7056, 10.9483 ], [ 103.7149, 10.946 ], [ 103.7168, 10.9433 ], [ 103.7214, 10.9436 ], [ 103.7227, 10.949 ], [ 103.7278, 10.9524 ], [ 103.7322, 10.9604 ], [ 103.7308, 10.9666 ], [ 103.728, 10.9689 ], [ 103.7251, 10.9677 ], [ 103.7267, 10.9658 ], [ 103.7238, 10.9599 ], [ 103.7262, 10.9554 ], [ 103.7228, 10.9539 ], [ 103.7222, 10.9504 ], [ 103.7173, 10.9542 ], [ 103.7138, 10.9524 ], [ 103.7131, 10.9561 ], [ 103.7203, 10.9597 ], [ 103.7202, 10.9633 ], [ 103.7156, 10.963 ], [ 103.7149, 10.967 ], [ 103.7115, 10.9699 ], [ 103.7095, 10.9644 ] ], [ [ 103.7146, 11.0598 ], [ 103.7006, 11.0621 ], [ 103.6996, 11.0589 ], [ 103.7026, 11.057 ], [ 103.6975, 11.0568 ], [ 103.6978, 11.0533 ], [ 103.7022, 11.0484 ], [ 103.7047, 11.0504 ], [ 103.7127, 11.0508 ], [ 103.7223, 11.0592 ], [ 103.7219, 11.0616 ], [ 103.7146, 11.0598 ] ], [ [ 103.6838, 11.0259 ], [ 103.6888, 11.0288 ], [ 103.6892, 11.0312 ], [ 103.6827, 11.0334 ], [ 103.6801, 11.0214 ], [ 103.6752, 11.0174 ], [ 103.6795, 11.0159 ], [ 103.6838, 11.0259 ] ], [ [ 103.6719, 11.0327 ], [ 103.6766, 11.0349 ], [ 103.676, 11.0372 ], [ 103.667, 11.0373 ], [ 103.6655, 11.0268 ], [ 103.6696, 11.028 ], [ 103.6719, 11.0327 ] ] ] } },
{ "type": "Feature", "properties": { "cls": "Forest cover", "kh": "ព្រៃឈើ", "ha": 1017128 }, "geometry": { "type": "Polygon", "coordinates": [ [ [ 103.6525, 11.1618 ], [ 103.6556, 11.1635 ], [ 103.6567, 11.1545 ], [ 103.6545, 11.149 ], [ 103.6518, 11.1538 ], [ 103.6525, 11.1618 ] ] ] } },
{ "type": "Feature", "properties": { "cls": "Forest cover", "kh": "ព្រៃឈើ", "ha": 1017128 }, "geometry": { "type": "Polygon", "coordinates": [ [ [ 103.6362, 11.1525 ], [ 103.6324, 11.1569 ], [ 103.6293, 11.1566 ], [ 103.633, 11.1591 ], [ 103.6315, 11.162 ], [ 103.6365, 11.1676 ], [ 103.64, 11.1636 ], [ 103.6356, 11.1625 ], [ 103.6395, 11.1603 ], [ 103.6385, 11.1539 ], [ 103.6362, 11.1525 ] ] ] } },
{ "type": "Feature", "properties": { "cls": "Forest cover", "kh": "ព្រៃឈើ", "ha": 1017128 }, "geometry": { "type": "Polygon", "coordinates": [ [ [ 103.6676, 11.1994 ], [ 103.6712, 11.199 ], [ 103.6765, 11.2034 ], [ 103.6773, 11.2085 ], [ 103.6742, 11.2097 ], [ 103.6773, 11.2133 ], [ 103.681, 11.2086 ], [ 103.6814, 11.2136 ], [ 103.6885, 11.2064 ], [ 103.6847, 11.2044 ], [ 103.6831, 11.1993 ], [ 103.6803, 11.2018 ], [ 103.6768, 11.2014 ], [ 103.6785, 11.1953 ], [ 103.6756, 11.1946 ], [ 103.6749, 11.1903 ], [ 103.6717, 11.1902 ], [ 103.6676, 11.1994 ] ] ] } },
{ "type": "Feature", "properties": { "cls": "Forest cover", "kh": "ព្រៃឈើ", "ha": 1017128 }, "geometry": { "type": "Polygon", "coordinates": [ [ [ 103.673, 11.2242 ], [ 103.6744, 11.2195 ], [ 103.6671, 11.2188 ], [ 103.6656, 11.2158 ], [ 103.6649, 11.2232 ], [ 103.673, 11.2242 ] ] ] } },
{ "type": "Feature", "properties": { "cls": "Forest cover", "kh": "ព្រៃឈើ", "ha": 1017128 }, "geometry": { "type": "Polygon", "coordinates": [ [ [ 103.7058, 10.928 ], [ 103.707, 10.9351 ], [ 103.7091, 10.9359 ], [ 103.7174, 10.9321 ], [ 103.7154, 10.9263 ], [ 103.7122, 10.9275 ], [ 103.7129, 10.9222 ], [ 103.7092, 10.9207 ], [ 103.7083, 10.9254 ], [ 103.7053, 10.9175 ], [ 103.7021, 10.9311 ], [ 103.7058, 10.928 ] ] ] } },
{ "type": "Feature", "properties": { "cls": "Forest cover", "kh": "ព្រៃឈើ", "ha": 1017128 }, "geometry": { "type": "Polygon", "coordinates": [ [ [ 103.6907, 11.0811 ], [ 103.6885, 11.0749 ], [ 103.6882, 11.0794 ], [ 103.6907, 11.0811 ] ] ] } },
{ "type": "Feature", "properties": { "cls": "Forest cover", "kh": "ព្រៃឈើ", "ha": 1017128 }, "geometry": { "type": "Polygon", "coordinates": [ [ [ 103.7095, 11.1013 ], [ 103.7269, 11.1153 ], [ 103.7238, 11.1079 ], [ 103.7251, 11.1022 ], [ 103.7182, 11.1058 ], [ 103.7032, 11.083 ], [ 103.7017, 11.0857 ], [ 103.7095, 11.1013 ] ] ] } },
{ "type": "Feature", "properties": { "cls": "Forest cover", "kh": "ព្រៃឈើ", "ha": 1017128 }, "geometry": { "type": "Polygon", "coordinates": [ [ [ 103.7013, 11.0916 ], [ 103.7027, 11.0911 ], [ 103.6951, 11.0873 ], [ 103.7013, 11.0916 ] ] ] } },
{ "type": "Feature", "properties": { "cls": "Forest cover", "kh": "ព្រៃឈើ", "ha": 1017128 }, "geometry": { "type": "Polygon", "coordinates": [ [ [ 103.6816, 11.1776 ], [ 103.6857, 11.1829 ], [ 103.6932, 11.1841 ], [ 103.6929, 11.1761 ], [ 103.697, 11.1757 ], [ 103.6969, 11.1711 ], [ 103.6956, 11.1697 ], [ 103.6859, 11.1711 ], [ 103.6816, 11.1776 ] ] ] } },
{ "type": "Feature", "properties": { "cls": "Forest cover", "kh": "ព្រៃឈើ", "ha": 1017128 }, "geometry": { "type": "Polygon", "coordinates": [ [ [ 103.7057, 11.1022 ], [ 103.7027, 11.0954 ], [ 103.7027, 11.0985 ], [ 103.7057, 11.1022 ] ] ] } },
{ "type": "Feature", "properties": { "cls": "Forest cover", "kh": "ព្រៃឈើ", "ha": 1017128 }, "geometry": { "type": "Polygon", "coordinates": [ [ [ 103.7273, 11.1646 ], [ 103.726, 11.1605 ], [ 103.73, 11.1579 ], [ 103.7364, 11.1577 ], [ 103.7361, 11.1513 ], [ 103.7244, 11.1549 ], [ 103.7249, 11.1579 ], [ 103.7191, 11.1585 ], [ 103.7218, 11.1621 ], [ 103.7199, 11.1647 ], [ 103.7228, 11.1666 ], [ 103.7273, 11.1646 ] ] ] } },
{ "type": "Feature", "properties": { "cls": "Forest cover", "kh": "ព្រៃឈើ", "ha": 1017128 }, "geometry": { "type": "Polygon", "coordinates": [ [ [ 103.7317, 11.134 ], [ 103.7243, 11.138 ], [ 103.724, 11.1402 ], [ 103.7332, 11.1418 ], [ 103.7334, 11.1388 ], [ 103.7376, 11.1388 ], [ 103.7369, 11.1297 ], [ 103.7324, 11.1257 ], [ 103.7303, 11.1265 ], [ 103.7317, 11.134 ] ] ] } },
{ "type": "Feature", "properties": { "cls": "Forest cover", "kh": "ព្រៃឈើ", "ha": 1017128 }, "geometry": { "type": "Polygon", "coordinates": [ [ [ 103.7874, 10.9383 ], [ 103.785, 10.9348 ], [ 103.7834, 10.9372 ], [ 103.7874, 10.9383 ] ] ] } },
{ "type": "Feature", "properties": { "cls": "Forest cover", "kh": "ព្រៃឈើ", "ha": 1017128 }, "geometry": { "type": "Polygon", "coordinates": [ [ [ 103.9731, 11.4725 ], [ 103.9736, 11.4693 ], [ 103.9695, 11.4609 ], [ 103.9662, 11.4651 ], [ 103.9659, 11.4694 ], [ 103.9731, 11.4725 ] ] ] } },
{ "type": "Feature", "properties": { "cls": "Urban or built-up area", "kh": "តំបន់ទីក្រុង", "ha": 620 }, "geometry": { "type": "Polygon", "coordinates": [ [ [ 102.9791, 11.5939 ], [ 102.976, 11.6 ], [ 102.9786, 11.6252 ], [ 102.9803, 11.6293 ], [ 102.9905, 11.6294 ], [ 102.9921, 11.6277 ], [ 102.9909, 11.6254 ], [ 102.9834, 11.627 ], [ 102.9796, 11.6251 ], [ 102.9858, 11.6218 ], [ 102.9904, 11.6229 ], [ 102.9891, 11.6205 ], [ 102.9913, 11.6189 ], [ 102.9877, 11.6125 ], [ 102.9884, 11.6019 ], [ 102.984, 11.6054 ], [ 102.99, 11.5966 ], [ 102.9851, 11.5984 ], [ 102.9798, 11.6077 ], [ 102.9774, 11.6022 ], [ 102.9825, 11.596 ], [ 102.9822, 11.5933 ], [ 102.9791, 11.5939 ] ] ] } },
{ "type": "Feature", "properties": { "cls": "Urban or built-up area", "kh": "តំបន់ទីក្រុង", "ha": 620 }, "geometry": { "type": "Polygon", "coordinates": [ [ [ 103.1287, 11.5643 ], [ 103.1291, 11.5846 ], [ 103.1304, 11.5849 ], [ 103.1323, 11.5837 ], [ 103.1312, 11.5808 ], [ 103.1334, 11.5808 ], [ 103.1292, 11.5702 ], [ 103.1314, 11.5644 ], [ 103.1287, 11.5643 ] ] ] } },
{ "type": "Feature", "properties": { "cls": "Urban or built-up area", "kh": "តំបន់ទីក្រុង", "ha": 620 }, "geometry": { "type": "Polygon", "coordinates": [ [ [ 103.5078, 11.3251 ], [ 103.5126, 11.3279 ], [ 103.5158, 11.333 ], [ 103.5233, 11.3306 ], [ 103.5261, 11.3333 ], [ 103.5281, 11.3324 ], [ 103.5269, 11.3294 ], [ 103.5289, 11.3255 ], [ 103.5264, 11.323 ], [ 103.5181, 11.3262 ], [ 103.5094, 11.323 ], [ 103.5078, 11.3251 ] ] ] } },
{ "type": "Feature", "properties": { "cls": "Water", "kh": "ទឹក", "ha": 13675 }, "geometry": { "type": "Polygon", "coordinates": [ [ [ 102.9366, 11.5889 ], [ 102.9322, 11.5891 ], [ 102.9375, 11.5903 ], [ 102.9423, 11.5845 ], [ 102.9366, 11.5889 ] ] ] } },
{ "type": "Feature", "properties": { "cls": "Water", "kh": "ទឹក", "ha": 13675 }, "geometry": { "type": "Polygon", "coordinates": [ [ [ 102.933, 11.6007 ], [ 102.9348, 11.6008 ], [ 102.9308, 11.5941 ], [ 102.933, 11.6007 ] ] ] } },
{ "type": "Feature", "properties": { "cls": "Water", "kh": "ទឹក", "ha": 13675 }, "geometry": { "type": "Polygon", "coordinates": [ [ [ 102.9187, 11.6321 ], [ 102.9169, 11.6375 ], [ 102.9182, 11.6369 ], [ 102.9189, 11.6331 ], [ 102.9217, 11.6336 ], [ 102.9208, 11.6318 ], [ 102.9187, 11.6321 ] ] ] } },
{ "type": "Feature", "properties": { "cls": "Water", "kh": "ទឹក", "ha": 13675 }, "geometry": { "type": "Polygon", "coordinates": [ [ [ 102.923, 11.7722 ], [ 102.9034, 11.7913 ], [ 102.9019, 11.8043 ], [ 102.8981, 11.8129 ], [ 102.8926, 11.8161 ], [ 102.8901, 11.8309 ], [ 102.8751, 11.8326 ], [ 102.8635, 11.8413 ], [ 102.8691, 11.8493 ], [ 102.8706, 11.8475 ], [ 102.8664, 11.8424 ], [ 102.8753, 11.836 ], [ 102.8885, 11.8349 ], [ 102.8928, 11.8323 ], [ 102.8947, 11.8204 ], [ 102.9076, 11.8042 ], [ 102.9085, 11.7933 ], [ 102.9123, 11.7879 ], [ 102.927, 11.7786 ], [ 102.9296, 11.7729 ], [ 102.939, 11.7721 ], [ 102.9507, 11.7625 ], [ 102.956, 11.7446 ], [ 102.9703, 11.7233 ], [ 102.9672, 11.7067 ], [ 102.9829, 11.7071 ], [ 102.9872, 11.7171 ], [ 102.9945, 11.7252 ], [ 103.0138, 11.7275 ], [ 103.0229, 11.7324 ], [ 103.0394, 11.7147 ], [ 103.06, 11.7089 ], [ 103.0715, 11.7216 ], [ 103.0761, 11.7237 ], [ 103.0743, 11.7336 ], [ 103.0789, 11.7398 ], [ 103.0781, 11.7223 ], [ 103.0644, 11.708 ], [ 103.0571, 11.7066 ], [ 103.0369, 11.7102 ], [ 103.0286, 11.7232 ], [ 103.0226, 11.7265 ], [ 103.0167, 11.726 ], [ 103.0095, 11.7222 ], [ 103.0009, 11.7121 ], [ 102.9891, 11.7078 ], [ 102.9789, 11.6934 ], [ 102.9731, 11.6914 ], [ 102.9705, 11.685 ], [ 102.9621, 11.6778 ], [ 102.9605, 11.659 ], [ 102.9651, 11.6484 ], [ 102.9643, 11.6426 ], [ 102.9709, 11.6335 ], [ 102.975, 11.631 ], [ 102.9763, 11.6435 ], [ 102.9754, 11.6466 ], [ 102.9708, 11.6494 ], [ 102.9723, 11.6579 ], [ 102.9709, 11.6632 ], [ 102.9748, 11.6604 ], [ 102.9798, 11.6441 ], [ 102.9855, 11.6537 ], [ 102.9859, 11.6498 ], [ 102.9914, 11.6469 ], [ 102.9971, 11.649 ], [ 103.0098, 11.6333 ], [ 103.009, 11.6277 ], [ 103.0053, 11.6283 ], [ 103.006, 11.6331 ], [ 103.0035, 11.6383 ], [ 103.001, 11.6352 ], [ 102.9838, 11.6403 ], [ 102.9804, 11.6356 ], [ 102.9814, 11.6324 ], [ 102.9883, 11.6362 ], [ 102.9933, 11.635 ], [ 103.0028, 11.6273 ], [ 103.0024, 11.6198 ], [ 103.0053, 11.6215 ], [ 103.0032, 11.6174 ], [ 102.999, 11.6164 ], [ 102.9895, 11.6198 ], [ 102.9904, 11.6229 ], [ 102.9858, 11.6218 ], [ 102.9796, 11.6251 ], [ 102.9834, 11.627 ], [ 102.9909, 11.6254 ], [ 102.9921, 11.6277 ], [ 102.9899, 11.6295 ], [ 102.9803, 11.6293 ], [ 102.9781, 11.6238 ], [ 102.976, 11.6 ], [ 102.9774, 11.5962 ], [ 102.9686, 11.5716 ], [ 102.9718, 11.5675 ], [ 102.9816, 11.5622 ], [ 102.9908, 11.5599 ], [ 102.9889, 11.5593 ], [ 102.9761, 11.5582 ], [ 102.9751, 11.5627 ], [ 102.9642, 11.5695 ], [ 102.9614, 11.5631 ], [ 102.9586, 11.5623 ], [ 102.9632, 11.5701 ], [ 102.9616, 11.5739 ], [ 102.9582, 11.5732 ], [ 102.9601, 11.582 ], [ 102.9578, 11.5845 ], [ 102.9608, 11.5846 ], [ 102.9585, 11.5876 ], [ 102.9611, 11.588 ], [ 102.9615, 11.595 ], [ 102.9545, 11.5966 ], [ 102.9534, 11.6054 ], [ 102.9587, 11.6049 ], [ 102.9606, 11.6093 ], [ 102.9535, 11.614 ], [ 102.9602, 11.6124 ], [ 102.9628, 11.6137 ], [ 102.9594, 11.6273 ], [ 102.9653, 11.6193 ], [ 102.9722, 11.6189 ], [ 102.9731, 11.6207 ], [ 102.9705, 11.6271 ], [ 102.9579, 11.6366 ], [ 102.9592, 11.6501 ], [ 102.9519, 11.6515 ], [ 102.9557, 11.6665 ], [ 102.9523, 11.6741 ], [ 102.9581, 11.6839 ], [ 102.9581, 11.7021 ], [ 102.9635, 11.7122 ], [ 102.9656, 11.7232 ], [ 102.9618, 11.7302 ], [ 102.9513, 11.7384 ], [ 102.9507, 11.7526 ], [ 102.9483, 11.759 ], [ 102.9436, 11.7636 ], [ 102.923, 11.7722 ] ], [ [ 102.9705, 11.6962 ], [ 102.9734, 11.6975 ], [ 102.9717, 11.7028 ], [ 102.9682, 11.7025 ], [ 102.9642, 11.6975 ], [ 102.9648, 11.6872 ], [ 102.9705, 11.6962 ] ], [ [ 102.9994, 11.7252 ], [ 102.9914, 11.7175 ], [ 102.9933, 11.7167 ], [ 103.0023, 11.7229 ], [ 102.9994, 11.7252 ] ] ] } },
{ "type": "Feature", "properties": { "cls": "Water", "kh": "ទឹក", "ha": 13675 }, "geometry": { "type": "Polygon", "coordinates": [ [ [ 102.9871, 11.5276 ], [ 102.9881, 11.5366 ], [ 102.9947, 11.5363 ], [ 102.9904, 11.5404 ], [ 102.9932, 11.5461 ], [ 102.994, 11.5578 ], [ 102.9989, 11.5663 ], [ 102.9959, 11.5522 ], [ 102.9982, 11.5438 ], [ 103.0063, 11.542 ], [ 103.0157, 11.5467 ], [ 103.0132, 11.5644 ], [ 103.0193, 11.5476 ], [ 103.0343, 11.544 ], [ 103.0347, 11.5474 ], [ 103.0367, 11.5477 ], [ 103.0345, 11.5862 ], [ 103.0292, 11.5967 ], [ 103.0327, 11.5987 ], [ 103.0324, 11.5949 ], [ 103.0366, 11.5918 ], [ 103.0381, 11.5757 ], [ 103.0398, 11.5756 ], [ 103.0421, 11.5897 ], [ 103.0474, 11.5891 ], [ 103.0503, 11.5849 ], [ 103.0434, 11.5879 ], [ 103.0438, 11.5748 ], [ 103.0397, 11.5682 ], [ 103.0418, 11.556 ], [ 103.0463, 11.5549 ], [ 103.0512, 11.5626 ], [ 103.047, 11.5511 ], [ 103.0508, 11.5409 ], [ 103.0447, 11.547 ], [ 103.043, 11.553 ], [ 103.0402, 11.5472 ], [ 103.041, 11.5219 ], [ 103.0473, 11.5187 ], [ 103.0463, 11.5158 ], [ 103.06, 11.519 ], [ 103.0519, 11.5119 ], [ 103.0522, 11.5048 ], [ 103.0597, 11.5007 ], [ 103.0713, 11.4997 ], [ 103.0735, 11.4975 ], [ 103.0715, 11.4954 ], [ 103.0824, 11.4915 ], [ 103.0869, 11.4842 ], [ 103.0863, 11.4809 ], [ 103.0812, 11.4792 ], [ 103.0826, 11.4782 ], [ 103.0965, 11.478 ], [ 103.1076, 11.4719 ], [ 103.1154, 11.4712 ], [ 103.1307, 11.4837 ], [ 103.1294, 11.4914 ], [ 103.1232, 11.5006 ], [ 103.1262, 11.507 ], [ 103.1287, 11.5055 ], [ 103.1377, 11.5366 ], [ 103.1443, 11.5488 ], [ 103.1435, 11.5569 ], [ 103.1287, 11.5611 ], [ 103.1252, 11.5648 ], [ 103.1236, 11.5718 ], [ 103.1271, 11.5762 ], [ 103.1292, 11.5873 ], [ 103.1279, 11.5657 ], [ 103.1316, 11.5625 ], [ 103.1454, 11.559 ], [ 103.1478, 11.5518 ], [ 103.1437, 11.5321 ], [ 103.141, 11.536 ], [ 103.1384, 11.5325 ], [ 103.1361, 11.5132 ], [ 103.1307, 11.5046 ], [ 103.1254, 11.5005 ], [ 103.1293, 11.4949 ], [ 103.1406, 11.4878 ], [ 103.1429, 11.482 ], [ 103.1371, 11.474 ], [ 103.1284, 11.4698 ], [ 103.128, 11.467 ], [ 103.1405, 11.4593 ], [ 103.1504, 11.4469 ], [ 103.1501, 11.4402 ], [ 103.1536, 11.4343 ], [ 103.1709, 11.4309 ], [ 103.186, 11.4153 ], [ 103.1995, 11.4066 ], [ 103.1959, 11.405 ], [ 103.1838, 11.4104 ], [ 103.1834, 11.4148 ], [ 103.1676, 11.4261 ], [ 103.148, 11.4354 ], [ 103.1462, 11.4485 ], [ 103.141, 11.4505 ], [ 103.1359, 11.4568 ], [ 103.1248, 11.4643 ], [ 103.1172, 11.465 ], [ 103.0769, 11.435 ], [ 103.0786, 11.4398 ], [ 103.0738, 11.4378 ], [ 103.0741, 11.4413 ], [ 103.0591, 11.4448 ], [ 103.0448, 11.4412 ], [ 103.0423, 11.444 ], [ 103.0414, 11.4428 ], [ 103.041, 11.4607 ], [ 103.0364, 11.4663 ], [ 103.0371, 11.4699 ], [ 103.0463, 11.4555 ], [ 103.05, 11.4629 ], [ 103.0473, 11.4491 ], [ 103.0615, 11.4511 ], [ 103.068, 11.45 ], [ 103.0716, 11.4535 ], [ 103.0724, 11.4622 ], [ 103.0636, 11.4693 ], [ 103.0704, 11.468 ], [ 103.0706, 11.4758 ], [ 103.0334, 11.4804 ], [ 103.0315, 11.4829 ], [ 103.04, 11.4829 ], [ 103.0368, 11.492 ], [ 103.0284, 11.485 ], [ 103.0252, 11.4861 ], [ 103.0366, 11.4971 ], [ 103.0309, 11.4957 ], [ 103.0276, 11.4984 ], [ 103.0324, 11.5 ], [ 103.0349, 11.5043 ], [ 103.0266, 11.5125 ], [ 103.0187, 11.5036 ], [ 103.0169, 11.4966 ], [ 103.0158, 11.4982 ], [ 103.0159, 11.5053 ], [ 103.0233, 11.5129 ], [ 103.0202, 11.5199 ], [ 103.0193, 11.5314 ], [ 103.0143, 11.531 ], [ 103.0119, 11.5264 ], [ 103.009, 11.5301 ], [ 102.9923, 11.5232 ], [ 102.9927, 11.5245 ], [ 102.9676, 11.5311 ], [ 102.9632, 11.5355 ], [ 102.9665, 11.5362 ], [ 102.9747, 11.5304 ], [ 102.9871, 11.5276 ] ], [ [ 103.0583, 11.4793 ], [ 103.0716, 11.4796 ], [ 103.0783, 11.49 ], [ 103.0665, 11.4947 ], [ 103.06, 11.4932 ], [ 103.06, 11.496 ], [ 103.0494, 11.4998 ], [ 103.0452, 11.5035 ], [ 103.0457, 11.5095 ], [ 103.0413, 11.5077 ], [ 103.0403, 11.5046 ], [ 103.0459, 11.4825 ], [ 103.0583, 11.4793 ] ], [ [ 103.0389, 11.5134 ], [ 103.0347, 11.5173 ], [ 103.0334, 11.5133 ], [ 103.0358, 11.5112 ], [ 103.0389, 11.5134 ] ], [ [ 103.0309, 11.5225 ], [ 103.0368, 11.5351 ], [ 103.0314, 11.5296 ], [ 103.0303, 11.5325 ], [ 103.0289, 11.5313 ], [ 103.0254, 11.5247 ], [ 103.0273, 11.522 ], [ 103.0309, 11.5225 ] ], [ [ 103.0279, 11.541 ], [ 103.0249, 11.5439 ], [ 103.0174, 11.5449 ], [ 103.0136, 11.5415 ], [ 103.0279, 11.541 ] ], [ [ 103.0833, 11.4482 ], [ 103.0862, 11.4507 ], [ 103.079, 11.4516 ], [ 103.075, 11.4547 ], [ 103.0721, 11.4504 ], [ 103.0833, 11.4482 ] ], [ [ 103.0749, 11.4618 ], [ 103.0792, 11.4675 ], [ 103.0759, 11.4668 ], [ 103.0731, 11.4703 ], [ 103.0749, 11.4618 ] ], [ [ 103.0898, 11.4565 ], [ 103.0759, 11.4575 ], [ 103.0798, 11.4532 ], [ 103.0871, 11.4521 ], [ 103.0898, 11.4565 ] ], [ [ 103.0939, 11.4566 ], [ 103.1076, 11.4613 ], [ 103.0974, 11.461 ], [ 103.0899, 11.4708 ], [ 103.0826, 11.4725 ], [ 103.0841, 11.466 ], [ 103.0814, 11.4647 ], [ 103.0807, 11.467 ], [ 103.0776, 11.4608 ], [ 103.0939, 11.4566 ] ], [ [ 103.1009, 11.4635 ], [ 103.1114, 11.4689 ], [ 103.093, 11.476 ], [ 103.0919, 11.4714 ], [ 103.096, 11.4645 ], [ 103.1009, 11.4635 ] ], [ [ 103.1282, 11.4772 ], [ 103.1138, 11.4682 ], [ 103.117, 11.4666 ], [ 103.1218, 11.4681 ], [ 103.1241, 11.4715 ], [ 103.1366, 11.478 ], [ 103.1408, 11.4847 ], [ 103.1344, 11.4879 ], [ 103.1282, 11.4772 ] ] ] } },
{ "type": "Feature", "properties": { "cls": "Water", "kh": "ទឹក", "ha": 13675 }, "geometry": { "type": "Polygon", "coordinates": [ [ [ 102.9504, 11.5496 ], [ 102.9509, 11.5532 ], [ 102.9543, 11.5429 ], [ 102.9504, 11.5496 ] ] ] } },
{ "type": "Feature", "properties": { "cls": "Water", "kh": "ទឹក", "ha": 13675 }, "geometry": { "type": "Polygon", "coordinates": [ [ [ 103.013, 11.4268 ], [ 103.0181, 11.4234 ], [ 103.015, 11.4229 ], [ 103.013, 11.4268 ] ] ] } },
{ "type": "Feature", "properties": { "cls": "Water", "kh": "ទឹក", "ha": 13675 }, "geometry": { "type": "Polygon", "coordinates": [ [ [ 103.0118, 11.4666 ], [ 103.0023, 11.4812 ], [ 103.0067, 11.4767 ], [ 103.0118, 11.4666 ] ] ] } },
{ "type": "Feature", "properties": { "cls": "Water", "kh": "ទឹក", "ha": 13675 }, "geometry": { "type": "Polygon", "coordinates": [ [ [ 103.0531, 11.2157 ], [ 103.0493, 11.2197 ], [ 103.0534, 11.2167 ], [ 103.057, 11.2173 ], [ 103.0531, 11.2157 ] ] ] } },
{ "type": "Feature", "properties": { "cls": "Water", "kh": "ទឹក", "ha": 13675 }, "geometry": { "type": "Polygon", "coordinates": [ [ [ 103.0739, 11.2245 ], [ 103.0602, 11.2192 ], [ 103.0651, 11.2233 ], [ 103.0769, 11.2251 ], [ 103.0868, 11.2102 ], [ 103.0739, 11.2245 ] ] ] } },
{ "type": "Feature", "properties": { "cls": "Water", "kh": "ទឹក", "ha": 13675 }, "geometry": { "type": "Polygon", "coordinates": [ [ [ 103.0745, 11.2761 ], [ 103.077, 11.2726 ], [ 103.0766, 11.267 ], [ 103.0745, 11.2761 ] ] ] } },
{ "type": "Feature", "properties": { "cls": "Water", "kh": "ទឹក", "ha": 13675 }, "geometry": { "type": "Polygon", "coordinates": [ [ [ 103.0723, 11.4321 ], [ 103.0693, 11.4308 ], [ 103.0721, 11.4355 ], [ 103.0723, 11.4321 ] ] ] } },
{ "type": "Feature", "properties": { "cls": "Water", "kh": "ទឹក", "ha": 13675 }, "geometry": { "type": "Polygon", "coordinates": [ [ [ 103.0877, 11.2716 ], [ 103.0938, 11.2736 ], [ 103.0944, 11.2757 ], [ 103.0889, 11.2794 ], [ 103.088, 11.2843 ], [ 103.0918, 11.2845 ], [ 103.0969, 11.272 ], [ 103.0906, 11.2699 ], [ 103.0918, 11.2667 ], [ 103.0865, 11.2618 ], [ 103.0844, 11.2627 ], [ 103.0877, 11.2716 ] ] ] } },
{ "type": "Feature", "properties": { "cls": "Water", "kh": "ទឹក", "ha": 13675 }, "geometry": { "type": "Polygon", "coordinates": [ [ [ 103.089, 11.4046 ], [ 103.0972, 11.3988 ], [ 103.0997, 11.3988 ], [ 103.1019, 11.4027 ], [ 103.1065, 11.3997 ], [ 103.105, 11.3971 ], [ 103.1003, 11.3962 ], [ 103.0907, 11.4003 ], [ 103.089, 11.4046 ] ] ] } },
{ "type": "Feature", "properties": { "cls": "Water", "kh": "ទឹក", "ha": 13675 }, "geometry": { "type": "Polygon", "coordinates": [ [ [ 103.1305, 11.3517 ], [ 103.1346, 11.3499 ], [ 103.1362, 11.3471 ], [ 103.1341, 11.3499 ], [ 103.1295, 11.3507 ], [ 103.1187, 11.3491 ], [ 103.1124, 11.344 ], [ 103.1188, 11.3498 ], [ 103.1305, 11.3517 ] ] ] } },
{ "type": "Feature", "properties": { "cls": "Water", "kh": "ទឹក", "ha": 13675 }, "geometry": { "type": "Polygon", "coordinates": [ [ [ 103.144, 11.2918 ], [ 103.1435, 11.299 ], [ 103.145, 11.2984 ], [ 103.1473, 11.3019 ], [ 103.1533, 11.2979 ], [ 103.163, 11.3007 ], [ 103.1625, 11.2979 ], [ 103.1654, 11.2969 ], [ 103.1643, 11.2934 ], [ 103.1687, 11.2849 ], [ 103.1663, 11.2817 ], [ 103.1675, 11.2743 ], [ 103.1789, 11.268 ], [ 103.1737, 11.2674 ], [ 103.165, 11.2717 ], [ 103.1627, 11.2756 ], [ 103.1648, 11.2872 ], [ 103.1618, 11.2904 ], [ 103.1605, 11.2968 ], [ 103.1557, 11.2969 ], [ 103.157, 11.2932 ], [ 103.154, 11.2814 ], [ 103.1522, 11.2834 ], [ 103.1533, 11.2936 ], [ 103.1477, 11.2949 ], [ 103.1405, 11.282 ], [ 103.141, 11.2795 ], [ 103.1388, 11.2808 ], [ 103.144, 11.2918 ] ] ] } },
{ "type": "Feature", "properties": { "cls": "Water", "kh": "ទឹក", "ha": 13675 }, "geometry": { "type": "Polygon", "coordinates": [ [ [ 103.1746, 10.8583 ], [ 103.172, 10.8602 ], [ 103.1795, 10.8578 ], [ 103.1746, 10.8583 ] ] ] } },
{ "type": "Feature", "properties": { "cls": "Water", "kh": "ទឹក", "ha": 13675 }, "geometry": { "type": "Polygon", "coordinates": [ [ [ 103.1497, 10.8746 ], [ 103.1453, 10.8721 ], [ 103.1466, 10.8758 ], [ 103.1547, 10.8741 ], [ 103.1497, 10.8746 ] ] ] } },
{ "type": "Feature", "properties": { "cls": "Water", "kh": "ទឹក", "ha": 13675 }, "geometry": { "type": "Polygon", "coordinates": [ [ [ 103.1448, 11.3198 ], [ 103.1491, 11.3159 ], [ 103.1483, 11.3106 ], [ 103.1448, 11.3198 ] ] ] } },
{ "type": "Feature", "properties": { "cls": "Water", "kh": "ទឹក", "ha": 13675 }, "geometry": { "type": "Polygon", "coordinates": [ [ [ 103.1993, 10.8767 ], [ 103.1898, 10.8733 ], [ 103.2025, 10.8792 ], [ 103.1993, 10.8767 ] ] ] } },
{ "type": "Feature", "properties": { "cls": "Water", "kh": "ទឹក", "ha": 13675 }, "geometry": { "type": "Polygon", "coordinates": [ [ [ 103.2172, 10.8947 ], [ 103.2238, 10.895 ], [ 103.2282, 10.8997 ], [ 103.2262, 10.8954 ], [ 103.2218, 10.8938 ], [ 103.2172, 10.8947 ] ] ] } },
{ "type": "Feature", "properties": { "cls": "Water", "kh": "ទឹក", "ha": 13675 }, "geometry": { "type": "Polygon", "coordinates": [ [ [ 103.2346, 10.9084 ], [ 103.2296, 10.9055 ], [ 103.2283, 10.9024 ], [ 103.2292, 10.906 ], [ 103.2307, 10.9075 ], [ 103.2346, 10.9084 ] ] ] } },
{ "type": "Feature", "properties": { "cls": "Water", "kh": "ទឹក", "ha": 13675 }, "geometry": { "type": "Polygon", "coordinates": [ [ [ 103.2073, 10.9092 ], [ 103.1977, 10.9098 ], [ 103.2014, 10.9183 ], [ 103.2109, 10.9109 ], [ 103.2164, 10.9116 ], [ 103.2147, 10.9052 ], [ 103.2073, 10.9092 ] ] ] } },
{ "type": "Feature", "properties": { "cls": "Water", "kh": "ទឹក", "ha": 13675 }, "geometry": { "type": "Polygon", "coordinates": [ [ [ 103.2604, 10.9245 ], [ 103.2774, 10.9232 ], [ 103.2779, 10.9247 ], [ 103.2787, 10.9229 ], [ 103.2581, 10.9235 ], [ 103.244, 10.9186 ], [ 103.2604, 10.9245 ] ] ] } },
{ "type": "Feature", "properties": { "cls": "Water", "kh": "ទឹក", "ha": 13675 }, "geometry": { "type": "Polygon", "coordinates": [ [ [ 103.2769, 10.9276 ], [ 103.2748, 10.9327 ], [ 103.2811, 10.9267 ], [ 103.2769, 10.9276 ] ] ] } },
{ "type": "Feature", "properties": { "cls": "Water", "kh": "ទឹក", "ha": 13675 }, "geometry": { "type": "Polygon", "coordinates": [ [ [ 103.3547, 10.8695 ], [ 103.3558, 10.8738 ], [ 103.3665, 10.8798 ], [ 103.3547, 10.8695 ] ] ] } },
{ "type": "Feature", "properties": { "cls": "Water", "kh": "ទឹក", "ha": 13675 }, "geometry": { "type": "Polygon", "coordinates": [ [ [ 103.3854, 10.8759 ], [ 103.3827, 10.8778 ], [ 103.4028, 10.8858 ], [ 103.3854, 10.8759 ] ] ] } },
{ "type": "Feature", "properties": { "cls": "Water", "kh": "ទឹក", "ha": 13675 }, "geometry": { "type": "Polygon", "coordinates": [ [ [ 103.3735, 10.8824 ], [ 103.3758, 10.8818 ], [ 103.3666, 10.88 ], [ 103.3735, 10.8824 ] ] ] } },
{ "type": "Feature", "properties": { "cls": "Water", "kh": "ទឹក", "ha": 13675 }, "geometry": { "type": "Polygon", "coordinates": [ [ [ 103.4039, 10.8893 ], [ 103.4105, 10.8945 ], [ 103.4177, 10.8939 ], [ 103.4094, 10.8932 ], [ 103.4039, 10.8893 ] ] ] } },
{ "type": "Feature", "properties": { "cls": "Water", "kh": "ទឹក", "ha": 13675 }, "geometry": { "type": "Polygon", "coordinates": [ [ [ 103.3254, 10.9052 ], [ 103.3222, 10.9032 ], [ 103.32, 10.9061 ], [ 103.3231, 10.9048 ], [ 103.3245, 10.9087 ], [ 103.3318, 10.9017 ], [ 103.3254, 10.9052 ] ] ] } },
{ "type": "Feature", "properties": { "cls": "Water", "kh": "ទឹក", "ha": 13675 }, "geometry": { "type": "Polygon", "coordinates": [ [ [ 103.4208, 10.9269 ], [ 103.421, 10.9226 ], [ 103.4196, 10.9118 ], [ 103.4208, 10.9269 ] ] ] } },
{ "type": "Feature", "properties": { "cls": "Water", "kh": "ទឹក", "ha": 13675 }, "geometry": { "type": "Polygon", "coordinates": [ [ [ 103.4083, 10.9566 ], [ 103.4152, 10.9777 ], [ 103.423, 10.987 ], [ 103.4153, 10.9749 ], [ 103.41, 10.9577 ], [ 103.4138, 10.9402 ], [ 103.4083, 10.9566 ] ] ] } },
{ "type": "Feature", "properties": { "cls": "Water", "kh": "ទឹក", "ha": 13675 }, "geometry": { "type": "Polygon", "coordinates": [ [ [ 103.3212, 11.0525 ], [ 103.326, 11.0524 ], [ 103.3255, 11.0546 ], [ 103.3285, 11.0537 ], [ 103.3258, 11.0498 ], [ 103.3282, 11.0464 ], [ 103.3264, 11.0397 ], [ 103.3205, 11.0392 ], [ 103.3185, 11.0469 ], [ 103.3212, 11.0525 ] ] ] } },
{ "type": "Feature", "properties": { "cls": "Water", "kh": "ទឹក", "ha": 13675 }, "geometry": { "type": "Polygon", "coordinates": [ [ [ 103.4258, 11.0037 ], [ 103.4263, 11.0055 ], [ 103.424, 10.9921 ], [ 103.4258, 11.0037 ] ] ] } },
{ "type": "Feature", "properties": { "cls": "Water", "kh": "ទឹក", "ha": 13675 }, "geometry": { "type": "Polygon", "coordinates": [ [ [ 103.442, 11.103 ], [ 103.441, 11.0991 ], [ 103.437, 11.0967 ], [ 103.442, 11.103 ] ] ] } },
{ "type": "Feature", "properties": { "cls": "Water", "kh": "ទឹក", "ha": 13675 }, "geometry": { "type": "Polygon", "coordinates": [ [ [ 103.4759, 11.1612 ], [ 103.4807, 11.1606 ], [ 103.4777, 11.1455 ], [ 103.4835, 11.1473 ], [ 103.4799, 11.1448 ], [ 103.4752, 11.1444 ], [ 103.4786, 11.1572 ], [ 103.4754, 11.1584 ], [ 103.4759, 11.1612 ] ] ] } },
{ "type": "Feature", "properties": { "cls": "Water", "kh": "ទឹក", "ha": 13675 }, "geometry": { "type": "Polygon", "coordinates": [ [ [ 103.4522, 11.2077 ], [ 103.4492, 11.2158 ], [ 103.4403, 11.2201 ], [ 103.4398, 11.2296 ], [ 103.4426, 11.2331 ], [ 103.4425, 11.2212 ], [ 103.4502, 11.2186 ], [ 103.4535, 11.2083 ], [ 103.4708, 11.1935 ], [ 103.4816, 11.1908 ], [ 103.5093, 11.1684 ], [ 103.5366, 11.1701 ], [ 103.5413, 11.1683 ], [ 103.509, 11.168 ], [ 103.4977, 11.1742 ], [ 103.4919, 11.1811 ], [ 103.4733, 11.1907 ], [ 103.4522, 11.2077 ] ] ] } },
{ "type": "Feature", "properties": { "cls": "Water", "kh": "ទឹក", "ha": 13675 }, "geometry": { "type": "Polygon", "coordinates": [ [ [ 103.6603, 11.0599 ], [ 103.67, 11.0603 ], [ 103.6808, 11.0641 ], [ 103.6813, 11.067 ], [ 103.6765, 11.0674 ], [ 103.6838, 11.0723 ], [ 103.6879, 11.0866 ], [ 103.7046, 11.1041 ], [ 103.7111, 11.1077 ], [ 103.7135, 11.1129 ], [ 103.7261, 11.1186 ], [ 103.7369, 11.1297 ], [ 103.7362, 11.1364 ], [ 103.7384, 11.1377 ], [ 103.7368, 11.1396 ], [ 103.7334, 11.1388 ], [ 103.7332, 11.1418 ], [ 103.724, 11.1402 ], [ 103.7207, 11.1419 ], [ 103.7281, 11.1465 ], [ 103.7337, 11.1463 ], [ 103.7424, 11.138 ], [ 103.7455, 11.1435 ], [ 103.7491, 11.1409 ], [ 103.7514, 11.1337 ], [ 103.7536, 11.1337 ], [ 103.7559, 11.1364 ], [ 103.7554, 11.1468 ], [ 103.7574, 11.15 ], [ 103.7674, 11.1379 ], [ 103.7718, 11.1399 ], [ 103.7827, 11.1382 ], [ 103.784, 11.1306 ], [ 103.78, 11.1372 ], [ 103.7697, 11.1348 ], [ 103.7623, 11.126 ], [ 103.7501, 11.1245 ], [ 103.7471, 11.1259 ], [ 103.734, 11.121 ], [ 103.7138, 11.1061 ], [ 103.7068, 11.0972 ], [ 103.7032, 11.087 ], [ 103.6952, 11.0838 ], [ 103.6901, 11.0719 ], [ 103.7044, 11.0717 ], [ 103.7048, 11.0695 ], [ 103.7024, 11.0682 ], [ 103.7053, 11.0671 ], [ 103.7047, 11.0647 ], [ 103.6929, 11.0663 ], [ 103.6941, 11.0606 ], [ 103.6906, 11.062 ], [ 103.6709, 11.0595 ], [ 103.6603, 11.0599 ] ], [ [ 103.6895, 11.0757 ], [ 103.6907, 11.0811 ], [ 103.6882, 11.0794 ], [ 103.6895, 11.0757 ] ], [ [ 103.7, 11.0883 ], [ 103.7024, 11.0917 ], [ 103.695, 11.0882 ], [ 103.7, 11.0883 ] ] ] } },
{ "type": "Feature", "properties": { "cls": "Water", "kh": "ទឹក", "ha": 13675 }, "geometry": { "type": "Polygon", "coordinates": [ [ [ 103.6214, 11.0901 ], [ 103.6253, 11.0896 ], [ 103.6166, 11.0874 ], [ 103.6214, 11.0901 ] ] ] } },
{ "type": "Feature", "properties": { "cls": "Water", "kh": "ទឹក", "ha": 13675 }, "geometry": { "type": "Polygon", "coordinates": [ [ [ 103.6769, 11.1052 ], [ 103.6781, 11.1086 ], [ 103.6687, 11.1088 ], [ 103.6631, 11.1054 ], [ 103.6598, 11.1084 ], [ 103.6629, 11.1146 ], [ 103.6643, 11.112 ], [ 103.6685, 11.1118 ], [ 103.673, 11.1158 ], [ 103.6766, 11.115 ], [ 103.6758, 11.111 ], [ 103.681, 11.1084 ], [ 103.6796, 11.1027 ], [ 103.6759, 11.1009 ], [ 103.6737, 11.1021 ], [ 103.6747, 11.1056 ], [ 103.6769, 11.1052 ] ] ] } },
{ "type": "Feature", "properties": { "cls": "Water", "kh": "ទឹក", "ha": 13675 }, "geometry": { "type": "Polygon", "coordinates": [ [ [ 103.6882, 11.1288 ], [ 103.6896, 11.1345 ], [ 103.6881, 11.1372 ], [ 103.6931, 11.1406 ], [ 103.6988, 11.1378 ], [ 103.6971, 11.136 ], [ 103.6913, 11.1369 ], [ 103.6989, 11.1278 ], [ 103.6944, 11.1233 ], [ 103.6937, 11.1187 ], [ 103.6882, 11.1288 ] ] ] } },
{ "type": "Feature", "properties": { "cls": "Water", "kh": "ទឹក", "ha": 13675 }, "geometry": { "type": "Polygon", "coordinates": [ [ [ 103.657, 11.1648 ], [ 103.6625, 11.1724 ], [ 103.663, 11.1632 ], [ 103.6699, 11.1641 ], [ 103.6716, 11.1596 ], [ 103.6638, 11.156 ], [ 103.6591, 11.1588 ], [ 103.657, 11.1648 ] ] ] } }
]
}
