{
"type": "FeatureCollection",
"name": "villages",
"crs": { "type": "name", "properties": { "name": "urn:ogc:def:crs:OGC:1.3:CRS84" } },
"xy_coordinate_resolution": 1e-05,
"features": [
{ "type": "Feature", "properties": { "VILL_CODE": "04010101", "VILL_NAME": "Anhchanh Rung", "TOTPOP": 1613 }, "geometry": { "type": "Point", "coordinates": [ 104.41893, 12.35196 ] } },
{ "type": "Feature", "properties": { "VILL_CODE": "04010102", "VILL_NAME": "Andoung Rovieng", "TOTPOP": 1078 }, "geometry": { "type": "Point", "coordinates": [ 104.44669, 12.36899 ] } },
{ "type": "Feature", "properties": { "VILL_CODE": "04010103", "VILL_NAME": "Damrei Koun", "TOTPOP": 288 }, "geometry": { "type": "Point", "coordinates": [ 104.43042, 12.35834 ] } },
{ "type": "Feature", "properties": { "VILL_CODE": "04010104", "VILL_NAME": "Prey Preal", "TOTPOP": 482 }, "geometry": { "type": "Point", "coordinates": [ 104.44859, 12.35326 ] } },
{ "type": "Feature", "properties": { "VILL_CODE": "04010105", "VILL_NAME": "Stueng Thmei", "TOTPOP": 925 }, "geometry": { "type": "Point", "coordinates": [ 104.44691, 12.39235 ] } },
{ "type": "Feature", "properties": { "VILL_CODE": "04010106", "VILL_NAME": "Thlok Chrov", "TOTPOP": 859 }, "geometry": { "type": "Point", "coordinates": [ 104.42441, 12.39022 ] } },
{ "type": "Feature", "properties": { "VILL_CODE": "04010201", "VILL_NAME": "Chhnok Tru", "TOTPOP": 7074 }, "geometry": { "type": "Point", "coordinates": [ 104.45401, 12.49712 ] } },
{ "type": "Feature", "properties": { "VILL_CODE": "04010202", "VILL_NAME": "Kampong Preah", "TOTPOP": 925 }, "geometry": { "type": "Point", "coordinates": [ 104.47292, 12.49435 ] } },
{ "type": "Feature", "properties": { "VILL_CODE": "04010203", "VILL_NAME": "Seh Slab", "TOTPOP": 980 }, "geometry": { "type": "Point", "coordinates": [ 104.49328, 12.48224 ] } },
{ "type": "Feature", "properties": { "VILL_CODE": "04010301", "VILL_NAME": "Ta Pang", "TOTPOP": 523 }, "geometry": { "type": "Point", "coordinates": [ 104.4505, 12.45197 ] } },
{ "type": "Feature", "properties": { "VILL_CODE": "04010302", "VILL_NAME": "Pou Mreah", "TOTPOP": 783 }, "geometry": { "type": "Point", "coordinates": [ 104.45239, 12.46384 ] } },
{ "type": "Feature", "properties": { "VILL_CODE": "04010303", "VILL_NAME": "Ou Rumchek", "TOTPOP": 556 }, "geometry": { "type": "Point", "coordinates": [ 104.44779, 12.453 ] } },
{ "type": "Feature", "properties": { "VILL_CODE": "04010304", "VILL_NAME": "Chak", "TOTPOP": 528 }, "geometry": { "type": "Point", "coordinates": [ 104.4462, 12.46059 ] } },
{ "type": "Feature", "properties": { "VILL_CODE": "04010305", "VILL_NAME": "Dangkhau Mau", "TOTPOP": 466 }, "geometry": { "type": "Point", "coordinates": [ 104.43975, 12.4647 ] } },
{ "type": "Feature", "properties": { "VILL_CODE": "04010401", "VILL_NAME": "Snao", "TOTPOP": 904 }, "geometry": { "type": "Point", "coordinates": [ 104.48491, 12.40636 ] } },
{ "type": "Feature", "properties": { "VILL_CODE": "04010402", "VILL_NAME": "Daeum Chreae", "TOTPOP": 569 }, "geometry": { "type": "Point", "coordinates": [ 104.4712, 12.41699 ] } },
{ "type": "Feature", "properties": { "VILL_CODE": "04010403", "VILL_NAME": "Serei", "TOTPOP": 737 }, "geometry": { "type": "Point", "coordinates": [ 104.48991, 12.41979 ] } },
{ "type": "Feature", "properties": { "VILL_CODE": "04010404", "VILL_NAME": "Lbaeuk", "TOTPOP": 1214 }, "geometry": { "type": "Point", "coordinates": [ 104.484, 12.4319 ] } },
{ "type": "Feature", "properties": { "VILL_CODE": "04010405", "VILL_NAME": "Kansaeng", "TOTPOP": 648 }, "geometry": { "type": "Point", "coordinates": [ 104.47027, 12.4336 ] } },
{ "type": "Feature", "properties": { "VILL_CODE": "04010406", "VILL_NAME": "Dak Por", "TOTPOP": 651 }, "geometry": { "type": "Point", "coordinates": [ 104.47309, 12.43927 ] } },
{ "type": "Feature", "properties": { "VILL_CODE": "04010407", "VILL_NAME": "Kok", "TOTPOP": 357 }, "geometry": { "type": "Point", "coordinates": [ 104.47198, 12.4428 ] } },
{ "type": "Feature", "properties": { "VILL_CODE": "04010408", "VILL_NAME": "Popel", "TOTPOP": 713 }, "geometry": { "type": "Point", "coordinates": [ 104.47762, 12.42233 ] } },
{ "type": "Feature", "properties": { "VILL_CODE": "04010409", "VILL_NAME": "Trapeang Pou", "TOTPOP": 556 }, "geometry": { "type": "Point", "coordinates": [ 104.48462, 12.44591 ] } },
{ "type": "Feature", "properties": { "VILL_CODE": "04010410", "VILL_NAME": "Kampong Uor", "TOTPOP": 636 }, "geometry": { "type": "Point", "coordinates": [ 104.47114, 12.44107 ] } },
{ "type": "Feature", "properties": { "VILL_CODE": "04010501", "VILL_NAME": "Preaek Spean", "TOTPOP": 340 }, "geometry": { "type": "Point", "coordinates": [ 104.5865, 12.37513 ] } },
{ "type": "Feature", "properties": { "VILL_CODE": "04010502", "VILL_NAME": "Kaoh Ta Mouv", "TOTPOP": 857 }, "geometry": { "type": "Point", "coordinates": [ 104.56369, 12.38773 ] } },
{ "type": "Feature", "properties": { "VILL_CODE": "04010503", "VILL_NAME": "Stueng Chrov", "TOTPOP": 633 }, "geometry": { "type": "Point", "coordinates": [ 104.59349, 12.36761 ] } },
{ "type": "Feature", "properties": { "VILL_CODE": "04010504", "VILL_NAME": "Damnak Reach", "TOTPOP": 307 }, "geometry": { "type": "Point", "coordinates": [ 104.60877, 12.3923 ] } },
{ "type": "Feature", "properties": { "VILL_CODE": "04010601", "VILL_NAME": "Srah Kaev", "TOTPOP": 1286 }, "geometry": { "type": "Point", "coordinates": [ 104.49834, 12.38599 ] } },
{ "type": "Feature", "properties": { "VILL_CODE": "04010602", "VILL_NAME": "Tuol Thlok", "TOTPOP": 236 }, "geometry": { "type": "Point", "coordinates": [ 104.52278, 12.37431 ] } },
{ "type": "Feature", "properties": { "VILL_CODE": "04010603", "VILL_NAME": "Melum", "TOTPOP": 944 }, "geometry": { "type": "Point", "coordinates": [ 104.5135, 12.38505 ] } },
{ "type": "Feature", "properties": { "VILL_CODE": "04010604", "VILL_NAME": "Kan Yuor", "TOTPOP": 603 }, "geometry": { "type": "Point", "coordinates": [ 104.50422, 12.3871 ] } },
{ "type": "Feature", "properties": { "VILL_CODE": "04010605", "VILL_NAME": "Tuol Roka", "TOTPOP": 745 }, "geometry": { "type": "Point", "coordinates": [ 104.51399, 12.37929 ] } },
{ "type": "Feature", "properties": { "VILL_CODE": "04010701", "VILL_NAME": "Kbal Thnal", "TOTPOP": 1176 }, "geometry": { "type": "Point", "coordinates": [ 104.47762, 12.39907 ] } },
{ "type": "Feature", "properties": { "VILL_CODE": "04010702", "VILL_NAME": "Kamprong", "TOTPOP": 473 }, "geometry": { "type": "Point", "coordinates": [ 104.48321, 12.40031 ] } },
{ "type": "Feature", "properties": { "VILL_CODE": "04010703", "VILL_NAME": "Phsar", "TOTPOP": 1140 }, "geometry": { "type": "Point", "coordinates": [ 104.48473, 12.38015 ] } },
{ "type": "Feature", "properties": { "VILL_CODE": "04010704", "VILL_NAME": "Thmei", "TOTPOP": 532 }, "geometry": { "type": "Point", "coordinates": [ 104.49851, 12.36672 ] } },
{ "type": "Feature", "properties": { "VILL_CODE": "04010705", "VILL_NAME": "Chumteav Botrei", "TOTPOP": 644 }, "geometry": { "type": "Point", "coordinates": [ 104.492, 12.38554 ] } },
{ "type": "Feature", "properties": { "VILL_CODE": "04010706", "VILL_NAME": "Prey Ta Mung", "TOTPOP": 614 }, "geometry": { "type": "Point", "coordinates": [ 104.48201, 12.39078 ] } },
{ "type": "Feature", "properties": { "VILL_CODE": "04010707", "VILL_NAME": "Phniet", "TOTPOP": 738 }, "geometry": { "type": "Point", "coordinates": [ 104.4867, 12.39429 ] } },
{ "type": "Feature", "properties": { "VILL_CODE": "04010801", "VILL_NAME": "Tang Thnuem", "TOTPOP": 916 }, "geometry": { "type": "Point", "coordinates": [ 104.37195, 12.35274 ] } },
{ "type": "Feature", "properties": { "VILL_CODE": "04010802", "VILL_NAME": "Tang Trapeang", "TOTPOP": 564 }, "geometry": { "type": "Point", "coordinates": [ 104.38624, 12.36809 ] } },
{ "type": "Feature", "properties": { "VILL_CODE": "04010803", "VILL_NAME": "Lvea", "TOTPOP": 756 }, "geometry": { "type": "Point", "coordinates": [ 104.40286, 12.37087 ] } },
{ "type": "Feature", "properties": { "VILL_CODE": "04010804", "VILL_NAME": "Krang Kakaoh", "TOTPOP": 437 }, "geometry": { "type": "Point", "coordinates": [ 104.39699, 12.39828 ] } },
{ "type": "Feature", "properties": { "VILL_CODE": "04010805", "VILL_NAME": "Tuek Chroab", "TOTPOP": 568 }, "geometry": { "type": "Point", "coordinates": [ 104.40511, 12.40697 ] } },
{ "type": "Feature", "properties": { "VILL_CODE": "04010806", "VILL_NAME": "Thnal", "TOTPOP": 382 }, "geometry": { "type": "Point", "coordinates": [ 104.39083, 12.39146 ] } },
{ "type": "Feature", "properties": { "VILL_CODE": "04010901", "VILL_NAME": "Cheang Luong", "TOTPOP": 416 }, "geometry": { "type": "Point", "coordinates": [ 104.44302, 12.42085 ] } },
{ "type": "Feature", "properties": { "VILL_CODE": "04010902", "VILL_NAME": "Ou", "TOTPOP": 377 }, "geometry": { "type": "Point", "coordinates": [ 104.45738, 12.42553 ] } },
{ "type": "Feature", "properties": { "VILL_CODE": "04010903", "VILL_NAME": "Tuol Pou", "TOTPOP": 435 }, "geometry": { "type": "Point", "coordinates": [ 104.45187, 12.41565 ] } },
{ "type": "Feature", "properties": { "VILL_CODE": "04010904", "VILL_NAME": "Kraol Chi", "TOTPOP": 888 }, "geometry": { "type": "Point", "coordinates": [ 104.44372, 12.41026 ] } },
{ "type": "Feature", "properties": { "VILL_CODE": "04010905", "VILL_NAME": "Bos Meas", "TOTPOP": 623 }, "geometry": { "type": "Point", "coordinates": [ 104.45567, 12.41027 ] } },
{ "type": "Feature", "properties": { "VILL_CODE": "04010906", "VILL_NAME": "Sala Khum", "TOTPOP": 1070 }, "geometry": { "type": "Point", "coordinates": [ 104.46166, 12.42142 ] } },
{ "type": "Feature", "properties": { "VILL_CODE": "04010907", "VILL_NAME": "Krang Khmaer", "TOTPOP": 710 }, "geometry": { "type": "Point", "coordinates": [ 104.4604, 12.41537 ] } },
{ "type": "Feature", "properties": { "VILL_CODE": "04010908", "VILL_NAME": "Angk", "TOTPOP": 576 }, "geometry": { "type": "Point", "coordinates": [ 104.47254, 12.40512 ] } },
{ "type": "Feature", "properties": { "VILL_CODE": "04011001", "VILL_NAME": "Ponley", "TOTPOP": 1463 }, "geometry": { "type": "Point", "coordinates": [ 104.46326, 12.43866 ] } },
{ "type": "Feature", "properties": { "VILL_CODE": "04011002", "VILL_NAME": "Cheung Khnar", "TOTPOP": 1104 }, "geometry": { "type": "Point", "coordinates": [ 104.46229, 12.44262 ] } },
{ "type": "Feature", "properties": { "VILL_CODE": "04011003", "VILL_NAME": "Kaev Lat", "TOTPOP": 1091 }, "geometry": { "type": "Point", "coordinates": [ 104.45893, 12.44329 ] } },
{ "type": "Feature", "properties": { "VILL_CODE": "04011004", "VILL_NAME": "Svay Koy", "TOTPOP": 1285 }, "geometry": { "type": "Point", "coordinates": [ 104.46121, 12.45207 ] } },
{ "type": "Feature", "properties": { "VILL_CODE": "04011005", "VILL_NAME": "Ou", "TOTPOP": 1793 }, "geometry": { "type": "Point", "coordinates": [ 104.44989, 12.43724 ] } },
{ "type": "Feature", "properties": { "VILL_CODE": "04011006", "VILL_NAME": "Cheang Luong", "TOTPOP": 539 }, "geometry": { "type": "Point", "coordinates": [ 104.45597, 12.43903 ] } },
{ "type": "Feature", "properties": { "VILL_CODE": "04011101", "VILL_NAME": "Trapeang Chan", "TOTPOP": 1366 }, "geometry": { "type": "Point", "coordinates": [ 104.4211, 12.47539 ] } },
{ "type": "Feature", "properties": { "VILL_CODE": "04011102", "VILL_NAME": "Kandal", "TOTPOP": 1020 }, "geometry": { "type": "Point", "coordinates": [ 104.4274, 12.48038 ] } },
{ "type": "Feature", "properties": { "VILL_CODE": "04011103", "VILL_NAME": "Sanlang", "TOTPOP": 1094 }, "geometry": { "type": "Point", "coordinates": [ 104.42993, 12.46768 ] } },
{ "type": "Feature", "properties": { "VILL_CODE": "04011104", "VILL_NAME": "Kbal Damrei", "TOTPOP": 1600 }, "geometry": { "type": "Point", "coordinates": [ 104.38661, 12.47191 ] } },
{ "type": "Feature", "properties": { "VILL_CODE": "04020101", "VILL_NAME": "Kampong Khlanh", "TOTPOP": 502 }, "geometry": { "type": "Point", "coordinates": [ 104.83369, 12.16301 ] } },
{ "type": "Feature", "properties": { "VILL_CODE": "04020102", "VILL_NAME": "Tonle Krau", "TOTPOP": 1128 }, "geometry": { "type": "Point", "coordinates": [ 104.83023, 12.16657 ] } },
{ "type": "Feature", "properties": { "VILL_CODE": "04020103", "VILL_NAME": "Ruessei Dangkuoch", "TOTPOP": 971 }, "geometry": { "type": "Point", "coordinates": [ 104.84969, 12.16558 ] } },
{ "type": "Feature", "properties": { "VILL_CODE": "04020104", "VILL_NAME": "Preaek Trob", "TOTPOP": 682 }, "geometry": { "type": "Point", "coordinates": [ 104.85988, 12.12511 ] } },
{ "type": "Feature", "properties": { "VILL_CODE": "04020105", "VILL_NAME": "Kampong Ba Srov", "TOTPOP": 2808 }, "geometry": { "type": "Point", "coordinates": [ 104.85864, 12.10752 ] } },
{ "type": "Feature", "properties": { "VILL_CODE": "04020201", "VILL_NAME": "Bat Trang", "TOTPOP": 543 }, "geometry": { "type": "Point", "coordinates": [ 104.80754, 12.09459 ] } },
{ "type": "Feature", "properties": { "VILL_CODE": "04020202", "VILL_NAME": "Kaoh Lot", "TOTPOP": 1000 }, "geometry": { "type": "Point", "coordinates": [ 104.79657, 12.09054 ] } },
{ "type": "Feature", "properties": { "VILL_CODE": "04020203", "VILL_NAME": "Kaoh Slaeng", "TOTPOP": 443 }, "geometry": { "type": "Point", "coordinates": [ 104.79354, 12.09562 ] } },
{ "type": "Feature", "properties": { "VILL_CODE": "04020204", "VILL_NAME": "Peam Popech", "TOTPOP": 1245 }, "geometry": { "type": "Point", "coordinates": [ 104.76784, 12.09334 ] } },
{ "type": "Feature", "properties": { "VILL_CODE": "04020205", "VILL_NAME": "Ta Mol Leu", "TOTPOP": 1699 }, "geometry": { "type": "Point", "coordinates": [ 104.78034, 12.05513 ] } },
{ "type": "Feature", "properties": { "VILL_CODE": "04020206", "VILL_NAME": "Kaoh Thkov", "TOTPOP": 1010 }, "geometry": { "type": "Point", "coordinates": [ 104.78198, 12.07541 ] } },
{ "type": "Feature", "properties": { "VILL_CODE": "04020207", "VILL_NAME": "Ta Mol Kraom", "TOTPOP": 886 }, "geometry": { "type": "Point", "coordinates": [ 104.77875, 12.0207 ] } },
{ "type": "Feature", "properties": { "VILL_CODE": "04020208", "VILL_NAME": "Kor Chrum", "TOTPOP": 1089 }, "geometry": { "type": "Point", "coordinates": [ 104.80614, 12.11081 ] } },
{ "type": "Feature", "properties": { "VILL_CODE": "04020209", "VILL_NAME": "Dang Tong", "TOTPOP": 437 }, "geometry": { "type": "Point", "coordinates": [ 104.78762, 12.01337 ] } },
{ "type": "Feature", "properties": { "VILL_CODE": "04020210", "VILL_NAME": "Peam Chrey", "TOTPOP": 577 }, "geometry": { "type": "Point", "coordinates": [ 104.8155, 12.13919 ] } },
{ "type": "Feature", "properties": { "VILL_CODE": "04020301", "VILL_NAME": "Kampong Os", "TOTPOP": 1027 }, "geometry": { "type": "Point", "coordinates": [ 104.72858, 12.21766 ] } },
{ "type": "Feature", "properties": { "VILL_CODE": "04020302", "VILL_NAME": "Kien Ta Ma", "TOTPOP": 862 }, "geometry": { "type": "Point", "coordinates": [ 104.75996, 12.20447 ] } },
{ "type": "Feature", "properties": { "VILL_CODE": "04020303", "VILL_NAME": "Thmei", "TOTPOP": 545 }, "geometry": { "type": "Point", "coordinates": [ 104.78444, 12.197 ] } },
{ "type": "Feature", "properties": { "VILL_CODE": "04020304", "VILL_NAME": "Preaek Chhdaor", "TOTPOP": 919 }, "geometry": { "type": "Point", "coordinates": [ 104.74846, 12.20761 ] } },
{ "type": "Feature", "properties": { "VILL_CODE": "04020305", "VILL_NAME": "Anlong  Ak", "TOTPOP": 366 }, "geometry": { "type": "Point", "coordinates": [ 104.78785, 12.17632 ] } },
{ "type": "Feature", "properties": { "VILL_CODE": "04020401", "VILL_NAME": "Peam Chhkaok", "TOTPOP": 2089 }, "geometry": { "type": "Point", "coordinates": [ 104.81362, 12.21479 ] } },
{ "type": "Feature", "properties": { "VILL_CODE": "04020402", "VILL_NAME": "Anlong Metrei", "TOTPOP": 528 }, "geometry": { "type": "Point", "coordinates": [ 104.8072, 12.22955 ] } },
{ "type": "Feature", "properties": { "VILL_CODE": "04020403", "VILL_NAME": "Phlong", "TOTPOP": 864 }, "geometry": { "type": "Point", "coordinates": [ 104.80911, 12.17343 ] } },
{ "type": "Feature", "properties": { "VILL_CODE": "04020404", "VILL_NAME": "Kbal Kanlang", "TOTPOP": 1589 }, "geometry": { "type": "Point", "coordinates": [ 104.81323, 12.24053 ] } },
{ "type": "Feature", "properties": { "VILL_CODE": "04020501", "VILL_NAME": "Prey Kri Tboung", "TOTPOP": 2175 }, "geometry": { "type": "Point", "coordinates": [ 104.87529, 12.1523 ] } },
{ "type": "Feature", "properties": { "VILL_CODE": "04020502", "VILL_NAME": "Kaoh Thum", "TOTPOP": 1349 }, "geometry": { "type": "Point", "coordinates": [ 104.86322, 12.14818 ] } },
{ "type": "Feature", "properties": { "VILL_CODE": "04020503", "VILL_NAME": "Prey Kri Cheung", "TOTPOP": 1442 }, "geometry": { "type": "Point", "coordinates": [ 104.87827, 12.17752 ] } },
{ "type": "Feature", "properties": { "VILL_CODE": "04020504", "VILL_NAME": "Chumpear", "TOTPOP": 2371 }, "geometry": { "type": "Point", "coordinates": [ 104.87989, 12.16966 ] } },
{ "type": "Feature", "properties": { "VILL_CODE": "04020505", "VILL_NAME": "Takann", "TOTPOP": 902 }, "geometry": { "type": "Point", "coordinates": [ 104.88225, 12.16583 ] } },
{ "type": "Feature", "properties": { "VILL_CODE": "04030101", "VILL_NAME": "Phsar Leu", "TOTPOP": 3127 }, "geometry": { "type": "Point", "coordinates": [ 104.67439, 12.26153 ] } },
{ "type": "Feature", "properties": { "VILL_CODE": "04030102", "VILL_NAME": "Phsar Chhnang", "TOTPOP": 2500 }, "geometry": { "type": "Point", "coordinates": [ 104.67903, 12.26577 ] } },
{ "type": "Feature", "properties": { "VILL_CODE": "04030103", "VILL_NAME": "Chong Kaoh", "TOTPOP": 3655 }, "geometry": { "type": "Point", "coordinates": [ 104.67497, 12.2712 ] } },
{ "type": "Feature", "properties": { "VILL_CODE": "04030104", "VILL_NAME": "Samraong", "TOTPOP": 2394 }, "geometry": { "type": "Point", "coordinates": [ 104.67761, 12.25682 ] } },
{ "type": "Feature", "properties": { "VILL_CODE": "04030105", "VILL_NAME": "Kaoh Krabei", "TOTPOP": 797 }, "geometry": { "type": "Point", "coordinates": [ 104.66965, 12.25887 ] } },
{ "type": "Feature", "properties": { "VILL_CODE": "04030106", "VILL_NAME": "Trapeang Bei", "TOTPOP": 3531 }, "geometry": { "type": "Point", "coordinates": [ 104.67283, 12.2564 ] } },
{ "type": "Feature", "properties": { "VILL_CODE": "04030107", "VILL_NAME": "Kampong Os", "TOTPOP": 1123 }, "geometry": { "type": "Point", "coordinates": [ 104.66845, 12.25438 ] } },
{ "type": "Feature", "properties": { "VILL_CODE": "04030108", "VILL_NAME": "Kandal", "TOTPOP": 3099 }, "geometry": { "type": "Point", "coordinates": [ 104.68202, 12.26695 ] } },
{ "type": "Feature", "properties": { "VILL_CODE": "04030201", "VILL_NAME": "Srae Pring", "TOTPOP": 2336 }, "geometry": { "type": "Point", "coordinates": [ 104.6727, 12.23666 ] } },
{ "type": "Feature", "properties": { "VILL_CODE": "04030202", "VILL_NAME": "Damnak Popul", "TOTPOP": 1330 }, "geometry": { "type": "Point", "coordinates": [ 104.67207, 12.24155 ] } },
{ "type": "Feature", "properties": { "VILL_CODE": "04030203", "VILL_NAME": "La Tuek Trei", "TOTPOP": 1548 }, "geometry": { "type": "Point", "coordinates": [ 104.66936, 12.24314 ] } },
{ "type": "Feature", "properties": { "VILL_CODE": "04030204", "VILL_NAME": "Kandal", "TOTPOP": 2019 }, "geometry": { "type": "Point", "coordinates": [ 104.67148, 12.24872 ] } },
{ "type": "Feature", "properties": { "VILL_CODE": "04030205", "VILL_NAME": "Trapeang Choek Sa", "TOTPOP": 1582 }, "geometry": { "type": "Point", "coordinates": [ 104.67555, 12.2264 ] } },
{ "type": "Feature", "properties": { "VILL_CODE": "04030206", "VILL_NAME": "Tuol Kralanh", "TOTPOP": 1421 }, "geometry": { "type": "Point", "coordinates": [ 104.66837, 12.22342 ] } },
{ "type": "Feature", "properties": { "VILL_CODE": "04030301", "VILL_NAME": "B'er", "TOTPOP": 1002 }, "geometry": { "type": "Point", "coordinates": [ 104.65939, 12.25347 ] } },
{ "type": "Feature", "properties": { "VILL_CODE": "04030302", "VILL_NAME": "Thommeak Yutt", "TOTPOP": 1863 }, "geometry": { "type": "Point", "coordinates": [ 104.66522, 12.23877 ] } },
{ "type": "Feature", "properties": { "VILL_CODE": "04030303", "VILL_NAME": "Mong Barang", "TOTPOP": 2356 }, "geometry": { "type": "Point", "coordinates": [ 104.66592, 12.24524 ] } },
{ "type": "Feature", "properties": { "VILL_CODE": "04030304", "VILL_NAME": "Khleang Prak", "TOTPOP": 1322 }, "geometry": { "type": "Point", "coordinates": [ 104.66177, 12.25069 ] } },
{ "type": "Feature", "properties": { "VILL_CODE": "04030401", "VILL_NAME": "Ti Muoy", "TOTPOP": 1653 }, "geometry": { "type": "Point", "coordinates": [ 104.66825, 12.25671 ] } },
{ "type": "Feature", "properties": { "VILL_CODE": "04030402", "VILL_NAME": "Ti Pir", "TOTPOP": 597 }, "geometry": { "type": "Point", "coordinates": [ 104.65735, 12.2587 ] } },
{ "type": "Feature", "properties": { "VILL_CODE": "04030403", "VILL_NAME": "Ti Bei", "TOTPOP": 454 }, "geometry": { "type": "Point", "coordinates": [ 104.65906, 12.25917 ] } },
{ "type": "Feature", "properties": { "VILL_CODE": "04030404", "VILL_NAME": "Ti Buon", "TOTPOP": 470 }, "geometry": { "type": "Point", "coordinates": [ 104.65147, 12.26564 ] } },
{ "type": "Feature", "properties": { "VILL_CODE": "04030405", "VILL_NAME": "Ti Pram", "TOTPOP": 497 }, "geometry": { "type": "Point", "coordinates": [ 104.65634, 12.26387 ] } },
{ "type": "Feature", "properties": { "VILL_CODE": "04030406", "VILL_NAME": "Ti Prammuoy", "TOTPOP": 678 }, "geometry": { "type": "Point", "coordinates": [ 104.66059, 12.26232 ] } },
{ "type": "Feature", "properties": { "VILL_CODE": "04030407", "VILL_NAME": "Ti Prampir", "TOTPOP": 795 }, "geometry": { "type": "Point", "coordinates": [ 104.66246, 12.26191 ] } },
{ "type": "Feature", "properties": { "VILL_CODE": "04030408", "VILL_NAME": "Ti Prambei", "TOTPOP": 981 }, "geometry": { "type": "Point", "coordinates": [ 104.65188, 12.2618 ] } },
{ "type": "Feature", "properties": { "VILL_CODE": "04040101", "VILL_NAME": "Kangkaeb", "TOTPOP": 1563 }, "geometry": { "type": "Point", "coordinates": [ 104.78923, 12.41159 ] } },
{ "type": "Feature", "properties": { "VILL_CODE": "04040102", "VILL_NAME": "Thlok", "TOTPOP": 1832 }, "geometry": { "type": "Point", "coordinates": [ 104.77493, 12.41422 ] } },
{ "type": "Feature", "properties": { "VILL_CODE": "04040103", "VILL_NAME": "Ae Lech", "TOTPOP": 1920 }, "geometry": { "type": "Point", "coordinates": [ 104.75862, 12.41744 ] } },
{ "type": "Feature", "properties": { "VILL_CODE": "04040104", "VILL_NAME": "Kandal", "TOTPOP": 1576 }, "geometry": { "type": "Point", "coordinates": [ 104.75, 12.41307 ] } },
{ "type": "Feature", "properties": { "VILL_CODE": "04040201", "VILL_NAME": "Dar", "TOTPOP": 1804 }, "geometry": { "type": "Point", "coordinates": [ 104.79928, 12.35412 ] } },
{ "type": "Feature", "properties": { "VILL_CODE": "04040202", "VILL_NAME": "Thnal", "TOTPOP": 1028 }, "geometry": { "type": "Point", "coordinates": [ 104.80423, 12.36544 ] } },
{ "type": "Feature", "properties": { "VILL_CODE": "04040203", "VILL_NAME": "Chrolong", "TOTPOP": 1258 }, "geometry": { "type": "Point", "coordinates": [ 104.80589, 12.39005 ] } },
{ "type": "Feature", "properties": { "VILL_CODE": "04040204", "VILL_NAME": "Prasat", "TOTPOP": 1461 }, "geometry": { "type": "Point", "coordinates": [ 104.80601, 12.39814 ] } },
{ "type": "Feature", "properties": { "VILL_CODE": "04040205", "VILL_NAME": "Kuy", "TOTPOP": 684 }, "geometry": { "type": "Point", "coordinates": [ 104.80178, 12.39946 ] } },
{ "type": "Feature", "properties": { "VILL_CODE": "04040301", "VILL_NAME": "Kampong Boeng", "TOTPOP": 1783 }, "geometry": { "type": "Point", "coordinates": [ 104.72832, 12.27595 ] } },
{ "type": "Feature", "properties": { "VILL_CODE": "04040302", "VILL_NAME": "Kaeng Ta Sok", "TOTPOP": 627 }, "geometry": { "type": "Point", "coordinates": [ 104.7291, 12.27861 ] } },
{ "type": "Feature", "properties": { "VILL_CODE": "04040303", "VILL_NAME": "T'uor Rolum", "TOTPOP": 1250 }, "geometry": { "type": "Point", "coordinates": [ 104.70756, 12.27688 ] } },
{ "type": "Feature", "properties": { "VILL_CODE": "04040304", "VILL_NAME": "Stueng Sandaek", "TOTPOP": 651 }, "geometry": { "type": "Point", "coordinates": [ 104.71648, 12.27552 ] } },
{ "type": "Feature", "properties": { "VILL_CODE": "04040305", "VILL_NAME": "Kaoh K'aek", "TOTPOP": 996 }, "geometry": { "type": "Point", "coordinates": [ 104.76834, 12.25146 ] } },
{ "type": "Feature", "properties": { "VILL_CODE": "04040306", "VILL_NAME": "Doun Viet", "TOTPOP": 1522 }, "geometry": { "type": "Point", "coordinates": [ 104.78438, 12.24509 ] } },
{ "type": "Feature", "properties": { "VILL_CODE": "04040401", "VILL_NAME": "Thnal Chheu Teal", "TOTPOP": 670 }, "geometry": { "type": "Point", "coordinates": [ 104.61823, 12.51402 ] } },
{ "type": "Feature", "properties": { "VILL_CODE": "04040402", "VILL_NAME": "Peam Khnang", "TOTPOP": 1043 }, "geometry": { "type": "Point", "coordinates": [ 104.58919, 12.52259 ] } },
{ "type": "Feature", "properties": { "VILL_CODE": "04040403", "VILL_NAME": "Slat", "TOTPOP": 230 }, "geometry": { "type": "Point", "coordinates": [ 104.53951, 12.53511 ] } },
{ "type": "Feature", "properties": { "VILL_CODE": "04040501", "VILL_NAME": "Pou", "TOTPOP": 1176 }, "geometry": { "type": "Point", "coordinates": [ 104.72319, 12.35477 ] } },
{ "type": "Feature", "properties": { "VILL_CODE": "04040502", "VILL_NAME": "Samraong", "TOTPOP": 1135 }, "geometry": { "type": "Point", "coordinates": [ 104.70056, 12.32325 ] } },
{ "type": "Feature", "properties": { "VILL_CODE": "04040503", "VILL_NAME": "Peam Tonlea", "TOTPOP": 439 }, "geometry": { "type": "Point", "coordinates": [ 104.72416, 12.35521 ] } },
{ "type": "Feature", "properties": { "VILL_CODE": "04040504", "VILL_NAME": "Thmei", "TOTPOP": 549 }, "geometry": { "type": "Point", "coordinates": [ 104.71607, 12.35901 ] } },
{ "type": "Feature", "properties": { "VILL_CODE": "04040505", "VILL_NAME": "Damnak Kakaoh", "TOTPOP": 485 }, "geometry": { "type": "Point", "coordinates": [ 104.72487, 12.35618 ] } },
{ "type": "Feature", "properties": { "VILL_CODE": "04040506", "VILL_NAME": "Kampong Ba Chen", "TOTPOP": 641 }, "geometry": { "type": "Point", "coordinates": [ 104.70093, 12.34573 ] } },
{ "type": "Feature", "properties": { "VILL_CODE": "04040601", "VILL_NAME": "Pralay Meas", "TOTPOP": 1053 }, "geometry": { "type": "Point", "coordinates": [ 104.63049, 12.38661 ] } },
{ "type": "Feature", "properties": { "VILL_CODE": "04040602", "VILL_NAME": "Krang Phtel", "TOTPOP": 1617 }, "geometry": { "type": "Point", "coordinates": [ 104.6251, 12.39146 ] } },
{ "type": "Feature", "properties": { "VILL_CODE": "04040603", "VILL_NAME": "Kramal", "TOTPOP": 851 }, "geometry": { "type": "Point", "coordinates": [ 104.57579, 12.44717 ] } },
{ "type": "Feature", "properties": { "VILL_CODE": "04040604", "VILL_NAME": "Anlong Kanhchoh", "TOTPOP": 915 }, "geometry": { "type": "Point", "coordinates": [ 104.64428, 12.43729 ] } },
{ "type": "Feature", "properties": { "VILL_CODE": "04040605", "VILL_NAME": "Ta Daok", "TOTPOP": 632 }, "geometry": { "type": "Point", "coordinates": [ 104.62356, 12.37759 ] } },
{ "type": "Feature", "properties": { "VILL_CODE": "04040606", "VILL_NAME": "Kaoh Ruessei", "TOTPOP": 744 }, "geometry": { "type": "Point", "coordinates": [ 104.63395, 12.35429 ] } },
{ "type": "Feature", "properties": { "VILL_CODE": "04040701", "VILL_NAME": "Samraong Saen", "TOTPOP": 910 }, "geometry": { "type": "Point", "coordinates": [ 104.84514, 12.34476 ] } },
{ "type": "Feature", "properties": { "VILL_CODE": "04040702", "VILL_NAME": "Paprak", "TOTPOP": 627 }, "geometry": { "type": "Point", "coordinates": [ 104.84555, 12.34144 ] } },
{ "type": "Feature", "properties": { "VILL_CODE": "04040801", "VILL_NAME": "Chambak Khpos", "TOTPOP": 1311 }, "geometry": { "type": "Point", "coordinates": [ 104.76578, 12.30844 ] } },
{ "type": "Feature", "properties": { "VILL_CODE": "04040802", "VILL_NAME": "Knong", "TOTPOP": 1210 }, "geometry": { "type": "Point", "coordinates": [ 104.77984, 12.3159 ] } },
{ "type": "Feature", "properties": { "VILL_CODE": "04040803", "VILL_NAME": "Cheung Kruos", "TOTPOP": 495 }, "geometry": { "type": "Point", "coordinates": [ 104.7836, 12.31668 ] } },
{ "type": "Feature", "properties": { "VILL_CODE": "04040804", "VILL_NAME": "Lvea", "TOTPOP": 1504 }, "geometry": { "type": "Point", "coordinates": [ 104.79016, 12.32625 ] } },
{ "type": "Feature", "properties": { "VILL_CODE": "04040805", "VILL_NAME": "Ta Lat", "TOTPOP": 1092 }, "geometry": { "type": "Point", "coordinates": [ 104.79691, 12.34013 ] } },
{ "type": "Feature", "properties": { "VILL_CODE": "04040901", "VILL_NAME": "Trangel", "TOTPOP": 1633 }, "geometry": { "type": "Point", "coordinates": [ 104.73046, 12.29996 ] } },
{ "type": "Feature", "properties": { "VILL_CODE": "04040902", "VILL_NAME": "Trabaek", "TOTPOP": 811 }, "geometry": { "type": "Point", "coordinates": [ 104.72298, 12.30113 ] } },
{ "type": "Feature", "properties": { "VILL_CODE": "04040903", "VILL_NAME": "Chres", "TOTPOP": 465 }, "geometry": { "type": "Point", "coordinates": [ 104.72614, 12.30146 ] } },
{ "type": "Feature", "properties": { "VILL_CODE": "04040904", "VILL_NAME": "Tumnob", "TOTPOP": 832 }, "geometry": { "type": "Point", "coordinates": [ 104.75078, 12.29764 ] } },
{ "type": "Feature", "properties": { "VILL_CODE": "04040905", "VILL_NAME": "Trapeang Meas", "TOTPOP": 362 }, "geometry": { "type": "Point", "coordinates": [ 104.74194, 12.29146 ] } },
{ "type": "Feature", "properties": { "VILL_CODE": "04040906", "VILL_NAME": "Andoung Ronuk", "TOTPOP": 625 }, "geometry": { "type": "Point", "coordinates": [ 104.73142, 12.28572 ] } },
{ "type": "Feature", "properties": { "VILL_CODE": "04040907", "VILL_NAME": "Khlaeng Poar", "TOTPOP": 508 }, "geometry": { "type": "Point", "coordinates": [ 104.72992, 12.28435 ] } },
{ "type": "Feature", "properties": { "VILL_CODE": "04050101", "VILL_NAME": "Stueng Snguot", "TOTPOP": 2290 }, "geometry": { "type": "Point", "coordinates": [ 104.84, 11.9783 ] } },
{ "type": "Feature", "properties": { "VILL_CODE": "04050102", "VILL_NAME": "Kien Khleang", "TOTPOP": 556 }, "geometry": { "type": "Point", "coordinates": [ 104.78484, 11.88915 ] } },
{ "type": "Feature", "properties": { "VILL_CODE": "04050103", "VILL_NAME": "Veal Sbov", "TOTPOP": 870 }, "geometry": { "type": "Point", "coordinates": [ 104.80568, 11.89433 ] } },
{ "type": "Feature", "properties": { "VILL_CODE": "04050104", "VILL_NAME": "K'aek Pong", "TOTPOP": 1617 }, "geometry": { "type": "Point", "coordinates": [ 104.81206, 11.99517 ] } },
{ "type": "Feature", "properties": { "VILL_CODE": "04050105", "VILL_NAME": "Ampil Tuek", "TOTPOP": 589 }, "geometry": { "type": "Point", "coordinates": [ 104.8333, 11.99024 ] } },
{ "type": "Feature", "properties": { "VILL_CODE": "04050106", "VILL_NAME": "Baek Chan", "TOTPOP": 943 }, "geometry": { "type": "Point", "coordinates": [ 104.83145, 11.96781 ] } },
{ "type": "Feature", "properties": { "VILL_CODE": "04050107", "VILL_NAME": "Ou Mal", "TOTPOP": 999 }, "geometry": { "type": "Point", "coordinates": [ 104.83732, 11.95849 ] } },
{ "type": "Feature", "properties": { "VILL_CODE": "04050108", "VILL_NAME": "Bak Phnum", "TOTPOP": 525 }, "geometry": { "type": "Point", "coordinates": [ 104.8155, 11.90158 ] } },
{ "type": "Feature", "properties": { "VILL_CODE": "04050109", "VILL_NAME": "Kbal Kaoh", "TOTPOP": 845 }, "geometry": { "type": "Point", "coordinates": [ 104.79647, 11.98614 ] } },
{ "type": "Feature", "properties": { "VILL_CODE": "04050110", "VILL_NAME": "Khla Krohuem", "TOTPOP": 1721 }, "geometry": { "type": "Point", "coordinates": [ 104.82304, 11.9362 ] } },
{ "type": "Feature", "properties": { "VILL_CODE": "04050111", "VILL_NAME": "Sdei Banlich", "TOTPOP": 983 }, "geometry": { "type": "Point", "coordinates": [ 104.80122, 12.00581 ] } },
{ "type": "Feature", "properties": { "VILL_CODE": "04050201", "VILL_NAME": "Andoung Tramung", "TOTPOP": 797 }, "geometry": { "type": "Point", "coordinates": [ 104.64501, 12.01026 ] } },
{ "type": "Feature", "properties": { "VILL_CODE": "04050202", "VILL_NAME": "Chrak Romiet", "TOTPOP": 1153 }, "geometry": { "type": "Point", "coordinates": [ 104.71769, 11.95864 ] } },
{ "type": "Feature", "properties": { "VILL_CODE": "04050203", "VILL_NAME": "Srae Pis", "TOTPOP": 270 }, "geometry": { "type": "Point", "coordinates": [ 104.71994, 11.97718 ] } },
{ "type": "Feature", "properties": { "VILL_CODE": "04050204", "VILL_NAME": "Prey Pear", "TOTPOP": 603 }, "geometry": { "type": "Point", "coordinates": [ 104.70022, 12.0091 ] } },
{ "type": "Feature", "properties": { "VILL_CODE": "04050205", "VILL_NAME": "Sna Pechr", "TOTPOP": 436 }, "geometry": { "type": "Point", "coordinates": [ 104.69371, 12.00351 ] } },
{ "type": "Feature", "properties": { "VILL_CODE": "04050206", "VILL_NAME": "Chhuk Kranhas", "TOTPOP": 1048 }, "geometry": { "type": "Point", "coordinates": [ 104.68514, 12.02025 ] } },
{ "type": "Feature", "properties": { "VILL_CODE": "04050207", "VILL_NAME": "Krasah Thmei", "TOTPOP": 994 }, "geometry": { "type": "Point", "coordinates": [ 104.72141, 12.00709 ] } },
{ "type": "Feature", "properties": { "VILL_CODE": "04050208", "VILL_NAME": "Trapeang Chrov", "TOTPOP": 447 }, "geometry": { "type": "Point", "coordinates": [ 104.6602, 12.0203 ] } },
{ "type": "Feature", "properties": { "VILL_CODE": "04050209", "VILL_NAME": "Trapeang Khtum", "TOTPOP": 744 }, "geometry": { "type": "Point", "coordinates": [ 104.66752, 12.00764 ] } },
{ "type": "Feature", "properties": { "VILL_CODE": "04050210", "VILL_NAME": "Tuol", "TOTPOP": 1049 }, "geometry": { "type": "Point", "coordinates": [ 104.68729, 12.00643 ] } },
{ "type": "Feature", "properties": { "VILL_CODE": "04050211", "VILL_NAME": "Ou Rung", "TOTPOP": 237 }, "geometry": { "type": "Point", "coordinates": [ 104.72297, 11.98964 ] } },
{ "type": "Feature", "properties": { "VILL_CODE": "04050212", "VILL_NAME": "Sdok Lech", "TOTPOP": 182 }, "geometry": { "type": "Point", "coordinates": [ 104.71041, 12.01235 ] } },
{ "type": "Feature", "properties": { "VILL_CODE": "04050213", "VILL_NAME": "Srae Sar", "TOTPOP": 191 }, "geometry": { "type": "Point", "coordinates": [ 104.63553, 12.05268 ] } },
{ "type": "Feature", "properties": { "VILL_CODE": "04050214", "VILL_NAME": "Chrolong Kaisna", "TOTPOP": 319 }, "geometry": { "type": "Point", "coordinates": [ 104.65971, 12.04432 ] } },
{ "type": "Feature", "properties": { "VILL_CODE": "04050301", "VILL_NAME": "Trapeang Pnov", "TOTPOP": 355 }, "geometry": { "type": "Point", "coordinates": [ 104.75978, 11.93889 ] } },
{ "type": "Feature", "properties": { "VILL_CODE": "04050302", "VILL_NAME": "Serei Chhaom", "TOTPOP": 544 }, "geometry": { "type": "Point", "coordinates": [ 104.74885, 11.97 ] } },
{ "type": "Feature", "properties": { "VILL_CODE": "04050303", "VILL_NAME": "Veal Lvieng", "TOTPOP": 658 }, "geometry": { "type": "Point", "coordinates": [ 104.76199, 11.96351 ] } },
{ "type": "Feature", "properties": { "VILL_CODE": "04050304", "VILL_NAME": "Ou", "TOTPOP": 576 }, "geometry": { "type": "Point", "coordinates": [ 104.76213, 11.96867 ] } },
{ "type": "Feature", "properties": { "VILL_CODE": "04050305", "VILL_NAME": "Chumteav Sokh", "TOTPOP": 646 }, "geometry": { "type": "Point", "coordinates": [ 104.7597, 11.97417 ] } },
{ "type": "Feature", "properties": { "VILL_CODE": "04050306", "VILL_NAME": "Saray Andaet", "TOTPOP": 551 }, "geometry": { "type": "Point", "coordinates": [ 104.75244, 11.97954 ] } },
{ "type": "Feature", "properties": { "VILL_CODE": "04050307", "VILL_NAME": "Kanhchoung", "TOTPOP": 1294 }, "geometry": { "type": "Point", "coordinates": [ 104.73921, 11.97688 ] } },
{ "type": "Feature", "properties": { "VILL_CODE": "04050308", "VILL_NAME": "Prey Pis", "TOTPOP": 785 }, "geometry": { "type": "Point", "coordinates": [ 104.72402, 11.97024 ] } },
{ "type": "Feature", "properties": { "VILL_CODE": "04050309", "VILL_NAME": "Kbal Damrei", "TOTPOP": 434 }, "geometry": { "type": "Point", "coordinates": [ 104.75761, 11.9439 ] } },
{ "type": "Feature", "properties": { "VILL_CODE": "04050310", "VILL_NAME": "Prab Phcheah", "TOTPOP": 856 }, "geometry": { "type": "Point", "coordinates": [ 104.74941, 11.94093 ] } },
{ "type": "Feature", "properties": { "VILL_CODE": "04050311", "VILL_NAME": "Chramoh Chruk", "TOTPOP": 416 }, "geometry": { "type": "Point", "coordinates": [ 104.75556, 11.95182 ] } },
{ "type": "Feature", "properties": { "VILL_CODE": "04050312", "VILL_NAME": "Chak", "TOTPOP": 643 }, "geometry": { "type": "Point", "coordinates": [ 104.76536, 11.95195 ] } },
{ "type": "Feature", "properties": { "VILL_CODE": "04050313", "VILL_NAME": "Dak Snet", "TOTPOP": 476 }, "geometry": { "type": "Point", "coordinates": [ 104.76011, 11.95738 ] } },
{ "type": "Feature", "properties": { "VILL_CODE": "04050314", "VILL_NAME": "Chumteav", "TOTPOP": 982 }, "geometry": { "type": "Point", "coordinates": [ 104.75052, 11.95569 ] } },
{ "type": "Feature", "properties": { "VILL_CODE": "04050401", "VILL_NAME": "Kampong Tralach Leu", "TOTPOP": 409 }, "geometry": { "type": "Point", "coordinates": [ 104.76227, 11.93011 ] } },
{ "type": "Feature", "properties": { "VILL_CODE": "04050402", "VILL_NAME": "Kampong Tralach Kraom", "TOTPOP": 1663 }, "geometry": { "type": "Point", "coordinates": [ 104.78302, 11.91527 ] } },
{ "type": "Feature", "properties": { "VILL_CODE": "04050403", "VILL_NAME": "Neak Ta Hang", "TOTPOP": 1065 }, "geometry": { "type": "Point", "coordinates": [ 104.75788, 11.92028 ] } },
{ "type": "Feature", "properties": { "VILL_CODE": "04050404", "VILL_NAME": "Samretthi Chey", "TOTPOP": 571 }, "geometry": { "type": "Point", "coordinates": [ 104.77854, 11.9101 ] } },
{ "type": "Feature", "properties": { "VILL_CODE": "04050405", "VILL_NAME": "Preaek Kanlang", "TOTPOP": 780 }, "geometry": { "type": "Point", "coordinates": [ 104.79421, 11.91554 ] } },
{ "type": "Feature", "properties": { "VILL_CODE": "04050406", "VILL_NAME": "Kampong Kdar", "TOTPOP": 1030 }, "geometry": { "type": "Point", "coordinates": [ 104.79307, 11.94849 ] } },
{ "type": "Feature", "properties": { "VILL_CODE": "04050407", "VILL_NAME": "Kien Roka", "TOTPOP": 237 }, "geometry": { "type": "Point", "coordinates": [ 104.79993, 11.94763 ] } },
{ "type": "Feature", "properties": { "VILL_CODE": "04050501", "VILL_NAME": "Oknha Pang", "TOTPOP": 1080 }, "geometry": { "type": "Point", "coordinates": [ 104.7308, 11.86635 ] } },
{ "type": "Feature", "properties": { "VILL_CODE": "04050502", "VILL_NAME": "Trapeang Chambak", "TOTPOP": 547 }, "geometry": { "type": "Point", "coordinates": [ 104.74819, 11.86294 ] } },
{ "type": "Feature", "properties": { "VILL_CODE": "04050503", "VILL_NAME": "Phsar Trach", "TOTPOP": 1196 }, "geometry": { "type": "Point", "coordinates": [ 104.72402, 11.84904 ] } },
{ "type": "Feature", "properties": { "VILL_CODE": "04050504", "VILL_NAME": "Anlong Tnaot", "TOTPOP": 1103 }, "geometry": { "type": "Point", "coordinates": [ 104.7083, 11.89389 ] } },
{ "type": "Feature", "properties": { "VILL_CODE": "04050505", "VILL_NAME": "Srah Chak", "TOTPOP": 994 }, "geometry": { "type": "Point", "coordinates": [ 104.75233, 11.87115 ] } },
{ "type": "Feature", "properties": { "VILL_CODE": "04050506", "VILL_NAME": "Voat", "TOTPOP": 687 }, "geometry": { "type": "Point", "coordinates": [ 104.75864, 11.86223 ] } },
{ "type": "Feature", "properties": { "VILL_CODE": "04050507", "VILL_NAME": "Trapeang Samraong", "TOTPOP": 507 }, "geometry": { "type": "Point", "coordinates": [ 104.73166, 11.84884 ] } },
{ "type": "Feature", "properties": { "VILL_CODE": "04050508", "VILL_NAME": "Boeng Kak", "TOTPOP": 1031 }, "geometry": { "type": "Point", "coordinates": [ 104.7276, 11.90038 ] } },
{ "type": "Feature", "properties": { "VILL_CODE": "04050601", "VILL_NAME": "Chrak Romiet", "TOTPOP": 1084 }, "geometry": { "type": "Point", "coordinates": [ 104.71715, 11.94724 ] } },
{ "type": "Feature", "properties": { "VILL_CODE": "04050602", "VILL_NAME": "Sala Lekh Pram", "TOTPOP": 2265 }, "geometry": { "type": "Point", "coordinates": [ 104.71944, 11.93669 ] } },
{ "type": "Feature", "properties": { "VILL_CODE": "04050603", "VILL_NAME": "Ou Ruessei", "TOTPOP": 515 }, "geometry": { "type": "Point", "coordinates": [ 104.72347, 11.93723 ] } },
{ "type": "Feature", "properties": { "VILL_CODE": "04050604", "VILL_NAME": "Srae Prei", "TOTPOP": 1092 }, "geometry": { "type": "Point", "coordinates": [ 104.73601, 11.9293 ] } },
{ "type": "Feature", "properties": { "VILL_CODE": "04050605", "VILL_NAME": "Chan Kiek", "TOTPOP": 775 }, "geometry": { "type": "Point", "coordinates": [ 104.73649, 11.92246 ] } },
{ "type": "Feature", "properties": { "VILL_CODE": "04050606", "VILL_NAME": "Kralanh", "TOTPOP": 1169 }, "geometry": { "type": "Point", "coordinates": [ 104.72385, 11.92444 ] } },
{ "type": "Feature", "properties": { "VILL_CODE": "04050607", "VILL_NAME": "Khnong", "TOTPOP": 816 }, "geometry": { "type": "Point", "coordinates": [ 104.71838, 11.92388 ] } },
{ "type": "Feature", "properties": { "VILL_CODE": "04050608", "VILL_NAME": "Leach", "TOTPOP": 513 }, "geometry": { "type": "Point", "coordinates": [ 104.71421, 11.91436 ] } },
{ "type": "Feature", "properties": { "VILL_CODE": "04050701", "VILL_NAME": "Ta Ak", "TOTPOP": 1555 }, "geometry": { "type": "Point", "coordinates": [ 104.70897, 11.93927 ] } },
{ "type": "Feature", "properties": { "VILL_CODE": "04050702", "VILL_NAME": "Soben", "TOTPOP": 788 }, "geometry": { "type": "Point", "coordinates": [ 104.70903, 11.93189 ] } },
{ "type": "Feature", "properties": { "VILL_CODE": "04050703", "VILL_NAME": "Ta Kol", "TOTPOP": 718 }, "geometry": { "type": "Point", "coordinates": [ 104.70477, 11.92188 ] } },
{ "type": "Feature", "properties": { "VILL_CODE": "04050704", "VILL_NAME": "Stueng", "TOTPOP": 568 }, "geometry": { "type": "Point", "coordinates": [ 104.70316, 11.92242 ] } },
{ "type": "Feature", "properties": { "VILL_CODE": "04050705", "VILL_NAME": "Prey Sak", "TOTPOP": 660 }, "geometry": { "type": "Point", "coordinates": [ 104.69348, 11.93624 ] } },
{ "type": "Feature", "properties": { "VILL_CODE": "04050706", "VILL_NAME": "Peani", "TOTPOP": 730 }, "geometry": { "type": "Point", "coordinates": [ 104.68577, 11.9407 ] } },
{ "type": "Feature", "properties": { "VILL_CODE": "04050707", "VILL_NAME": "Kok", "TOTPOP": 744 }, "geometry": { "type": "Point", "coordinates": [ 104.6677, 11.9494 ] } },
{ "type": "Feature", "properties": { "VILL_CODE": "04050708", "VILL_NAME": "Tuol Serei", "TOTPOP": 762 }, "geometry": { "type": "Point", "coordinates": [ 104.67806, 11.94019 ] } },
{ "type": "Feature", "properties": { "VILL_CODE": "04050709", "VILL_NAME": "Krang Ta Aek", "TOTPOP": 658 }, "geometry": { "type": "Point", "coordinates": [ 104.69079, 11.92388 ] } },
{ "type": "Feature", "properties": { "VILL_CODE": "04050801", "VILL_NAME": "Khnay Kakaoh", "TOTPOP": 623 }, "geometry": { "type": "Point", "coordinates": [ 104.72628, 12.05286 ] } },
{ "type": "Feature", "properties": { "VILL_CODE": "04050802", "VILL_NAME": "Tuek L'ak", "TOTPOP": 573 }, "geometry": { "type": "Point", "coordinates": [ 104.72022, 12.06575 ] } },
{ "type": "Feature", "properties": { "VILL_CODE": "04050803", "VILL_NAME": "Kbal Thnal", "TOTPOP": 953 }, "geometry": { "type": "Point", "coordinates": [ 104.72953, 12.05874 ] } },
{ "type": "Feature", "properties": { "VILL_CODE": "04050804", "VILL_NAME": "Ta Sokh", "TOTPOP": 448 }, "geometry": { "type": "Point", "coordinates": [ 104.75353, 12.06795 ] } },
{ "type": "Feature", "properties": { "VILL_CODE": "04050805", "VILL_NAME": "Ta Sou", "TOTPOP": 261 }, "geometry": { "type": "Point", "coordinates": [ 104.74484, 12.06159 ] } },
{ "type": "Feature", "properties": { "VILL_CODE": "04050806", "VILL_NAME": "Doun Toy", "TOTPOP": 544 }, "geometry": { "type": "Point", "coordinates": [ 104.74722, 12.06841 ] } },
{ "type": "Feature", "properties": { "VILL_CODE": "04050807", "VILL_NAME": "Ta Nob", "TOTPOP": 520 }, "geometry": { "type": "Point", "coordinates": [ 104.75546, 12.06026 ] } },
{ "type": "Feature", "properties": { "VILL_CODE": "04050808", "VILL_NAME": "Chambak Ph'aem", "TOTPOP": 628 }, "geometry": { "type": "Point", "coordinates": [ 104.75651, 12.06559 ] } },
{ "type": "Feature", "properties": { "VILL_CODE": "04050809", "VILL_NAME": "Kralanh", "TOTPOP": 228 }, "geometry": { "type": "Point", "coordinates": [ 104.74918, 12.06072 ] } },
{ "type": "Feature", "properties": { "VILL_CODE": "04050810", "VILL_NAME": "Kampong Prasat", "TOTPOP": 1264 }, "geometry": { "type": "Point", "coordinates": [ 104.77253, 12.06639 ] } },
{ "type": "Feature", "properties": { "VILL_CODE": "04050811", "VILL_NAME": "Pravoek Pong", "TOTPOP": 410 }, "geometry": { "type": "Point", "coordinates": [ 104.7039, 12.05408 ] } },
{ "type": "Feature", "properties": { "VILL_CODE": "04050812", "VILL_NAME": "Khnay Kakaoh Thmei", "TOTPOP": 419 }, "geometry": { "type": "Point", "coordinates": [ 104.69775, 12.05853 ] } },
{ "type": "Feature", "properties": { "VILL_CODE": "04050901", "VILL_NAME": "Boeng Kak", "TOTPOP": 548 }, "geometry": { "type": "Point", "coordinates": [ 104.71046, 12.01686 ] } },
{ "type": "Feature", "properties": { "VILL_CODE": "04050902", "VILL_NAME": "La Peang", "TOTPOP": 459 }, "geometry": { "type": "Point", "coordinates": [ 104.72014, 12.02451 ] } },
{ "type": "Feature", "properties": { "VILL_CODE": "04050903", "VILL_NAME": "Ou Rung", "TOTPOP": 252 }, "geometry": { "type": "Point", "coordinates": [ 104.73508, 11.98808 ] } },
{ "type": "Feature", "properties": { "VILL_CODE": "04050904", "VILL_NAME": "Samraong", "TOTPOP": 796 }, "geometry": { "type": "Point", "coordinates": [ 104.72966, 12.01717 ] } },
{ "type": "Feature", "properties": { "VILL_CODE": "04050905", "VILL_NAME": "Svay Kraom", "TOTPOP": 1016 }, "geometry": { "type": "Point", "coordinates": [ 104.72965, 12.00742 ] } },
{ "type": "Feature", "properties": { "VILL_CODE": "04050906", "VILL_NAME": "Souvong", "TOTPOP": 639 }, "geometry": { "type": "Point", "coordinates": [ 104.73322, 12.02599 ] } },
{ "type": "Feature", "properties": { "VILL_CODE": "04050907", "VILL_NAME": "Snay", "TOTPOP": 1203 }, "geometry": { "type": "Point", "coordinates": [ 104.73795, 12.01172 ] } },
{ "type": "Feature", "properties": { "VILL_CODE": "04050908", "VILL_NAME": "Svay Bakav", "TOTPOP": 1914 }, "geometry": { "type": "Point", "coordinates": [ 104.74812, 12.00377 ] } },
{ "type": "Feature", "properties": { "VILL_CODE": "04050909", "VILL_NAME": "Voat Thmei", "TOTPOP": 940 }, "geometry": { "type": "Point", "coordinates": [ 104.75579, 12.04206 ] } },
{ "type": "Feature", "properties": { "VILL_CODE": "04050910", "VILL_NAME": "Thlok Yol", "TOTPOP": 606 }, "geometry": { "type": "Point", "coordinates": [ 104.74695, 12.03748 ] } },
{ "type": "Feature", "properties": { "VILL_CODE": "04050911", "VILL_NAME": "Ta Kaoh", "TOTPOP": 494 }, "geometry": { "type": "Point", "coordinates": [ 104.74721, 12.03815 ] } },
{ "type": "Feature", "properties": { "VILL_CODE": "04050912", "VILL_NAME": "Trapeang Preal", "TOTPOP": 296 }, "geometry": { "type": "Point", "coordinates": [ 104.75498, 12.0505 ] } },
{ "type": "Feature", "properties": { "VILL_CODE": "04050913", "VILL_NAME": "Banteay Meas", "TOTPOP": 507 }, "geometry": { "type": "Point", "coordinates": [ 104.73911, 12.05141 ] } },
{ "type": "Feature", "properties": { "VILL_CODE": "04050914", "VILL_NAME": "Sampoar", "TOTPOP": 738 }, "geometry": { "type": "Point", "coordinates": [ 104.76219, 12.0168 ] } },
{ "type": "Feature", "properties": { "VILL_CODE": "04050915", "VILL_NAME": "Kampong Ta Ches", "TOTPOP": 1078 }, "geometry": { "type": "Point", "coordinates": [ 104.77392, 12.01357 ] } },
{ "type": "Feature", "properties": { "VILL_CODE": "04051001", "VILL_NAME": "Daeum Popel", "TOTPOP": 1270 }, "geometry": { "type": "Point", "coordinates": [ 104.69135, 11.95078 ] } },
{ "type": "Feature", "properties": { "VILL_CODE": "04051002", "VILL_NAME": "Snang Mom", "TOTPOP": 763 }, "geometry": { "type": "Point", "coordinates": [ 104.67845, 11.95768 ] } },
{ "type": "Feature", "properties": { "VILL_CODE": "04051003", "VILL_NAME": "Thma Edth", "TOTPOP": 708 }, "geometry": { "type": "Point", "coordinates": [ 104.66749, 11.96602 ] } },
{ "type": "Feature", "properties": { "VILL_CODE": "04051004", "VILL_NAME": "Ko", "TOTPOP": 1017 }, "geometry": { "type": "Point", "coordinates": [ 104.65742, 11.9707 ] } },
{ "type": "Feature", "properties": { "VILL_CODE": "04051005", "VILL_NAME": "Trapeang Kdar", "TOTPOP": 686 }, "geometry": { "type": "Point", "coordinates": [ 104.63741, 11.98613 ] } },
{ "type": "Feature", "properties": { "VILL_CODE": "04060101", "VILL_NAME": "Spok Reach", "TOTPOP": 1004 }, "geometry": { "type": "Point", "coordinates": [ 104.66392, 12.17401 ] } },
{ "type": "Feature", "properties": { "VILL_CODE": "04060102", "VILL_NAME": "Andoung Snay", "TOTPOP": 900 }, "geometry": { "type": "Point", "coordinates": [ 104.66611, 12.17143 ] } },
{ "type": "Feature", "properties": { "VILL_CODE": "04060103", "VILL_NAME": "Andoung Chrey", "TOTPOP": 762 }, "geometry": { "type": "Point", "coordinates": [ 104.6729, 12.15603 ] } },
{ "type": "Feature", "properties": { "VILL_CODE": "04060104", "VILL_NAME": "Char Thmei", "TOTPOP": 1127 }, "geometry": { "type": "Point", "coordinates": [ 104.68407, 12.14134 ] } },
{ "type": "Feature", "properties": { "VILL_CODE": "04060105", "VILL_NAME": "Tbaeng", "TOTPOP": 581 }, "geometry": { "type": "Point", "coordinates": [ 104.71049, 12.13096 ] } },
{ "type": "Feature", "properties": { "VILL_CODE": "04060106", "VILL_NAME": "Pahi", "TOTPOP": 614 }, "geometry": { "type": "Point", "coordinates": [ 104.71771, 12.13333 ] } },
{ "type": "Feature", "properties": { "VILL_CODE": "04060107", "VILL_NAME": "Bampong Phchoek", "TOTPOP": 600 }, "geometry": { "type": "Point", "coordinates": [ 104.70728, 12.15392 ] } },
{ "type": "Feature", "properties": { "VILL_CODE": "04060201", "VILL_NAME": "Preal", "TOTPOP": 685 }, "geometry": { "type": "Point", "coordinates": [ 104.56276, 12.28475 ] } },
{ "type": "Feature", "properties": { "VILL_CODE": "04060202", "VILL_NAME": "Thma Reab", "TOTPOP": 289 }, "geometry": { "type": "Point", "coordinates": [ 104.53449, 12.25799 ] } },
{ "type": "Feature", "properties": { "VILL_CODE": "04060203", "VILL_NAME": "Phlov Kou", "TOTPOP": 465 }, "geometry": { "type": "Point", "coordinates": [ 104.55095, 12.25283 ] } },
{ "type": "Feature", "properties": { "VILL_CODE": "04060204", "VILL_NAME": "Toap Srov", "TOTPOP": 507 }, "geometry": { "type": "Point", "coordinates": [ 104.52329, 12.27196 ] } },
{ "type": "Feature", "properties": { "VILL_CODE": "04060205", "VILL_NAME": "Toap Tbaeng", "TOTPOP": 155 }, "geometry": { "type": "Point", "coordinates": [ 104.5651, 12.29838 ] } },
{ "type": "Feature", "properties": { "VILL_CODE": "04060206", "VILL_NAME": "Chheu Neak", "TOTPOP": 238 }, "geometry": { "type": "Point", "coordinates": [ 104.56841, 12.30948 ] } },
{ "type": "Feature", "properties": { "VILL_CODE": "04060207", "VILL_NAME": "Sdok Kabbas", "TOTPOP": 536 }, "geometry": { "type": "Point", "coordinates": [ 104.54543, 12.30577 ] } },
{ "type": "Feature", "properties": { "VILL_CODE": "04060208", "VILL_NAME": "Trapeang Phkoam", "TOTPOP": 554 }, "geometry": { "type": "Point", "coordinates": [ 104.53162, 12.266 ] } },
{ "type": "Feature", "properties": { "VILL_CODE": "04060209", "VILL_NAME": "Ou Leach", "TOTPOP": 333 }, "geometry": { "type": "Point", "coordinates": [ 104.54868, 12.27784 ] } },
{ "type": "Feature", "properties": { "VILL_CODE": "04060210", "VILL_NAME": "Ruessei Duoch", "TOTPOP": 221 }, "geometry": { "type": "Point", "coordinates": [ 104.54181, 12.26472 ] } },
{ "type": "Feature", "properties": { "VILL_CODE": "04060301", "VILL_NAME": "Ta Lou", "TOTPOP": 548 }, "geometry": { "type": "Point", "coordinates": [ 104.61511, 12.12671 ] } },
{ "type": "Feature", "properties": { "VILL_CODE": "04060302", "VILL_NAME": "Trapeang Popel", "TOTPOP": 351 }, "geometry": { "type": "Point", "coordinates": [ 104.64283, 12.09846 ] } },
{ "type": "Feature", "properties": { "VILL_CODE": "04060303", "VILL_NAME": "Pring Kaong", "TOTPOP": 380 }, "geometry": { "type": "Point", "coordinates": [ 104.61739, 12.13201 ] } },
{ "type": "Feature", "properties": { "VILL_CODE": "04060304", "VILL_NAME": "Luong", "TOTPOP": 271 }, "geometry": { "type": "Point", "coordinates": [ 104.62063, 12.1335 ] } },
{ "type": "Feature", "properties": { "VILL_CODE": "04060305", "VILL_NAME": "Andoung Chek", "TOTPOP": 799 }, "geometry": { "type": "Point", "coordinates": [ 104.62613, 12.13437 ] } },
{ "type": "Feature", "properties": { "VILL_CODE": "04060306", "VILL_NAME": "Tuek Chenh", "TOTPOP": 1025 }, "geometry": { "type": "Point", "coordinates": [ 104.6306, 12.13491 ] } },
{ "type": "Feature", "properties": { "VILL_CODE": "04060307", "VILL_NAME": "Souphi", "TOTPOP": 816 }, "geometry": { "type": "Point", "coordinates": [ 104.64063, 12.09412 ] } },
{ "type": "Feature", "properties": { "VILL_CODE": "04060308", "VILL_NAME": "Tang Bampong", "TOTPOP": 823 }, "geometry": { "type": "Point", "coordinates": [ 104.62818, 12.14284 ] } },
{ "type": "Feature", "properties": { "VILL_CODE": "04060309", "VILL_NAME": "Damnak Kei", "TOTPOP": 580 }, "geometry": { "type": "Point", "coordinates": [ 104.64789, 12.09191 ] } },
{ "type": "Feature", "properties": { "VILL_CODE": "04060310", "VILL_NAME": "Khnach Kakaoh", "TOTPOP": 361 }, "geometry": { "type": "Point", "coordinates": [ 104.6627, 12.06839 ] } },
{ "type": "Feature", "properties": { "VILL_CODE": "04060311", "VILL_NAME": "Ou Loy", "TOTPOP": 197 }, "geometry": { "type": "Point", "coordinates": [ 104.65023, 12.0686 ] } },
{ "type": "Feature", "properties": { "VILL_CODE": "04060401", "VILL_NAME": "Tuol Khsach", "TOTPOP": 681 }, "geometry": { "type": "Point", "coordinates": [ 104.66878, 12.21554 ] } },
{ "type": "Feature", "properties": { "VILL_CODE": "04060402", "VILL_NAME": "Prey Kaoh", "TOTPOP": 683 }, "geometry": { "type": "Point", "coordinates": [ 104.66786, 12.21203 ] } },
{ "type": "Feature", "properties": { "VILL_CODE": "04060403", "VILL_NAME": "Prey Puoch", "TOTPOP": 721 }, "geometry": { "type": "Point", "coordinates": [ 104.66697, 12.20755 ] } },
{ "type": "Feature", "properties": { "VILL_CODE": "04060404", "VILL_NAME": "Thmei", "TOTPOP": 696 }, "geometry": { "type": "Point", "coordinates": [ 104.66574, 12.20339 ] } },
{ "type": "Feature", "properties": { "VILL_CODE": "04060405", "VILL_NAME": "Thnal Thmei", "TOTPOP": 326 }, "geometry": { "type": "Point", "coordinates": [ 104.66156, 12.19893 ] } },
{ "type": "Feature", "properties": { "VILL_CODE": "04060406", "VILL_NAME": "Chrey Bak", "TOTPOP": 792 }, "geometry": { "type": "Point", "coordinates": [ 104.66082, 12.19304 ] } },
{ "type": "Feature", "properties": { "VILL_CODE": "04060407", "VILL_NAME": "Ou Kamnab", "TOTPOP": 293 }, "geometry": { "type": "Point", "coordinates": [ 104.64534, 12.19498 ] } },
{ "type": "Feature", "properties": { "VILL_CODE": "04060408", "VILL_NAME": "Ou Kandaol", "TOTPOP": 653 }, "geometry": { "type": "Point", "coordinates": [ 104.65198, 12.20105 ] } },
{ "type": "Feature", "properties": { "VILL_CODE": "04060409", "VILL_NAME": "Prey Leak Neang", "TOTPOP": 478 }, "geometry": { "type": "Point", "coordinates": [ 104.64162, 12.19726 ] } },
{ "type": "Feature", "properties": { "VILL_CODE": "04060410", "VILL_NAME": "Banh Chhkoul", "TOTPOP": 656 }, "geometry": { "type": "Point", "coordinates": [ 104.64879, 12.18373 ] } },
{ "type": "Feature", "properties": { "VILL_CODE": "04060411", "VILL_NAME": "Trapeang An", "TOTPOP": 339 }, "geometry": { "type": "Point", "coordinates": [ 104.64316, 12.18761 ] } },
{ "type": "Feature", "properties": { "VILL_CODE": "04060412", "VILL_NAME": "Khley", "TOTPOP": 465 }, "geometry": { "type": "Point", "coordinates": [ 104.63591, 12.18101 ] } },
{ "type": "Feature", "properties": { "VILL_CODE": "04060413", "VILL_NAME": "Alaeng", "TOTPOP": 1243 }, "geometry": { "type": "Point", "coordinates": [ 104.62012, 12.17169 ] } },
{ "type": "Feature", "properties": { "VILL_CODE": "04060414", "VILL_NAME": "Trapeang Kor", "TOTPOP": 602 }, "geometry": { "type": "Point", "coordinates": [ 104.61686, 12.18545 ] } },
{ "type": "Feature", "properties": { "VILL_CODE": "04060415", "VILL_NAME": "Preah Ream Reangsei", "TOTPOP": 1034 }, "geometry": { "type": "Point", "coordinates": [ 104.60053, 12.1819 ] } },
{ "type": "Feature", "properties": { "VILL_CODE": "04060416", "VILL_NAME": "Ou Roung", "TOTPOP": 466 }, "geometry": { "type": "Point", "coordinates": [ 104.61827, 12.19755 ] } },
{ "type": "Feature", "properties": { "VILL_CODE": "04060501", "VILL_NAME": "Kouk Banteay", "TOTPOP": 1007 }, "geometry": { "type": "Point", "coordinates": [ 104.68184, 12.18572 ] } },
{ "type": "Feature", "properties": { "VILL_CODE": "04060502", "VILL_NAME": "Popel Pok", "TOTPOP": 767 }, "geometry": { "type": "Point", "coordinates": [ 104.68817, 12.18688 ] } },
{ "type": "Feature", "properties": { "VILL_CODE": "04060503", "VILL_NAME": "Mean Chey", "TOTPOP": 468 }, "geometry": { "type": "Point", "coordinates": [ 104.68264, 12.17948 ] } },
{ "type": "Feature", "properties": { "VILL_CODE": "04060504", "VILL_NAME": "Troneam Pech", "TOTPOP": 331 }, "geometry": { "type": "Point", "coordinates": [ 104.67522, 12.1768 ] } },
{ "type": "Feature", "properties": { "VILL_CODE": "04060505", "VILL_NAME": "Ou Ta Sek", "TOTPOP": 507 }, "geometry": { "type": "Point", "coordinates": [ 104.69506, 12.16772 ] } },
{ "type": "Feature", "properties": { "VILL_CODE": "04060506", "VILL_NAME": "Chheu Trach", "TOTPOP": 696 }, "geometry": { "type": "Point", "coordinates": [ 104.70609, 12.15592 ] } },
{ "type": "Feature", "properties": { "VILL_CODE": "04060507", "VILL_NAME": "Kang Meas", "TOTPOP": 1157 }, "geometry": { "type": "Point", "coordinates": [ 104.77303, 12.16471 ] } },
{ "type": "Feature", "properties": { "VILL_CODE": "04060508", "VILL_NAME": "Kanlaeng Phe", "TOTPOP": 879 }, "geometry": { "type": "Point", "coordinates": [ 104.79477, 12.15028 ] } },
{ "type": "Feature", "properties": { "VILL_CODE": "04060601", "VILL_NAME": "Krang Leav", "TOTPOP": 582 }, "geometry": { "type": "Point", "coordinates": [ 104.55436, 12.2257 ] } },
{ "type": "Feature", "properties": { "VILL_CODE": "04060602", "VILL_NAME": "Thmei", "TOTPOP": 535 }, "geometry": { "type": "Point", "coordinates": [ 104.55877, 12.22079 ] } },
{ "type": "Feature", "properties": { "VILL_CODE": "04060603", "VILL_NAME": "Tuek L'ak", "TOTPOP": 772 }, "geometry": { "type": "Point", "coordinates": [ 104.57327, 12.21496 ] } },
{ "type": "Feature", "properties": { "VILL_CODE": "04060604", "VILL_NAME": "Pat Lang Choeung", "TOTPOP": 486 }, "geometry": { "type": "Point", "coordinates": [ 104.55946, 12.21457 ] } },
{ "type": "Feature", "properties": { "VILL_CODE": "04060605", "VILL_NAME": "Boeng Veaeng", "TOTPOP": 988 }, "geometry": { "type": "Point", "coordinates": [ 104.55019, 12.21961 ] } },
{ "type": "Feature", "properties": { "VILL_CODE": "04060606", "VILL_NAME": "Srae Veal", "TOTPOP": 440 }, "geometry": { "type": "Point", "coordinates": [ 104.54623, 12.20707 ] } },
{ "type": "Feature", "properties": { "VILL_CODE": "04060607", "VILL_NAME": "Chrolong Kak", "TOTPOP": 437 }, "geometry": { "type": "Point", "coordinates": [ 104.53309, 12.18751 ] } },
{ "type": "Feature", "properties": { "VILL_CODE": "04060608", "VILL_NAME": "Andoung Preng", "TOTPOP": 749 }, "geometry": { "type": "Point", "coordinates": [ 104.5331, 12.17949 ] } },
{ "type": "Feature", "properties": { "VILL_CODE": "04060609", "VILL_NAME": "Pat Lang Koeut", "TOTPOP": 396 }, "geometry": { "type": "Point", "coordinates": [ 104.58915, 12.23145 ] } },
{ "type": "Feature", "properties": { "VILL_CODE": "04060610", "VILL_NAME": "Pat Lang Tboung", "TOTPOP": 185 }, "geometry": { "type": "Point", "coordinates": [ 104.57864, 12.1954 ] } },
{ "type": "Feature", "properties": { "VILL_CODE": "04060701", "VILL_NAME": "Trapeang Pou", "TOTPOP": 517 }, "geometry": { "type": "Point", "coordinates": [ 104.61973, 12.26597 ] } },
{ "type": "Feature", "properties": { "VILL_CODE": "04060702", "VILL_NAME": "Khvet", "TOTPOP": 787 }, "geometry": { "type": "Point", "coordinates": [ 104.601, 12.26245 ] } },
{ "type": "Feature", "properties": { "VILL_CODE": "04060703", "VILL_NAME": "Srang Khpos", "TOTPOP": 782 }, "geometry": { "type": "Point", "coordinates": [ 104.59467, 12.259 ] } },
{ "type": "Feature", "properties": { "VILL_CODE": "04060704", "VILL_NAME": "Phnum Touch", "TOTPOP": 516 }, "geometry": { "type": "Point", "coordinates": [ 104.59461, 12.2504 ] } },
{ "type": "Feature", "properties": { "VILL_CODE": "04060705", "VILL_NAME": "Santey", "TOTPOP": 552 }, "geometry": { "type": "Point", "coordinates": [ 104.58363, 12.25153 ] } },
{ "type": "Feature", "properties": { "VILL_CODE": "04060706", "VILL_NAME": "Dak Krong", "TOTPOP": 365 }, "geometry": { "type": "Point", "coordinates": [ 104.5774, 12.25917 ] } },
{ "type": "Feature", "properties": { "VILL_CODE": "04060707", "VILL_NAME": "Andoung Pou", "TOTPOP": 512 }, "geometry": { "type": "Point", "coordinates": [ 104.5879, 12.26421 ] } },
{ "type": "Feature", "properties": { "VILL_CODE": "04060708", "VILL_NAME": "Thmei", "TOTPOP": 790 }, "geometry": { "type": "Point", "coordinates": [ 104.58997, 12.27385 ] } },
{ "type": "Feature", "properties": { "VILL_CODE": "04060709", "VILL_NAME": "Prambei Chhaom", "TOTPOP": 839 }, "geometry": { "type": "Point", "coordinates": [ 104.58547, 12.27403 ] } },
{ "type": "Feature", "properties": { "VILL_CODE": "04060710", "VILL_NAME": "Trapeang Thum", "TOTPOP": 598 }, "geometry": { "type": "Point", "coordinates": [ 104.57729, 12.26681 ] } },
{ "type": "Feature", "properties": { "VILL_CODE": "04060711", "VILL_NAME": "Thma Reab", "TOTPOP": 565 }, "geometry": { "type": "Point", "coordinates": [ 104.57298, 12.2744 ] } },
{ "type": "Feature", "properties": { "VILL_CODE": "04060712", "VILL_NAME": "Toap Tbaeng", "TOTPOP": 461 }, "geometry": { "type": "Point", "coordinates": [ 104.5837, 12.2877 ] } },
{ "type": "Feature", "properties": { "VILL_CODE": "04060801", "VILL_NAME": "Prey Sampov", "TOTPOP": 945 }, "geometry": { "type": "Point", "coordinates": [ 104.4861, 12.2637 ] } },
{ "type": "Feature", "properties": { "VILL_CODE": "04060802", "VILL_NAME": "Chonleav", "TOTPOP": 427 }, "geometry": { "type": "Point", "coordinates": [ 104.48767, 12.25854 ] } },
{ "type": "Feature", "properties": { "VILL_CODE": "04060803", "VILL_NAME": "S'ang", "TOTPOP": 846 }, "geometry": { "type": "Point", "coordinates": [ 104.50677, 12.29036 ] } },
{ "type": "Feature", "properties": { "VILL_CODE": "04060804", "VILL_NAME": "Srangam Ter", "TOTPOP": 320 }, "geometry": { "type": "Point", "coordinates": [ 104.52304, 12.31546 ] } },
{ "type": "Feature", "properties": { "VILL_CODE": "04060805", "VILL_NAME": "Trapeang Ampil", "TOTPOP": 936 }, "geometry": { "type": "Point", "coordinates": [ 104.50076, 12.34705 ] } },
{ "type": "Feature", "properties": { "VILL_CODE": "04060806", "VILL_NAME": "Prasneb", "TOTPOP": 860 }, "geometry": { "type": "Point", "coordinates": [ 104.43586, 12.31329 ] } },
{ "type": "Feature", "properties": { "VILL_CODE": "04060807", "VILL_NAME": "Chor", "TOTPOP": 783 }, "geometry": { "type": "Point", "coordinates": [ 104.41208, 12.27673 ] } },
{ "type": "Feature", "properties": { "VILL_CODE": "04060901", "VILL_NAME": "Prey Kraol", "TOTPOP": 756 }, "geometry": { "type": "Point", "coordinates": [ 104.60212, 12.14263 ] } },
{ "type": "Feature", "properties": { "VILL_CODE": "04060902", "VILL_NAME": "Prey Mul", "TOTPOP": 565 }, "geometry": { "type": "Point", "coordinates": [ 104.60285, 12.15077 ] } },
{ "type": "Feature", "properties": { "VILL_CODE": "04060903", "VILL_NAME": "Prachak", "TOTPOP": 354 }, "geometry": { "type": "Point", "coordinates": [ 104.59848, 12.15759 ] } },
{ "type": "Feature", "properties": { "VILL_CODE": "04060904", "VILL_NAME": "Trapeang Kravan", "TOTPOP": 565 }, "geometry": { "type": "Point", "coordinates": [ 104.58046, 12.17539 ] } },
{ "type": "Feature", "properties": { "VILL_CODE": "04060905", "VILL_NAME": "Trapeang Ta Sokh", "TOTPOP": 577 }, "geometry": { "type": "Point", "coordinates": [ 104.59478, 12.16601 ] } },
{ "type": "Feature", "properties": { "VILL_CODE": "04060906", "VILL_NAME": "Ta Vak", "TOTPOP": 663 }, "geometry": { "type": "Point", "coordinates": [ 104.60099, 12.16424 ] } },
{ "type": "Feature", "properties": { "VILL_CODE": "04060907", "VILL_NAME": "Khlaeng Poar", "TOTPOP": 250 }, "geometry": { "type": "Point", "coordinates": [ 104.5179, 12.15395 ] } },
{ "type": "Feature", "properties": { "VILL_CODE": "04061001", "VILL_NAME": "Kruos", "TOTPOP": 2353 }, "geometry": { "type": "Point", "coordinates": [ 104.63371, 12.154 ] } },
{ "type": "Feature", "properties": { "VILL_CODE": "04061002", "VILL_NAME": "Prey Khmaer", "TOTPOP": 2865 }, "geometry": { "type": "Point", "coordinates": [ 104.66134, 12.16745 ] } },
{ "type": "Feature", "properties": { "VILL_CODE": "04061003", "VILL_NAME": "Andoung Chroh", "TOTPOP": 720 }, "geometry": { "type": "Point", "coordinates": [ 104.65544, 12.15837 ] } },
{ "type": "Feature", "properties": { "VILL_CODE": "04061004", "VILL_NAME": "Chea Rov", "TOTPOP": 523 }, "geometry": { "type": "Point", "coordinates": [ 104.65102, 12.15333 ] } },
{ "type": "Feature", "properties": { "VILL_CODE": "04061005", "VILL_NAME": "Trapeang Trach", "TOTPOP": 473 }, "geometry": { "type": "Point", "coordinates": [ 104.6422, 12.14054 ] } },
{ "type": "Feature", "properties": { "VILL_CODE": "04061006", "VILL_NAME": "Ou Ta Nes", "TOTPOP": 739 }, "geometry": { "type": "Point", "coordinates": [ 104.68686, 12.12515 ] } },
{ "type": "Feature", "properties": { "VILL_CODE": "04061101", "VILL_NAME": "Kdei Tnaot", "TOTPOP": 886 }, "geometry": { "type": "Point", "coordinates": [ 104.6542, 12.25355 ] } },
{ "type": "Feature", "properties": { "VILL_CODE": "04061102", "VILL_NAME": "Chamkar Ta Mau", "TOTPOP": 820 }, "geometry": { "type": "Point", "coordinates": [ 104.65605, 12.24632 ] } },
{ "type": "Feature", "properties": { "VILL_CODE": "04061103", "VILL_NAME": "Santuch", "TOTPOP": 1410 }, "geometry": { "type": "Point", "coordinates": [ 104.64963, 12.23546 ] } },
{ "type": "Feature", "properties": { "VILL_CODE": "04061104", "VILL_NAME": "Traok Kaeut", "TOTPOP": 697 }, "geometry": { "type": "Point", "coordinates": [ 104.64044, 12.22731 ] } },
{ "type": "Feature", "properties": { "VILL_CODE": "04061105", "VILL_NAME": "Traok Kandal", "TOTPOP": 646 }, "geometry": { "type": "Point", "coordinates": [ 104.63538, 12.22303 ] } },
{ "type": "Feature", "properties": { "VILL_CODE": "04061106", "VILL_NAME": "Traok Lech", "TOTPOP": 424 }, "geometry": { "type": "Point", "coordinates": [ 104.63585, 12.22459 ] } },
{ "type": "Feature", "properties": { "VILL_CODE": "04061107", "VILL_NAME": "Kol Kob", "TOTPOP": 680 }, "geometry": { "type": "Point", "coordinates": [ 104.63127, 12.21464 ] } },
{ "type": "Feature", "properties": { "VILL_CODE": "04061108", "VILL_NAME": "Trapeang Sbov", "TOTPOP": 878 }, "geometry": { "type": "Point", "coordinates": [ 104.62922, 12.23789 ] } },
{ "type": "Feature", "properties": { "VILL_CODE": "04061109", "VILL_NAME": "Prey Moan", "TOTPOP": 546 }, "geometry": { "type": "Point", "coordinates": [ 104.64355, 12.23879 ] } },
{ "type": "Feature", "properties": { "VILL_CODE": "04061110", "VILL_NAME": "Andoung Ruessei", "TOTPOP": 1438 }, "geometry": { "type": "Point", "coordinates": [ 104.62571, 12.24628 ] } },
{ "type": "Feature", "properties": { "VILL_CODE": "04061111", "VILL_NAME": "Trea Tboung", "TOTPOP": 827 }, "geometry": { "type": "Point", "coordinates": [ 104.64313, 12.25102 ] } },
{ "type": "Feature", "properties": { "VILL_CODE": "04061112", "VILL_NAME": "Trea Cheung", "TOTPOP": 1362 }, "geometry": { "type": "Point", "coordinates": [ 104.64605, 12.25492 ] } },
{ "type": "Feature", "properties": { "VILL_CODE": "04061201", "VILL_NAME": "Thma Kaev", "TOTPOP": 844 }, "geometry": { "type": "Point", "coordinates": [ 104.57143, 12.31209 ] } },
{ "type": "Feature", "properties": { "VILL_CODE": "04061202", "VILL_NAME": "Knong", "TOTPOP": 549 }, "geometry": { "type": "Point", "coordinates": [ 104.57812, 12.29949 ] } },
{ "type": "Feature", "properties": { "VILL_CODE": "04061203", "VILL_NAME": "Krang Prasvay", "TOTPOP": 812 }, "geometry": { "type": "Point", "coordinates": [ 104.59103, 12.2883 ] } },
{ "type": "Feature", "properties": { "VILL_CODE": "04061204", "VILL_NAME": "Utumpor", "TOTPOP": 927 }, "geometry": { "type": "Point", "coordinates": [ 104.59799, 12.29498 ] } },
{ "type": "Feature", "properties": { "VILL_CODE": "04061205", "VILL_NAME": "Selang", "TOTPOP": 333 }, "geometry": { "type": "Point", "coordinates": [ 104.61018, 12.29076 ] } },
{ "type": "Feature", "properties": { "VILL_CODE": "04061206", "VILL_NAME": "Svay Chrum Thmei", "TOTPOP": 634 }, "geometry": { "type": "Point", "coordinates": [ 104.59127, 12.28154 ] } },
{ "type": "Feature", "properties": { "VILL_CODE": "04061207", "VILL_NAME": "Chamkar Khley", "TOTPOP": 600 }, "geometry": { "type": "Point", "coordinates": [ 104.59655, 12.27558 ] } },
{ "type": "Feature", "properties": { "VILL_CODE": "04061208", "VILL_NAME": "Chen", "TOTPOP": 219 }, "geometry": { "type": "Point", "coordinates": [ 104.60283, 12.27166 ] } },
{ "type": "Feature", "properties": { "VILL_CODE": "04061209", "VILL_NAME": "Phlov Veay", "TOTPOP": 480 }, "geometry": { "type": "Point", "coordinates": [ 104.61126, 12.26852 ] } },
{ "type": "Feature", "properties": { "VILL_CODE": "04061210", "VILL_NAME": "Ou Totueng", "TOTPOP": 248 }, "geometry": { "type": "Point", "coordinates": [ 104.61161, 12.28059 ] } },
{ "type": "Feature", "properties": { "VILL_CODE": "04061211", "VILL_NAME": "Tuol Trea", "TOTPOP": 400 }, "geometry": { "type": "Point", "coordinates": [ 104.61758, 12.2784 ] } },
{ "type": "Feature", "properties": { "VILL_CODE": "04061212", "VILL_NAME": "Svay Chrum Chas", "TOTPOP": 402 }, "geometry": { "type": "Point", "coordinates": [ 104.61326, 12.28796 ] } },
{ "type": "Feature", "properties": { "VILL_CODE": "04061213", "VILL_NAME": "Smaet", "TOTPOP": 727 }, "geometry": { "type": "Point", "coordinates": [ 104.62584, 12.2706 ] } },
{ "type": "Feature", "properties": { "VILL_CODE": "04061214", "VILL_NAME": "Thnong Kambot", "TOTPOP": 317 }, "geometry": { "type": "Point", "coordinates": [ 104.62783, 12.27458 ] } },
{ "type": "Feature", "properties": { "VILL_CODE": "04061215", "VILL_NAME": "Chanlaoh Ren", "TOTPOP": 531 }, "geometry": { "type": "Point", "coordinates": [ 104.62534, 12.27996 ] } },
{ "type": "Feature", "properties": { "VILL_CODE": "04061216", "VILL_NAME": "Dambouk Kakaoh", "TOTPOP": 798 }, "geometry": { "type": "Point", "coordinates": [ 104.63165, 12.27149 ] } },
{ "type": "Feature", "properties": { "VILL_CODE": "04061217", "VILL_NAME": "Trapeang Anhchanh", "TOTPOP": 1186 }, "geometry": { "type": "Point", "coordinates": [ 104.64467, 12.26736 ] } },
{ "type": "Feature", "properties": { "VILL_CODE": "04061218", "VILL_NAME": "Thnal Ta Saeng", "TOTPOP": 999 }, "geometry": { "type": "Point", "coordinates": [ 104.64716, 12.31099 ] } },
{ "type": "Feature", "properties": { "VILL_CODE": "04061219", "VILL_NAME": "Kaoh Kaev", "TOTPOP": 718 }, "geometry": { "type": "Point", "coordinates": [ 104.61237, 12.3319 ] } },
{ "type": "Feature", "properties": { "VILL_CODE": "04061220", "VILL_NAME": "Krapeu Pul", "TOTPOP": 491 }, "geometry": { "type": "Point", "coordinates": [ 104.64841, 12.33704 ] } },
{ "type": "Feature", "properties": { "VILL_CODE": "04061221", "VILL_NAME": "Svay Chek", "TOTPOP": 447 }, "geometry": { "type": "Point", "coordinates": [ 104.59674, 12.29625 ] } },
{ "type": "Feature", "properties": { "VILL_CODE": "04061222", "VILL_NAME": "Kampong Reang", "TOTPOP": 555 }, "geometry": { "type": "Point", "coordinates": [ 104.59297, 12.35826 ] } },
{ "type": "Feature", "properties": { "VILL_CODE": "04061301", "VILL_NAME": "Ou Sandan", "TOTPOP": 661 }, "geometry": { "type": "Point", "coordinates": [ 104.6949, 12.1166 ] } },
{ "type": "Feature", "properties": { "VILL_CODE": "04061302", "VILL_NAME": "Tuek Hout", "TOTPOP": 793 }, "geometry": { "type": "Point", "coordinates": [ 104.7323, 12.11275 ] } },
{ "type": "Feature", "properties": { "VILL_CODE": "04061303", "VILL_NAME": "Preaek Sala", "TOTPOP": 593 }, "geometry": { "type": "Point", "coordinates": [ 104.76068, 12.12323 ] } },
{ "type": "Feature", "properties": { "VILL_CODE": "04061304", "VILL_NAME": "Noneam Totueng", "TOTPOP": 338 }, "geometry": { "type": "Point", "coordinates": [ 104.73058, 12.09718 ] } },
{ "type": "Feature", "properties": { "VILL_CODE": "04061305", "VILL_NAME": "Preaek Reang", "TOTPOP": 1722 }, "geometry": { "type": "Point", "coordinates": [ 104.7454, 12.1103 ] } },
{ "type": "Feature", "properties": { "VILL_CODE": "04061306", "VILL_NAME": "Kouk Sdau", "TOTPOP": 1458 }, "geometry": { "type": "Point", "coordinates": [ 104.73791, 12.08944 ] } },
{ "type": "Feature", "properties": { "VILL_CODE": "04061307", "VILL_NAME": "Trapeang Krapeu", "TOTPOP": 1385 }, "geometry": { "type": "Point", "coordinates": [ 104.71357, 12.1089 ] } },
{ "type": "Feature", "properties": { "VILL_CODE": "04061308", "VILL_NAME": "Tuek L'ak", "TOTPOP": 456 }, "geometry": { "type": "Point", "coordinates": [ 104.71747, 12.07668 ] } },
{ "type": "Feature", "properties": { "VILL_CODE": "04061309", "VILL_NAME": "Ou Sandan Thmei", "TOTPOP": 351 }, "geometry": { "type": "Point", "coordinates": [ 104.68693, 12.11076 ] } },
{ "type": "Feature", "properties": { "VILL_CODE": "04070101", "VILL_NAME": "Chrak Tnaot", "TOTPOP": 715 }, "geometry": { "type": "Point", "coordinates": [ 104.4771, 11.7507 ] } },
{ "type": "Feature", "properties": { "VILL_CODE": "04070102", "VILL_NAME": "Traeng", "TOTPOP": 562 }, "geometry": { "type": "Point", "coordinates": [ 104.47042, 11.76832 ] } },
{ "type": "Feature", "properties": { "VILL_CODE": "04070103", "VILL_NAME": "Royeas", "TOTPOP": 900 }, "geometry": { "type": "Point", "coordinates": [ 104.44538, 11.79211 ] } },
{ "type": "Feature", "properties": { "VILL_CODE": "04070104", "VILL_NAME": "Trapeang Thma", "TOTPOP": 464 }, "geometry": { "type": "Point", "coordinates": [ 104.48286, 11.76784 ] } },
{ "type": "Feature", "properties": { "VILL_CODE": "04070105", "VILL_NAME": "Srae Ruessei", "TOTPOP": 419 }, "geometry": { "type": "Point", "coordinates": [ 104.49241, 11.77564 ] } },
{ "type": "Feature", "properties": { "VILL_CODE": "04070106", "VILL_NAME": "Krang Samraong", "TOTPOP": 674 }, "geometry": { "type": "Point", "coordinates": [ 104.4941, 11.74177 ] } },
{ "type": "Feature", "properties": { "VILL_CODE": "04070107", "VILL_NAME": "Anlong Pring", "TOTPOP": 221 }, "geometry": { "type": "Point", "coordinates": [ 104.46091, 11.7554 ] } },
{ "type": "Feature", "properties": { "VILL_CODE": "04070108", "VILL_NAME": "Chuonh Chit", "TOTPOP": 357 }, "geometry": { "type": "Point", "coordinates": [ 104.43441, 11.77036 ] } },
{ "type": "Feature", "properties": { "VILL_CODE": "04070201", "VILL_NAME": "Voat", "TOTPOP": 1469 }, "geometry": { "type": "Point", "coordinates": [ 104.60914, 11.97697 ] } },
{ "type": "Feature", "properties": { "VILL_CODE": "04070202", "VILL_NAME": "Trapeang Srangae", "TOTPOP": 703 }, "geometry": { "type": "Point", "coordinates": [ 104.60344, 11.99034 ] } },
{ "type": "Feature", "properties": { "VILL_CODE": "04070203", "VILL_NAME": "Chrey Kaong Lech", "TOTPOP": 478 }, "geometry": { "type": "Point", "coordinates": [ 104.60345, 11.99912 ] } },
{ "type": "Feature", "properties": { "VILL_CODE": "04070204", "VILL_NAME": "Chrey Kaong Kaeut", "TOTPOP": 706 }, "geometry": { "type": "Point", "coordinates": [ 104.60672, 12.00194 ] } },
{ "type": "Feature", "properties": { "VILL_CODE": "04070205", "VILL_NAME": "Thma Sa", "TOTPOP": 683 }, "geometry": { "type": "Point", "coordinates": [ 104.63366, 11.99768 ] } },
{ "type": "Feature", "properties": { "VILL_CODE": "04070206", "VILL_NAME": "Khnar Kandal", "TOTPOP": 716 }, "geometry": { "type": "Point", "coordinates": [ 104.61227, 12.00158 ] } },
{ "type": "Feature", "properties": { "VILL_CODE": "04070207", "VILL_NAME": "Tradak Pong", "TOTPOP": 1267 }, "geometry": { "type": "Point", "coordinates": [ 104.62116, 12.00316 ] } },
{ "type": "Feature", "properties": { "VILL_CODE": "04070301", "VILL_NAME": "Thnal", "TOTPOP": 821 }, "geometry": { "type": "Point", "coordinates": [ 104.58202, 11.96884 ] } },
{ "type": "Feature", "properties": { "VILL_CODE": "04070302", "VILL_NAME": "Krang Lvea", "TOTPOP": 500 }, "geometry": { "type": "Point", "coordinates": [ 104.57986, 11.96582 ] } },
{ "type": "Feature", "properties": { "VILL_CODE": "04070303", "VILL_NAME": "Ou Kakhob", "TOTPOP": 1125 }, "geometry": { "type": "Point", "coordinates": [ 104.56982, 11.96426 ] } },
{ "type": "Feature", "properties": { "VILL_CODE": "04070304", "VILL_NAME": "Chres", "TOTPOP": 656 }, "geometry": { "type": "Point", "coordinates": [ 104.55335, 11.96455 ] } },
{ "type": "Feature", "properties": { "VILL_CODE": "04070305", "VILL_NAME": "KhnaTey Mouk", "TOTPOP": 357 }, "geometry": { "type": "Point", "coordinates": [ 104.57129, 11.97315 ] } },
{ "type": "Feature", "properties": { "VILL_CODE": "04070306", "VILL_NAME": "Tang Krong", "TOTPOP": 523 }, "geometry": { "type": "Point", "coordinates": [ 104.59849, 11.96427 ] } },
{ "type": "Feature", "properties": { "VILL_CODE": "04070307", "VILL_NAME": "Thlok Roleung", "TOTPOP": 924 }, "geometry": { "type": "Point", "coordinates": [ 104.55826, 11.97319 ] } },
{ "type": "Feature", "properties": { "VILL_CODE": "04070308", "VILL_NAME": "Chumteav Chraeng", "TOTPOP": 1457 }, "geometry": { "type": "Point", "coordinates": [ 104.56388, 11.96786 ] } },
{ "type": "Feature", "properties": { "VILL_CODE": "04070309", "VILL_NAME": "Tang Kruos Lech", "TOTPOP": 928 }, "geometry": { "type": "Point", "coordinates": [ 104.52256, 11.96393 ] } },
{ "type": "Feature", "properties": { "VILL_CODE": "04070310", "VILL_NAME": "Tang Kruos Kaeut", "TOTPOP": 1355 }, "geometry": { "type": "Point", "coordinates": [ 104.53638, 11.9663 ] } },
{ "type": "Feature", "properties": { "VILL_CODE": "04070401", "VILL_NAME": "Tang Poun", "TOTPOP": 587 }, "geometry": { "type": "Point", "coordinates": [ 104.54736, 11.74462 ] } },
{ "type": "Feature", "properties": { "VILL_CODE": "04070402", "VILL_NAME": "Krang Doung", "TOTPOP": 692 }, "geometry": { "type": "Point", "coordinates": [ 104.53615, 11.74451 ] } },
{ "type": "Feature", "properties": { "VILL_CODE": "04070403", "VILL_NAME": "Chanva Riel", "TOTPOP": 304 }, "geometry": { "type": "Point", "coordinates": [ 104.52659, 11.74459 ] } },
{ "type": "Feature", "properties": { "VILL_CODE": "04070404", "VILL_NAME": "Srae Andoung", "TOTPOP": 178 }, "geometry": { "type": "Point", "coordinates": [ 104.5146, 11.74147 ] } },
{ "type": "Feature", "properties": { "VILL_CODE": "04070405", "VILL_NAME": "Ta Kaev", "TOTPOP": 381 }, "geometry": { "type": "Point", "coordinates": [ 104.50375, 11.74396 ] } },
{ "type": "Feature", "properties": { "VILL_CODE": "04070406", "VILL_NAME": "Krang Beng", "TOTPOP": 994 }, "geometry": { "type": "Point", "coordinates": [ 104.55194, 11.75648 ] } },
{ "type": "Feature", "properties": { "VILL_CODE": "04070407", "VILL_NAME": "Svay Kambet", "TOTPOP": 567 }, "geometry": { "type": "Point", "coordinates": [ 104.55238, 11.76246 ] } },
{ "type": "Feature", "properties": { "VILL_CODE": "04070408", "VILL_NAME": "Chrab Kantuot", "TOTPOP": 505 }, "geometry": { "type": "Point", "coordinates": [ 104.53633, 11.78145 ] } },
{ "type": "Feature", "properties": { "VILL_CODE": "04070409", "VILL_NAME": "Krang Kantoul", "TOTPOP": 1072 }, "geometry": { "type": "Point", "coordinates": [ 104.52983, 11.7962 ] } },
{ "type": "Feature", "properties": { "VILL_CODE": "04070410", "VILL_NAME": "Chrak Sdach", "TOTPOP": 545 }, "geometry": { "type": "Point", "coordinates": [ 104.51371, 11.79845 ] } },
{ "type": "Feature", "properties": { "VILL_CODE": "04070411", "VILL_NAME": "Chrak Kov", "TOTPOP": 1543 }, "geometry": { "type": "Point", "coordinates": [ 104.51183, 11.80057 ] } },
{ "type": "Feature", "properties": { "VILL_CODE": "04070412", "VILL_NAME": "Serei Vong", "TOTPOP": 537 }, "geometry": { "type": "Point", "coordinates": [ 104.51132, 11.79062 ] } },
{ "type": "Feature", "properties": { "VILL_CODE": "04070501", "VILL_NAME": "Chamkar Svay", "TOTPOP": 1128 }, "geometry": { "type": "Point", "coordinates": [ 104.71218, 11.87391 ] } },
{ "type": "Feature", "properties": { "VILL_CODE": "04070502", "VILL_NAME": "Spean Pou", "TOTPOP": 930 }, "geometry": { "type": "Point", "coordinates": [ 104.70287, 11.89833 ] } },
{ "type": "Feature", "properties": { "VILL_CODE": "04070503", "VILL_NAME": "Thlok Ruessei", "TOTPOP": 745 }, "geometry": { "type": "Point", "coordinates": [ 104.69806, 11.89613 ] } },
{ "type": "Feature", "properties": { "VILL_CODE": "04070504", "VILL_NAME": "Boeng Leach", "TOTPOP": 756 }, "geometry": { "type": "Point", "coordinates": [ 104.67772, 11.89713 ] } },
{ "type": "Feature", "properties": { "VILL_CODE": "04070505", "VILL_NAME": "Khnach", "TOTPOP": 556 }, "geometry": { "type": "Point", "coordinates": [ 104.63203, 11.89668 ] } },
{ "type": "Feature", "properties": { "VILL_CODE": "04070506", "VILL_NAME": "Krang Siem", "TOTPOP": 611 }, "geometry": { "type": "Point", "coordinates": [ 104.65251, 11.90168 ] } },
{ "type": "Feature", "properties": { "VILL_CODE": "04070507", "VILL_NAME": "Angkrong", "TOTPOP": 426 }, "geometry": { "type": "Point", "coordinates": [ 104.67053, 11.88046 ] } },
{ "type": "Feature", "properties": { "VILL_CODE": "04070508", "VILL_NAME": "Voat Sedthei", "TOTPOP": 709 }, "geometry": { "type": "Point", "coordinates": [ 104.67197, 11.87229 ] } },
{ "type": "Feature", "properties": { "VILL_CODE": "04070509", "VILL_NAME": "Peareach", "TOTPOP": 890 }, "geometry": { "type": "Point", "coordinates": [ 104.65042, 11.87902 ] } },
{ "type": "Feature", "properties": { "VILL_CODE": "04070601", "VILL_NAME": "Trapeang Buon", "TOTPOP": 633 }, "geometry": { "type": "Point", "coordinates": [ 104.66271, 11.81489 ] } },
{ "type": "Feature", "properties": { "VILL_CODE": "04070602", "VILL_NAME": "Chamkar", "TOTPOP": 445 }, "geometry": { "type": "Point", "coordinates": [ 104.67032, 11.8178 ] } },
{ "type": "Feature", "properties": { "VILL_CODE": "04070603", "VILL_NAME": "Hangs Chhuk", "TOTPOP": 850 }, "geometry": { "type": "Point", "coordinates": [ 104.67844, 11.81676 ] } },
{ "type": "Feature", "properties": { "VILL_CODE": "04070604", "VILL_NAME": "Trapeang Thma", "TOTPOP": 374 }, "geometry": { "type": "Point", "coordinates": [ 104.68049, 11.81595 ] } },
{ "type": "Feature", "properties": { "VILL_CODE": "04070605", "VILL_NAME": "Tuol Pongro", "TOTPOP": 844 }, "geometry": { "type": "Point", "coordinates": [ 104.68683, 11.82098 ] } },
{ "type": "Feature", "properties": { "VILL_CODE": "04070606", "VILL_NAME": "Svay Pok", "TOTPOP": 606 }, "geometry": { "type": "Point", "coordinates": [ 104.6951, 11.81633 ] } },
{ "type": "Feature", "properties": { "VILL_CODE": "04070607", "VILL_NAME": "Kyang Tboung", "TOTPOP": 841 }, "geometry": { "type": "Point", "coordinates": [ 104.70652, 11.825 ] } },
{ "type": "Feature", "properties": { "VILL_CODE": "04070608", "VILL_NAME": "Khyang Cheung", "TOTPOP": 831 }, "geometry": { "type": "Point", "coordinates": [ 104.70646, 11.82617 ] } },
{ "type": "Feature", "properties": { "VILL_CODE": "04070609", "VILL_NAME": "Krasang Pul", "TOTPOP": 845 }, "geometry": { "type": "Point", "coordinates": [ 104.71122, 11.83225 ] } },
{ "type": "Feature", "properties": { "VILL_CODE": "04070610", "VILL_NAME": "Pou Ritthi Krai", "TOTPOP": 1026 }, "geometry": { "type": "Point", "coordinates": [ 104.71453, 11.83605 ] } },
{ "type": "Feature", "properties": { "VILL_CODE": "04070611", "VILL_NAME": "Thmei", "TOTPOP": 451 }, "geometry": { "type": "Point", "coordinates": [ 104.71021, 11.84711 ] } },
{ "type": "Feature", "properties": { "VILL_CODE": "04070612", "VILL_NAME": "Chonloat Dai", "TOTPOP": 1072 }, "geometry": { "type": "Point", "coordinates": [ 104.71975, 11.84926 ] } },
{ "type": "Feature", "properties": { "VILL_CODE": "04070613", "VILL_NAME": "Svay Ph'aem", "TOTPOP": 444 }, "geometry": { "type": "Point", "coordinates": [ 104.71192, 11.84503 ] } },
{ "type": "Feature", "properties": { "VILL_CODE": "04070701", "VILL_NAME": "Kngaok Pong", "TOTPOP": 325 }, "geometry": { "type": "Point", "coordinates": [ 104.61199, 11.81502 ] } },
{ "type": "Feature", "properties": { "VILL_CODE": "04070702", "VILL_NAME": "Trapeang Pring", "TOTPOP": 598 }, "geometry": { "type": "Point", "coordinates": [ 104.59955, 11.80459 ] } },
{ "type": "Feature", "properties": { "VILL_CODE": "04070703", "VILL_NAME": "Damnak Pring", "TOTPOP": 755 }, "geometry": { "type": "Point", "coordinates": [ 104.59507, 11.80269 ] } },
{ "type": "Feature", "properties": { "VILL_CODE": "04070704", "VILL_NAME": "Trapeang Mtes", "TOTPOP": 1499 }, "geometry": { "type": "Point", "coordinates": [ 104.59093, 11.79818 ] } },
{ "type": "Feature", "properties": { "VILL_CODE": "04070705", "VILL_NAME": "Tang Krang", "TOTPOP": 749 }, "geometry": { "type": "Point", "coordinates": [ 104.57981, 11.77971 ] } },
{ "type": "Feature", "properties": { "VILL_CODE": "04070706", "VILL_NAME": "Krang Srama", "TOTPOP": 1464 }, "geometry": { "type": "Point", "coordinates": [ 104.56832, 11.77631 ] } },
{ "type": "Feature", "properties": { "VILL_CODE": "04070707", "VILL_NAME": "Trapeang Tumloab", "TOTPOP": 656 }, "geometry": { "type": "Point", "coordinates": [ 104.56221, 11.77159 ] } },
{ "type": "Feature", "properties": { "VILL_CODE": "04070708", "VILL_NAME": "Prey Nheam", "TOTPOP": 529 }, "geometry": { "type": "Point", "coordinates": [ 104.54933, 11.7806 ] } },
{ "type": "Feature", "properties": { "VILL_CODE": "04070709", "VILL_NAME": "Tang Khley", "TOTPOP": 429 }, "geometry": { "type": "Point", "coordinates": [ 104.55465, 11.79914 ] } },
{ "type": "Feature", "properties": { "VILL_CODE": "04070710", "VILL_NAME": "Chrak Sangkae", "TOTPOP": 967 }, "geometry": { "type": "Point", "coordinates": [ 104.55367, 11.81425 ] } },
{ "type": "Feature", "properties": { "VILL_CODE": "04070801", "VILL_NAME": "Roleang", "TOTPOP": 1000 }, "geometry": { "type": "Point", "coordinates": [ 104.64996, 11.81918 ] } },
{ "type": "Feature", "properties": { "VILL_CODE": "04070802", "VILL_NAME": "Neang Mealea", "TOTPOP": 637 }, "geometry": { "type": "Point", "coordinates": [ 104.6356, 11.83153 ] } },
{ "type": "Feature", "properties": { "VILL_CODE": "04070803", "VILL_NAME": "Veal Ta King", "TOTPOP": 407 }, "geometry": { "type": "Point", "coordinates": [ 104.64034, 11.82193 ] } },
{ "type": "Feature", "properties": { "VILL_CODE": "04070804", "VILL_NAME": "Thmei Khmae", "TOTPOP": 989 }, "geometry": { "type": "Point", "coordinates": [ 104.62718, 11.81958 ] } },
{ "type": "Feature", "properties": { "VILL_CODE": "04070805", "VILL_NAME": "Tbaeng Khpos", "TOTPOP": 680 }, "geometry": { "type": "Point", "coordinates": [ 104.63933, 11.8186 ] } },
{ "type": "Feature", "properties": { "VILL_CODE": "04070806", "VILL_NAME": "Srae Mkak", "TOTPOP": 1209 }, "geometry": { "type": "Point", "coordinates": [ 104.6013, 11.89166 ] } },
{ "type": "Feature", "properties": { "VILL_CODE": "04070807", "VILL_NAME": "Meanok Lech", "TOTPOP": 1104 }, "geometry": { "type": "Point", "coordinates": [ 104.6055, 11.87758 ] } },
{ "type": "Feature", "properties": { "VILL_CODE": "04070808", "VILL_NAME": "Meanok Kaeut", "TOTPOP": 1256 }, "geometry": { "type": "Point", "coordinates": [ 104.62301, 11.87585 ] } },
{ "type": "Feature", "properties": { "VILL_CODE": "04070809", "VILL_NAME": "Ra", "TOTPOP": 963 }, "geometry": { "type": "Point", "coordinates": [ 104.64208, 11.81613 ] } },
{ "type": "Feature", "properties": { "VILL_CODE": "04070901", "VILL_NAME": "Thlok Vien", "TOTPOP": 1111 }, "geometry": { "type": "Point", "coordinates": [ 104.62173, 11.94732 ] } },
{ "type": "Feature", "properties": { "VILL_CODE": "04070902", "VILL_NAME": "Srae Krau", "TOTPOP": 314 }, "geometry": { "type": "Point", "coordinates": [ 104.62978, 11.95476 ] } },
{ "type": "Feature", "properties": { "VILL_CODE": "04070903", "VILL_NAME": "Tang Tbaeng", "TOTPOP": 422 }, "geometry": { "type": "Point", "coordinates": [ 104.63592, 11.95608 ] } },
{ "type": "Feature", "properties": { "VILL_CODE": "04070904", "VILL_NAME": "Chhuk", "TOTPOP": 518 }, "geometry": { "type": "Point", "coordinates": [ 104.64779, 11.9531 ] } },
{ "type": "Feature", "properties": { "VILL_CODE": "04070905", "VILL_NAME": "Spean Daek", "TOTPOP": 1336 }, "geometry": { "type": "Point", "coordinates": [ 104.65582, 11.95217 ] } },
{ "type": "Feature", "properties": { "VILL_CODE": "04070906", "VILL_NAME": "Toap Baoh", "TOTPOP": 1041 }, "geometry": { "type": "Point", "coordinates": [ 104.61166, 11.95842 ] } },
{ "type": "Feature", "properties": { "VILL_CODE": "04070907", "VILL_NAME": "Praklout", "TOTPOP": 614 }, "geometry": { "type": "Point", "coordinates": [ 104.61601, 11.9646 ] } },
{ "type": "Feature", "properties": { "VILL_CODE": "04080101", "VILL_NAME": "Srae Ta Chey", "TOTPOP": 3633 }, "geometry": { "type": "Point", "coordinates": [ 104.52602, 12.04864 ] } },
{ "type": "Feature", "properties": { "VILL_CODE": "04080102", "VILL_NAME": "Trapeang Reang", "TOTPOP": 1278 }, "geometry": { "type": "Point", "coordinates": [ 104.58408, 12.03075 ] } },
{ "type": "Feature", "properties": { "VILL_CODE": "04080103", "VILL_NAME": "Srae Prich", "TOTPOP": 1050 }, "geometry": { "type": "Point", "coordinates": [ 104.5823, 12.03966 ] } },
{ "type": "Feature", "properties": { "VILL_CODE": "04080104", "VILL_NAME": "Srae Khtum", "TOTPOP": 420 }, "geometry": { "type": "Point", "coordinates": [ 104.57894, 11.99991 ] } },
{ "type": "Feature", "properties": { "VILL_CODE": "04080105", "VILL_NAME": "Tuek Chum", "TOTPOP": 531 }, "geometry": { "type": "Point", "coordinates": [ 104.56714, 11.99803 ] } },
{ "type": "Feature", "properties": { "VILL_CODE": "04080106", "VILL_NAME": "Ropeak", "TOTPOP": 391 }, "geometry": { "type": "Point", "coordinates": [ 104.56609, 12.00752 ] } },
{ "type": "Feature", "properties": { "VILL_CODE": "04080107", "VILL_NAME": "Damreb", "TOTPOP": 473 }, "geometry": { "type": "Point", "coordinates": [ 104.5484, 12.04311 ] } },
{ "type": "Feature", "properties": { "VILL_CODE": "04080108", "VILL_NAME": "Trapeang Pring", "TOTPOP": 728 }, "geometry": { "type": "Point", "coordinates": [ 104.55833, 12.00871 ] } },
{ "type": "Feature", "properties": { "VILL_CODE": "04080109", "VILL_NAME": "Baek Chak", "TOTPOP": 199 }, "geometry": { "type": "Point", "coordinates": [ 104.57648, 12.02159 ] } },
{ "type": "Feature", "properties": { "VILL_CODE": "04080201", "VILL_NAME": "Chi Prang", "TOTPOP": 740 }, "geometry": { "type": "Point", "coordinates": [ 104.44745, 12.01916 ] } },
{ "type": "Feature", "properties": { "VILL_CODE": "04080202", "VILL_NAME": "Tumnob Thmei", "TOTPOP": 951 }, "geometry": { "type": "Point", "coordinates": [ 104.41416, 12.03384 ] } },
{ "type": "Feature", "properties": { "VILL_CODE": "04080203", "VILL_NAME": "Boeng Steng", "TOTPOP": 379 }, "geometry": { "type": "Point", "coordinates": [ 104.44438, 12.0326 ] } },
{ "type": "Feature", "properties": { "VILL_CODE": "04080204", "VILL_NAME": "Prey Tang Thnong", "TOTPOP": 318 }, "geometry": { "type": "Point", "coordinates": [ 104.43353, 12.03257 ] } },
{ "type": "Feature", "properties": { "VILL_CODE": "04080205", "VILL_NAME": "Kaoh Kandal", "TOTPOP": 404 }, "geometry": { "type": "Point", "coordinates": [ 104.42256, 12.02969 ] } },
{ "type": "Feature", "properties": { "VILL_CODE": "04080206", "VILL_NAME": "Chhak Kandaol", "TOTPOP": 591 }, "geometry": { "type": "Point", "coordinates": [ 104.42176, 12.00231 ] } },
{ "type": "Feature", "properties": { "VILL_CODE": "04080207", "VILL_NAME": "Kouk Penh", "TOTPOP": 481 }, "geometry": { "type": "Point", "coordinates": [ 104.41467, 11.99776 ] } },
{ "type": "Feature", "properties": { "VILL_CODE": "04080208", "VILL_NAME": "Toap Ta Lat", "TOTPOP": 619 }, "geometry": { "type": "Point", "coordinates": [ 104.42986, 12.00558 ] } },
{ "type": "Feature", "properties": { "VILL_CODE": "04080209", "VILL_NAME": "Sae Robang", "TOTPOP": 470 }, "geometry": { "type": "Point", "coordinates": [ 104.41606, 12.0338 ] } },
{ "type": "Feature", "properties": { "VILL_CODE": "04080210", "VILL_NAME": "Ta Nay", "TOTPOP": 663 }, "geometry": { "type": "Point", "coordinates": [ 104.44983, 12.03191 ] } },
{ "type": "Feature", "properties": { "VILL_CODE": "04080211", "VILL_NAME": "Kaoh Khtoum", "TOTPOP": 1090 }, "geometry": { "type": "Point", "coordinates": [ 104.38251, 12.05279 ] } },
{ "type": "Feature", "properties": { "VILL_CODE": "04080301", "VILL_NAME": "Chaong Maong", "TOTPOP": 1322 }, "geometry": { "type": "Point", "coordinates": [ 104.5466, 11.99814 ] } },
{ "type": "Feature", "properties": { "VILL_CODE": "04080302", "VILL_NAME": "Doun Mau", "TOTPOP": 673 }, "geometry": { "type": "Point", "coordinates": [ 104.51725, 12.01426 ] } },
{ "type": "Feature", "properties": { "VILL_CODE": "04080303", "VILL_NAME": "Khsaet", "TOTPOP": 584 }, "geometry": { "type": "Point", "coordinates": [ 104.51959, 12.00489 ] } },
{ "type": "Feature", "properties": { "VILL_CODE": "04080304", "VILL_NAME": "Thmei", "TOTPOP": 610 }, "geometry": { "type": "Point", "coordinates": [ 104.52815, 11.99787 ] } },
{ "type": "Feature", "properties": { "VILL_CODE": "04080305", "VILL_NAME": "Peareang", "TOTPOP": 675 }, "geometry": { "type": "Point", "coordinates": [ 104.53568, 12.01001 ] } },
{ "type": "Feature", "properties": { "VILL_CODE": "04080306", "VILL_NAME": "Svay Chek", "TOTPOP": 659 }, "geometry": { "type": "Point", "coordinates": [ 104.51155, 12.02579 ] } },
{ "type": "Feature", "properties": { "VILL_CODE": "04080307", "VILL_NAME": "Akleangkae", "TOTPOP": 928 }, "geometry": { "type": "Point", "coordinates": [ 104.52593, 12.02528 ] } },
{ "type": "Feature", "properties": { "VILL_CODE": "04080308", "VILL_NAME": "Trapeang Chum", "TOTPOP": 632 }, "geometry": { "type": "Point", "coordinates": [ 104.53132, 12.02618 ] } },
{ "type": "Feature", "properties": { "VILL_CODE": "04080401", "VILL_NAME": "Krasang Doh Laeung", "TOTPOP": 931 }, "geometry": { "type": "Point", "coordinates": [ 104.32684, 11.94243 ] } },
{ "type": "Feature", "properties": { "VILL_CODE": "04080402", "VILL_NAME": "Doung Sla", "TOTPOP": 191 }, "geometry": { "type": "Point", "coordinates": [ 104.30337, 11.96117 ] } },
{ "type": "Feature", "properties": { "VILL_CODE": "04080403", "VILL_NAME": "Tang Khsach", "TOTPOP": 203 }, "geometry": { "type": "Point", "coordinates": [ 104.31839, 11.96588 ] } },
{ "type": "Feature", "properties": { "VILL_CODE": "04080404", "VILL_NAME": "Tang Sya", "TOTPOP": 462 }, "geometry": { "type": "Point", "coordinates": [ 104.34226, 11.96161 ] } },
{ "type": "Feature", "properties": { "VILL_CODE": "04080405", "VILL_NAME": "Ngoy", "TOTPOP": 142 }, "geometry": { "type": "Point", "coordinates": [ 104.32513, 11.97019 ] } },
{ "type": "Feature", "properties": { "VILL_CODE": "04080406", "VILL_NAME": "Chipuk", "TOTPOP": 374 }, "geometry": { "type": "Point", "coordinates": [ 104.33426, 11.96472 ] } },
{ "type": "Feature", "properties": { "VILL_CODE": "04080407", "VILL_NAME": "Moung", "TOTPOP": 295 }, "geometry": { "type": "Point", "coordinates": [ 104.3175, 11.98248 ] } },
{ "type": "Feature", "properties": { "VILL_CODE": "04080408", "VILL_NAME": "Thnal Keang", "TOTPOP": 901 }, "geometry": { "type": "Point", "coordinates": [ 104.31722, 11.88871 ] } },
{ "type": "Feature", "properties": { "VILL_CODE": "04080409", "VILL_NAME": "Prey Chrov", "TOTPOP": 1060 }, "geometry": { "type": "Point", "coordinates": [ 104.32713, 11.83375 ] } },
{ "type": "Feature", "properties": { "VILL_CODE": "04080410", "VILL_NAME": "Khvit Toul Khleang", "TOTPOP": 299 }, "geometry": { "type": "Point", "coordinates": [ 104.29828, 11.89705 ] } },
{ "type": "Feature", "properties": { "VILL_CODE": "04080501", "VILL_NAME": "Trapeang Krabau", "TOTPOP": 1090 }, "geometry": { "type": "Point", "coordinates": [ 104.475, 12.03953 ] } },
{ "type": "Feature", "properties": { "VILL_CODE": "04080502", "VILL_NAME": "Yout", "TOTPOP": 453 }, "geometry": { "type": "Point", "coordinates": [ 104.46979, 12.01075 ] } },
{ "type": "Feature", "properties": { "VILL_CODE": "04080503", "VILL_NAME": "Khlong Popok", "TOTPOP": 635 }, "geometry": { "type": "Point", "coordinates": [ 104.47805, 12.03499 ] } },
{ "type": "Feature", "properties": { "VILL_CODE": "04080504", "VILL_NAME": "Ta Kab", "TOTPOP": 509 }, "geometry": { "type": "Point", "coordinates": [ 104.45589, 12.02704 ] } },
{ "type": "Feature", "properties": { "VILL_CODE": "04080505", "VILL_NAME": "Kraoy Voat", "TOTPOP": 1066 }, "geometry": { "type": "Point", "coordinates": [ 104.46871, 12.03803 ] } },
{ "type": "Feature", "properties": { "VILL_CODE": "04080506", "VILL_NAME": "Trapeang Chrey", "TOTPOP": 1002 }, "geometry": { "type": "Point", "coordinates": [ 104.48182, 12.03667 ] } },
{ "type": "Feature", "properties": { "VILL_CODE": "04080507", "VILL_NAME": "Boeng Steng", "TOTPOP": 704 }, "geometry": { "type": "Point", "coordinates": [ 104.4531, 12.03636 ] } },
{ "type": "Feature", "properties": { "VILL_CODE": "04080601", "VILL_NAME": "Krang Skear", "TOTPOP": 1081 }, "geometry": { "type": "Point", "coordinates": [ 104.43377, 12.20899 ] } },
{ "type": "Feature", "properties": { "VILL_CODE": "04080602", "VILL_NAME": "Tuol Samraong", "TOTPOP": 824 }, "geometry": { "type": "Point", "coordinates": [ 104.46135, 12.2272 ] } },
{ "type": "Feature", "properties": { "VILL_CODE": "04080603", "VILL_NAME": "Phnum Ta Sam", "TOTPOP": 1355 }, "geometry": { "type": "Point", "coordinates": [ 104.44228, 12.16459 ] } },
{ "type": "Feature", "properties": { "VILL_CODE": "04080604", "VILL_NAME": "Chan Trak", "TOTPOP": 901 }, "geometry": { "type": "Point", "coordinates": [ 104.46792, 12.21105 ] } },
{ "type": "Feature", "properties": { "VILL_CODE": "04080605", "VILL_NAME": "Trapeang Mlu", "TOTPOP": 752 }, "geometry": { "type": "Point", "coordinates": [ 104.46031, 12.22165 ] } },
{ "type": "Feature", "properties": { "VILL_CODE": "04080606", "VILL_NAME": "Kdol", "TOTPOP": 413 }, "geometry": { "type": "Point", "coordinates": [ 104.38633, 12.22185 ] } },
{ "type": "Feature", "properties": { "VILL_CODE": "04080607", "VILL_NAME": "Ra", "TOTPOP": 809 }, "geometry": { "type": "Point", "coordinates": [ 104.43225, 12.19013 ] } },
{ "type": "Feature", "properties": { "VILL_CODE": "04080608", "VILL_NAME": "Damnak Ampil", "TOTPOP": 713 }, "geometry": { "type": "Point", "coordinates": [ 104.26929, 12.23999 ] } },
{ "type": "Feature", "properties": { "VILL_CODE": "04080609", "VILL_NAME": "Ta Phoan", "TOTPOP": 856 }, "geometry": { "type": "Point", "coordinates": [ 104.23369, 12.28832 ] } },
{ "type": "Feature", "properties": { "VILL_CODE": "04080610", "VILL_NAME": "Ou Lpoa", "TOTPOP": 522 }, "geometry": { "type": "Point", "coordinates": [ 104.26734, 12.24584 ] } },
{ "type": "Feature", "properties": { "VILL_CODE": "04080611", "VILL_NAME": "So K'ang", "TOTPOP": 355 }, "geometry": { "type": "Point", "coordinates": [ 104.31162, 12.28159 ] } },
{ "type": "Feature", "properties": { "VILL_CODE": "04080612", "VILL_NAME": "Anhchanh", "TOTPOP": 374 }, "geometry": { "type": "Point", "coordinates": [ 104.2898, 12.26458 ] } },
{ "type": "Feature", "properties": { "VILL_CODE": "04080613", "VILL_NAME": "Kheang", "TOTPOP": 411 }, "geometry": { "type": "Point", "coordinates": [ 104.32942, 12.20935 ] } },
{ "type": "Feature", "properties": { "VILL_CODE": "04080614", "VILL_NAME": "Damnak Klong", "TOTPOP": 1100 }, "geometry": { "type": "Point", "coordinates": [ 104.21258, 12.27497 ] } },
{ "type": "Feature", "properties": { "VILL_CODE": "04080615", "VILL_NAME": "Krang Skear Tboung", "TOTPOP": 1135 }, "geometry": { "type": "Point", "coordinates": [ 104.41575, 12.16436 ] } },
{ "type": "Feature", "properties": { "VILL_CODE": "04080616", "VILL_NAME": "Chambak Prasat", "TOTPOP": 1404 }, "geometry": { "type": "Point", "coordinates": [ 104.41408, 12.22417 ] } },
{ "type": "Feature", "properties": { "VILL_CODE": "04080701", "VILL_NAME": "Chambak Kantreanh", "TOTPOP": 803 }, "geometry": { "type": "Point", "coordinates": [ 104.60288, 12.11263 ] } },
{ "type": "Feature", "properties": { "VILL_CODE": "04080702", "VILL_NAME": "Tbaeng Khpos", "TOTPOP": 1016 }, "geometry": { "type": "Point", "coordinates": [ 104.60493, 12.09867 ] } },
{ "type": "Feature", "properties": { "VILL_CODE": "04080703", "VILL_NAME": "Chas", "TOTPOP": 558 }, "geometry": { "type": "Point", "coordinates": [ 104.58752, 12.11118 ] } },
{ "type": "Feature", "properties": { "VILL_CODE": "04080704", "VILL_NAME": "Kouk Nang", "TOTPOP": 434 }, "geometry": { "type": "Point", "coordinates": [ 104.58363, 12.09902 ] } },
{ "type": "Feature", "properties": { "VILL_CODE": "04080705", "VILL_NAME": "Krang Ta Mom", "TOTPOP": 951 }, "geometry": { "type": "Point", "coordinates": [ 104.56928, 12.12506 ] } },
{ "type": "Feature", "properties": { "VILL_CODE": "04080706", "VILL_NAME": "Srae Uk", "TOTPOP": 767 }, "geometry": { "type": "Point", "coordinates": [ 104.58346, 12.06663 ] } },
{ "type": "Feature", "properties": { "VILL_CODE": "04080707", "VILL_NAME": "Romeas", "TOTPOP": 1067 }, "geometry": { "type": "Point", "coordinates": [ 104.52108, 12.06097 ] } },
{ "type": "Feature", "properties": { "VILL_CODE": "04080708", "VILL_NAME": "Kouk Puoch", "TOTPOP": 477 }, "geometry": { "type": "Point", "coordinates": [ 104.58401, 12.10202 ] } },
{ "type": "Feature", "properties": { "VILL_CODE": "04080709", "VILL_NAME": "Veal Sbov", "TOTPOP": 815 }, "geometry": { "type": "Point", "coordinates": [ 104.46916, 12.13239 ] } },
{ "type": "Feature", "properties": { "VILL_CODE": "04080710", "VILL_NAME": "Thmei", "TOTPOP": 455 }, "geometry": { "type": "Point", "coordinates": [ 104.59114, 12.08793 ] } },
{ "type": "Feature", "properties": { "VILL_CODE": "04080711", "VILL_NAME": "Tang Krasang", "TOTPOP": 293 }, "geometry": { "type": "Point", "coordinates": [ 104.58335, 12.11563 ] } },
{ "type": "Feature", "properties": { "VILL_CODE": "04080712", "VILL_NAME": "Krang Ma", "TOTPOP": 444 }, "geometry": { "type": "Point", "coordinates": [ 104.5704, 12.11218 ] } },
{ "type": "Feature", "properties": { "VILL_CODE": "04080801", "VILL_NAME": "Roka Tong", "TOTPOP": 833 }, "geometry": { "type": "Point", "coordinates": [ 104.40294, 11.99302 ] } },
{ "type": "Feature", "properties": { "VILL_CODE": "04080802", "VILL_NAME": "La", "TOTPOP": 716 }, "geometry": { "type": "Point", "coordinates": [ 104.40012, 11.98808 ] } },
{ "type": "Feature", "properties": { "VILL_CODE": "04080803", "VILL_NAME": "Voat", "TOTPOP": 274 }, "geometry": { "type": "Point", "coordinates": [ 104.36162, 11.97739 ] } },
{ "type": "Feature", "properties": { "VILL_CODE": "04080804", "VILL_NAME": "Trapeang Smach", "TOTPOP": 414 }, "geometry": { "type": "Point", "coordinates": [ 104.37889, 11.98534 ] } },
{ "type": "Feature", "properties": { "VILL_CODE": "04080805", "VILL_NAME": "Srae Chan", "TOTPOP": 714 }, "geometry": { "type": "Point", "coordinates": [ 104.37395, 11.98246 ] } },
{ "type": "Feature", "properties": { "VILL_CODE": "04080806", "VILL_NAME": "Slaeng", "TOTPOP": 463 }, "geometry": { "type": "Point", "coordinates": [ 104.35648, 11.97718 ] } },
{ "type": "Feature", "properties": { "VILL_CODE": "04080807", "VILL_NAME": "Rolung", "TOTPOP": 569 }, "geometry": { "type": "Point", "coordinates": [ 104.38553, 11.94204 ] } }
]
}
